-- MySQL dump 10.13  Distrib 8.4.3, for Win64 (x86_64)
--
-- Host: Hostinger MySQL    Database: u317918921_bcenter
-- ------------------------------------------------------
-- Server version	8.4.3

/*!40101 SET @OLD_CHARACTER_SET_CLIENT=@@CHARACTER_SET_CLIENT */;
/*!40101 SET @OLD_CHARACTER_SET_RESULTS=@@CHARACTER_SET_RESULTS */;
/*!40101 SET @OLD_COLLATION_CONNECTION=@@COLLATION_CONNECTION */;
/*!50503 SET NAMES utf8mb4 */;
/*!40103 SET @OLD_TIME_ZONE=@@TIME_ZONE */;
/*!40103 SET TIME_ZONE='+00:00' */;
/*!40014 SET @OLD_UNIQUE_CHECKS=@@UNIQUE_CHECKS, UNIQUE_CHECKS=0 */;
/*!40014 SET @OLD_FOREIGN_KEY_CHECKS=@@FOREIGN_KEY_CHECKS, FOREIGN_KEY_CHECKS=0 */;
/*!40101 SET @OLD_SQL_MODE=@@SQL_MODE, SQL_MODE='NO_AUTO_VALUE_ON_ZERO' */;
/*!40111 SET @OLD_SQL_NOTES=@@SQL_NOTES, SQL_NOTES=0 */;

--
-- Current Database: `u317918921_bcenter`
--

CREATE DATABASE /*!32312 IF NOT EXISTS*/ `u317918921_bcenter` /*!40100 DEFAULT CHARACTER SET utf8mb4 COLLATE utf8mb4_unicode_ci */ /*!80016 DEFAULT ENCRYPTION='N' */;

USE `u317918921_bcenter`;

--
-- Table structure for table `approval_requests`
--

DROP TABLE IF EXISTS `approval_requests`;
/*!40101 SET @saved_cs_client     = @@character_set_client */;
/*!50503 SET character_set_client = utf8mb4 */;
CREATE TABLE `approval_requests` (
  `id` int NOT NULL AUTO_INCREMENT,
  `requester_id` int NOT NULL,
  `module` varchar(80) NOT NULL,
  `action_type` varchar(80) NOT NULL,
  `entity_type` varchar(80) DEFAULT NULL,
  `entity_id` varchar(80) DEFAULT NULL,
  `old_value` json DEFAULT NULL,
  `new_value` json DEFAULT NULL,
  `status` enum('pending','approved','rejected','needs_revision','cancelled') NOT NULL DEFAULT 'pending',
  `admin_decision` varchar(20) DEFAULT NULL,
  `admin_remarks` text,
  `decision_date` datetime DEFAULT NULL,
  `decided_by_id` int DEFAULT NULL,
  `created_at` datetime NOT NULL DEFAULT CURRENT_TIMESTAMP,
  `updated_at` datetime NOT NULL DEFAULT CURRENT_TIMESTAMP ON UPDATE CURRENT_TIMESTAMP,
  PRIMARY KEY (`id`),
  KEY `idx_approval_status` (`status`),
  KEY `idx_approval_requester_status` (`requester_id`,`status`),
  KEY `idx_approval_module_type` (`module`,`action_type`),
  KEY `idx_approval_created_at` (`created_at`),
  KEY `fk_approval_decider` (`decided_by_id`),
  CONSTRAINT `fk_approval_decider` FOREIGN KEY (`decided_by_id`) REFERENCES `users` (`id`) ON DELETE SET NULL,
  CONSTRAINT `fk_approval_requester` FOREIGN KEY (`requester_id`) REFERENCES `users` (`id`) ON DELETE CASCADE
) ENGINE=InnoDB AUTO_INCREMENT=8 DEFAULT CHARSET=utf8mb4 COLLATE=utf8mb4_0900_ai_ci;
/*!40101 SET character_set_client = @saved_cs_client */;

--
-- Dumping data for table `approval_requests`
--

LOCK TABLES `approval_requests` WRITE;
/*!40000 ALTER TABLE `approval_requests` DISABLE KEYS */;
INSERT INTO `approval_requests` VALUES (1,2,'inventory','seed_adjust_stock','product','SEED-ID-LACE',NULL,'{\"stock_qty\": 30}','pending',NULL,NULL,NULL,NULL,'2026-05-11 04:36:55','2026-05-13 04:36:55'),(2,2,'cashflow','seed_add_manual_cash_transaction','cash_transaction','SEED-CASH-MAN-001',NULL,'{\"amount\": 2400, \"direction\": \"out\"}','approved','approved','Approved for supplies reimbursement.','2026-05-12 04:36:55',1,'2026-05-10 04:36:55','2026-05-12 04:36:55'),(3,2,'sales','seed_void_pos_sale','sale','SEED-OR-VOID-001','{\"status\": \"posted\"}','{\"status\": \"void_requested\"}','rejected','rejected','OR number already remitted.','2026-05-11 04:36:55',1,'2026-05-09 04:36:55','2026-05-11 04:36:55'),(4,2,'rental','seed_add_rental_payment','project_entry','SEED-RENT-PAY-001',NULL,'{\"amount\": 3500}','needs_revision','needs_revision','Attach signed receipt copy.','2026-05-10 04:36:55',1,'2026-05-08 04:36:55','2026-05-10 04:36:55'),(5,2,'fishpond','seed_add_fishpond_expense','project_entry','SEED-FP-EXP-001',NULL,'{\"amount\": 5200}','pending',NULL,NULL,NULL,NULL,'2026-05-07 04:36:55','2026-05-09 04:36:55'),(6,2,'users','seed_suspend_user','user','SEED-USER-001','{\"status\": \"approved\"}','{\"status\": \"suspended\"}','pending',NULL,NULL,NULL,NULL,'2026-05-06 04:36:55','2026-05-08 04:36:55'),(7,1,'sales','void_pos_sale','sale','316,317,318,319','{\"sales\": [{\"id\": 316, \"quantity\": 1, \"or_number\": \"0000-0005\", \"sale_date\": \"2026-05-14 04:28:25\", \"product_name\": \"A4 Bond Paper Ream\", \"total_amount\": \"240.00\"}, {\"id\": 317, \"quantity\": 1, \"or_number\": \"0000-0005\", \"sale_date\": \"2026-05-14 04:28:25\", \"product_name\": \"A4 Spiral Notebook\", \"total_amount\": \"42.00\"}, {\"id\": 318, \"quantity\": 1, \"or_number\": \"0000-0005\", \"sale_date\": \"2026-05-14 04:28:25\", \"product_name\": \"Alcohol bottle\", \"total_amount\": \"65.00\"}, {\"id\": 319, \"quantity\": 1, \"or_number\": \"0000-0005\", \"sale_date\": \"2026-05-14 04:28:25\", \"product_name\": \"Barcode Label Roll\", \"total_amount\": \"160.00\"}]}','{\"reason\": \"Void requested from POS receipt\"}','rejected','rejected','','2026-05-14 21:10:29',1,'2026-05-14 12:28:54','2026-05-14 21:10:29');
/*!40000 ALTER TABLE `approval_requests` ENABLE KEYS */;
UNLOCK TABLES;

--
-- Table structure for table `archived_records`
--

DROP TABLE IF EXISTS `archived_records`;
/*!40101 SET @saved_cs_client     = @@character_set_client */;
/*!50503 SET character_set_client = utf8mb4 */;
CREATE TABLE `archived_records` (
  `id` bigint NOT NULL AUTO_INCREMENT,
  `source_table` varchar(80) NOT NULL,
  `source_id` varchar(80) NOT NULL,
  `record_data` json DEFAULT NULL,
  `archived_by` int DEFAULT NULL,
  `archived_at` datetime NOT NULL DEFAULT CURRENT_TIMESTAMP,
  PRIMARY KEY (`id`),
  KEY `idx_archive_source` (`source_table`,`source_id`),
  KEY `fk_archive_user` (`archived_by`),
  CONSTRAINT `fk_archive_user` FOREIGN KEY (`archived_by`) REFERENCES `users` (`id`) ON DELETE SET NULL
) ENGINE=InnoDB AUTO_INCREMENT=4 DEFAULT CHARSET=utf8mb4 COLLATE=utf8mb4_0900_ai_ci;
/*!40101 SET character_set_client = @saved_cs_client */;

--
-- Dumping data for table `archived_records`
--

LOCK TABLES `archived_records` WRITE;
/*!40000 ALTER TABLE `archived_records` DISABLE KEYS */;
INSERT INTO `archived_records` VALUES (1,'sales','SEED-ARCH-001','{\"summary\": \"Seed sample: archived record snapshot\"}',1,'2026-05-12 04:36:55'),(2,'cash_transactions','SEED-ARCH-002','{\"summary\": \"Seed sample: archived record snapshot\"}',1,'2026-05-11 04:36:55'),(3,'project_entries','SEED-ARCH-003','{\"summary\": \"Seed sample: archived record snapshot\"}',1,'2026-05-10 04:36:55');
/*!40000 ALTER TABLE `archived_records` ENABLE KEYS */;
UNLOCK TABLES;

--
-- Table structure for table `audit_logs`
--

DROP TABLE IF EXISTS `audit_logs`;
/*!40101 SET @saved_cs_client     = @@character_set_client */;
/*!50503 SET character_set_client = utf8mb4 */;
CREATE TABLE `audit_logs` (
  `id` bigint NOT NULL AUTO_INCREMENT,
  `user_id` int DEFAULT NULL,
  `action` varchar(80) NOT NULL,
  `module` varchar(80) NOT NULL,
  `entity_type` varchar(80) DEFAULT NULL,
  `entity_id` varchar(80) DEFAULT NULL,
  `details` text,
  `ip_address` varchar(45) DEFAULT NULL,
  `created_at` datetime NOT NULL DEFAULT CURRENT_TIMESTAMP,
  PRIMARY KEY (`id`),
  KEY `idx_audit_created_at` (`created_at`),
  KEY `idx_audit_user_module` (`user_id`,`module`,`created_at`),
  CONSTRAINT `fk_audit_user` FOREIGN KEY (`user_id`) REFERENCES `users` (`id`) ON DELETE SET NULL
) ENGINE=InnoDB AUTO_INCREMENT=80 DEFAULT CHARSET=utf8mb4 COLLATE=utf8mb4_0900_ai_ci;
/*!40101 SET character_set_client = @saved_cs_client */;

--
-- Dumping data for table `audit_logs`
--

LOCK TABLES `audit_logs` WRITE;
/*!40000 ALTER TABLE `audit_logs` DISABLE KEYS */;
INSERT INTO `audit_logs` VALUES (1,1,'login_success','auth','user','admin','{\"ip_address\":\"::1\"}','::1','2026-05-13 23:12:09'),(2,1,'login_success','auth','user','admin','{\"ip_address\":\"::1\"}','::1','2026-05-13 23:24:51'),(3,1,'login_success','auth','user','admin','{\"ip_address\":\"::1\"}','::1','2026-05-13 23:36:14'),(4,1,'login_success','auth','user','admin','{\"ip_address\":\"::1\"}','::1','2026-05-13 23:39:20'),(5,1,'login_success','auth','user','admin','{\"ip_address\":\"::1\"}','::1','2026-05-13 23:41:41'),(6,1,'login_success','auth','user','admin','{\"ip_address\":\"::1\"}','::1','2026-05-13 23:49:15'),(7,1,'login_success','auth','user','admin','{\"ip_address\":\"::1\"}','::1','2026-05-14 00:26:20'),(8,1,'login','auth','user','1','{\"summary\":\"Seed sample: Admin logged in.\"}','10.90.0.10','2026-05-06 04:36:55'),(9,2,'create_record','sales','sale','SEED-OR','{\"summary\":\"Seed sample: Created POS sale.\"}','10.90.0.11','2026-05-07 04:36:55'),(10,1,'generate_report','reports','report','SEED-RPT-001','{\"summary\":\"Seed sample: Generated monthly sales report.\"}','10.90.0.12','2026-05-08 04:36:55'),(11,2,'print_report','reports','report','SEED-RPT-001','{\"summary\":\"Seed sample: Printed official report template.\"}','10.90.0.13','2026-05-09 04:36:55'),(12,1,'update_record','inventory','product','SEED-A4-REAM','{\"summary\":\"Seed sample: Updated reorder threshold.\"}','10.90.0.14','2026-05-10 04:36:55'),(13,2,'approve_request','approvals','approval','SEED-APR-002','{\"summary\":\"Seed sample: Approved stock update request.\"}','10.90.0.15','2026-05-11 04:36:55'),(14,1,'create_backup','backup','backup','SEED-BACKUP-001','{\"summary\":\"Seed sample: Created database backup.\"}','10.90.0.16','2026-05-12 04:36:55'),(15,2,'download_backup','backup','backup','SEED-BACKUP-001','{\"summary\":\"Seed sample: Downloaded database backup.\"}','10.90.0.17','2026-05-13 04:36:55'),(16,1,'login_success','auth','user','admin','{\"ip_address\":\"::1\"}','::1','2026-05-14 04:58:13'),(17,1,'view_security_logs','security','audit',NULL,'{\"q\":\"\"}','::1','2026-05-14 05:03:10'),(18,1,'login_success','auth','user','admin','{\"ip_address\":\"::1\"}','::1','2026-05-14 05:39:27'),(19,1,'view_report','reports','daily',NULL,'{\"reference_date\":\"2026-05-13\",\"start\":\"2026-05-13 00:00:00\",\"end\":\"2026-05-13 23:59:59\"}','::1','2026-05-14 05:44:28'),(20,1,'view_report','reports','daily',NULL,'{\"reference_date\":\"2026-05-13\",\"start\":\"2026-05-13 00:00:00\",\"end\":\"2026-05-13 23:59:59\"}','::1','2026-05-14 05:44:33'),(21,1,'view_report','reports','daily',NULL,'{\"reference_date\":\"2026-05-13\",\"start\":\"2026-05-13 00:00:00\",\"end\":\"2026-05-13 23:59:59\"}','::1','2026-05-14 05:44:37'),(22,1,'view_report','reports','daily',NULL,'{\"reference_date\":\"2026-05-13\",\"start\":\"2026-05-13 00:00:00\",\"end\":\"2026-05-13 23:59:59\"}','::1','2026-05-14 05:44:40'),(23,1,'view_report','reports','weekly',NULL,'{\"reference_date\":\"2025-05-13\",\"start\":\"2025-05-12 00:00:00\",\"end\":\"2025-05-18 23:59:59\"}','::1','2026-05-14 05:45:07'),(24,1,'login_success','auth','user','admin','{\"ip_address\":\"::1\"}','::1','2026-05-14 09:37:14'),(25,1,'login_success','auth','user','admin','{\"ip_address\":\"::1\"}','::1','2026-05-14 10:02:54'),(26,1,'view_report','reports','daily',NULL,'{\"reference_date\":\"2026-05-14\",\"start\":\"2026-05-14 00:00:00\",\"end\":\"2026-05-14 23:59:59\"}','::1','2026-05-14 10:03:59'),(27,1,'view_report','reports','daily',NULL,'{\"reference_date\":\"2026-05-14\",\"start\":\"2026-05-14 00:00:00\",\"end\":\"2026-05-14 23:59:59\"}','::1','2026-05-14 10:04:12'),(28,1,'login_success','auth','user','admin','{\"ip_address\":\"::1\"}','::1','2026-05-14 10:55:57'),(29,1,'login_success','auth','user','admin','{\"ip_address\":\"::1\"}','::1','2026-05-14 11:58:27'),(30,1,'batch_sale','sales','sale','316,317,318,319','{\"item_count\":4,\"total_revenue\":507,\"total_profit\":170,\"logbook_id\":0}','::1','2026-05-14 12:28:25'),(31,1,'approval_request_created','sales','sale','316,317,318,319','{\"action_type\":\"void_pos_sale\",\"approval_id\":7}','::1','2026-05-14 12:28:54'),(32,1,'login_success','auth','user','admin','{\"ip_address\":\"::1\"}','::1','2026-05-14 14:26:23'),(33,1,'login_success','auth','user','admin','{\"ip_address\":\"::1\"}','::1','2026-05-14 14:37:23'),(34,1,'batch_sale','sales','sale','320,321','{\"item_count\":2,\"total_revenue\":172,\"total_profit\":69.5,\"logbook_id\":0}','::1','2026-05-14 14:52:22'),(35,1,'batch_sale','sales','sale','322','{\"item_count\":1,\"total_revenue\":160,\"total_profit\":65,\"logbook_id\":0}','::1','2026-05-14 15:09:53'),(36,1,'batch_sale','sales','sale','323','{\"item_count\":1,\"total_revenue\":9,\"total_profit\":4.5,\"logbook_id\":0}','::1','2026-05-14 15:10:39'),(37,1,'view_report','reports','daily',NULL,'{\"reference_date\":\"2026-05-14\",\"start\":\"2026-05-14 00:00:00\",\"end\":\"2026-05-14 23:59:59\"}','::1','2026-05-14 15:16:47'),(38,1,'view_security_logs','security','audit',NULL,'{\"q\":\"\"}','::1','2026-05-14 15:26:46'),(39,1,'view_report','reports','daily',NULL,'{\"reference_date\":\"2026-05-14\",\"start\":\"2026-05-14 00:00:00\",\"end\":\"2026-05-14 23:59:59\"}','::1','2026-05-14 15:41:34'),(40,1,'view_report','reports','daily',NULL,'{\"reference_date\":\"2026-05-14\",\"start\":\"2026-05-14 00:00:00\",\"end\":\"2026-05-14 23:59:59\"}','::1','2026-05-14 16:02:13'),(41,1,'view_report','reports','daily',NULL,'{\"reference_date\":\"2026-05-14\",\"start\":\"2026-05-14 00:00:00\",\"end\":\"2026-05-14 23:59:59\"}','::1','2026-05-14 16:12:29'),(42,1,'view_report','reports','daily',NULL,'{\"reference_date\":\"2026-05-14\",\"start\":\"2026-05-14 00:00:00\",\"end\":\"2026-05-14 23:59:59\"}','::1','2026-05-14 16:12:42'),(43,1,'view_report','reports','daily',NULL,'{\"reference_date\":\"2026-05-14\",\"start\":\"2026-05-14 00:00:00\",\"end\":\"2026-05-14 23:59:59\"}','::1','2026-05-14 16:12:45'),(44,1,'view_report','reports','daily',NULL,'{\"reference_date\":\"2026-05-14\",\"start\":\"2026-05-14 00:00:00\",\"end\":\"2026-05-14 23:59:59\"}','::1','2026-05-14 16:12:48'),(45,1,'login_success','auth','user','admin','{\"ip_address\":\"127.0.0.1\"}','127.0.0.1','2026-05-14 16:20:33'),(46,1,'view_report','reports','daily',NULL,'{\"reference_date\":\"2026-05-14\",\"start\":\"2026-05-14 00:00:00\",\"end\":\"2026-05-14 23:59:59\"}','::1','2026-05-14 16:44:27'),(47,1,'login_success','auth','user','admin','{\"ip_address\":\"::1\"}','::1','2026-05-14 21:01:31'),(48,1,'batch_sale','sales','sale','324,325','{\"item_count\":2,\"total_revenue\":225,\"total_profit\":95,\"logbook_id\":329}','::1','2026-05-14 21:02:05'),(49,1,'batch_sale','sales','sale','326,327,328,329,330,331','{\"item_count\":6,\"total_revenue\":145,\"total_profit\":66.5,\"logbook_id\":330}','::1','2026-05-14 21:08:15'),(50,1,'view_report','reports','daily',NULL,'{\"reference_date\":\"2026-05-14\",\"start\":\"2026-05-14 00:00:00\",\"end\":\"2026-05-14 23:59:59\"}','::1','2026-05-14 21:09:35'),(51,1,'view_report','reports','weekly',NULL,'{\"reference_date\":\"2026-05-12\",\"start\":\"2026-05-11 00:00:00\",\"end\":\"2026-05-17 23:59:59\"}','::1','2026-05-14 21:09:47'),(52,1,'view_report','reports','weekly',NULL,'{\"reference_date\":\"2026-05-23\",\"start\":\"2026-05-18 00:00:00\",\"end\":\"2026-05-24 23:59:59\"}','::1','2026-05-14 21:10:08'),(53,1,'approval_request_rejected','sales','sale','316,317,318,319','{\"approval_id\":7,\"action_type\":\"void_pos_sale\"}','::1','2026-05-14 21:10:29'),(54,1,'create_user','users','user','3','{\"username\":\"BPO staff2\",\"role\":\"staff\",\"status\":\"approved\"}','::1','2026-05-14 21:12:00'),(55,1,'view_report','reports','daily',NULL,'{\"reference_date\":\"2026-05-14\",\"start\":\"2026-05-14 00:00:00\",\"end\":\"2026-05-14 23:59:59\"}','::1','2026-05-14 22:00:20'),(56,1,'view_report','reports','daily',NULL,'{\"reference_date\":\"2026-05-14\",\"start\":\"2026-05-14 00:00:00\",\"end\":\"2026-05-14 23:59:59\"}','::1','2026-05-14 22:07:10'),(57,1,'login_success','auth','user','admin','{\"ip_address\":\"::1\"}','::1','2026-05-14 22:33:44'),(58,1,'login_success','auth','user','admin','{\"ip_address\":\"::1\"}','::1','2026-05-14 22:34:02'),(59,1,'login_success','auth','user','admin','{\"ip_address\":\"::1\"}','::1','2026-05-14 22:34:18'),(60,1,'login_success','auth','user','admin','{\"ip_address\":\"::1\"}','::1','2026-05-14 22:34:53'),(61,1,'login_success','auth','user','admin','{\"ip_address\":\"::1\"}','::1','2026-05-14 22:35:25'),(62,1,'login_success','auth','user','admin','{\"ip_address\":\"::1\"}','::1','2026-05-14 22:42:57'),(63,1,'batch_sale','sales','sale','332','{\"item_count\":1,\"total_revenue\":4,\"total_profit\":2,\"logbook_id\":331}','::1','2026-05-14 22:43:03'),(64,1,'login_success','auth','user','admin','{\"ip_address\":\"::1\"}','::1','2026-05-14 22:43:45'),(65,1,'batch_sale','sales','sale','333','{\"item_count\":1,\"total_revenue\":2,\"total_profit\":1,\"logbook_id\":332}','::1','2026-05-14 22:43:51'),(66,1,'login_success','auth','user','admin','{\"ip_address\":\"::1\"}','::1','2026-05-14 22:46:10'),(67,1,'view_report','reports','daily',NULL,'{\"reference_date\":\"2026-05-14\",\"start\":\"2026-05-14 00:00:00\",\"end\":\"2026-05-14 23:59:59\"}','::1','2026-05-14 22:46:18'),(68,1,'batch_sale','sales','sale','334,335','{\"item_count\":2,\"total_revenue\":20,\"total_profit\":11,\"logbook_id\":333}','::1','2026-05-14 22:52:55'),(69,1,'batch_sale','sales','sale','336,337','{\"item_count\":2,\"total_revenue\":24,\"total_profit\":9,\"logbook_id\":334}','::1','2026-05-14 22:55:04'),(70,1,'login_success','auth','user','admin','{\"ip_address\":\"::1\"}','::1','2026-05-14 22:58:33'),(71,1,'batch_sale','sales','sale','338,339','{\"item_count\":2,\"total_revenue\":7,\"total_profit\":3.5,\"logbook_id\":335}','::1','2026-05-14 22:58:40'),(72,1,'login_success','auth','user','admin','{\"ip_address\":\"::1\"}','::1','2026-05-14 22:59:00'),(73,1,'batch_sale','sales','sale','340,341','{\"item_count\":2,\"total_revenue\":7,\"total_profit\":3.5,\"logbook_id\":336}','::1','2026-05-14 22:59:06'),(74,1,'login_success','auth','user','admin','{\"ip_address\":\"::1\"}','::1','2026-05-14 23:02:03'),(75,1,'login_success','auth','user','admin','{\"ip_address\":\"::1\"}','::1','2026-05-14 23:02:33'),(76,1,'view_report','reports','daily',NULL,'{\"reference_date\":\"2026-05-14\",\"start\":\"2026-05-14 00:00:00\",\"end\":\"2026-05-14 23:59:59\"}','::1','2026-05-14 23:02:38'),(77,1,'login_success','auth','user','admin','{\"ip_address\":\"::1\"}','::1','2026-05-14 23:03:05'),(78,1,'login_success','auth','user','admin','{\"ip_address\":\"::1\"}','::1','2026-05-14 23:03:50'),(79,1,'view_report','reports','daily',NULL,'{\"reference_date\":\"2026-05-14\",\"start\":\"2026-05-14 00:00:00\",\"end\":\"2026-05-14 23:59:59\"}','::1','2026-05-14 23:03:58');
/*!40000 ALTER TABLE `audit_logs` ENABLE KEYS */;
UNLOCK TABLES;

--
-- Table structure for table `business_center_content`
--

DROP TABLE IF EXISTS `business_center_content`;
/*!40101 SET @saved_cs_client     = @@character_set_client */;
/*!50503 SET character_set_client = utf8mb4 */;
CREATE TABLE `business_center_content` (
  `id` int NOT NULL AUTO_INCREMENT,
  `section_key` varchar(80) NOT NULL,
  `title` varchar(180) NOT NULL,
  `body` text,
  `is_active` tinyint(1) NOT NULL DEFAULT '1',
  `updated_by` int DEFAULT NULL,
  `updated_at` timestamp NULL DEFAULT CURRENT_TIMESTAMP ON UPDATE CURRENT_TIMESTAMP,
  PRIMARY KEY (`id`),
  UNIQUE KEY `section_key` (`section_key`),
  KEY `idx_bc_active_section` (`is_active`,`section_key`),
  KEY `fk_bc_content_user` (`updated_by`),
  CONSTRAINT `fk_bc_content_user` FOREIGN KEY (`updated_by`) REFERENCES `users` (`id`) ON DELETE SET NULL
) ENGINE=InnoDB AUTO_INCREMENT=4069 DEFAULT CHARSET=utf8mb4 COLLATE=utf8mb4_0900_ai_ci;
/*!40101 SET character_set_client = @saved_cs_client */;

--
-- Dumping data for table `business_center_content`
--

LOCK TABLES `business_center_content` WRITE;
/*!40000 ALTER TABLE `business_center_content` DISABLE KEYS */;
INSERT INTO `business_center_content` VALUES (1,'hero','Production and Business Operation Services','Sales, inventory, cash flow, rentals, fishpond operations, proposal requests, logbook entries, and official reports in one record management system.',1,1,'2026-05-13 20:36:54'),(2,'mission_vision','Mission and Vision','Vision: The Mindoro State University is a center of excellence in agriculture and fishery, science, technology, culture and education of globally competitive lifelong learners in a diverse yet cohesive society.\n\nMission: The University commits to produce 21st-century skilled lifelong learners and generates and commercializes innovative technologies by providing excellent and relevant services in instruction, research, extension, and production through industry-driven curricula, collaboration, internationalization, and continual organizational growth for sustainable development.',1,1,'2026-05-13 20:36:54'),(3,'services','Campus Services','Daily operation tools for the campus business center and income-generating projects.',1,1,'2026-05-13 20:36:54'),(4,'features','What the System Helps Manage','Sales records and POS transactions\nCash in, cash out, and net cash monitoring\nInventory catalog, low stock alerts, and stock ledger\nFishpond monitoring, harvest income, and expense records\nStall rentals, toga releases, payments, and overdue records\nProposal requests and administrative approval workflow\nOffice logbook entries for visits and service requests\nPrintable official reports for campus operations',1,1,'2026-05-13 20:36:54'),(5,'contact','Visit the Business Center','Mindoro State University Bongabong Campus Production and Business Operation Office.',1,1,'2026-05-13 20:36:54'),(6,'footer','Production and Business Operation Record Management System','Official campus operations records for sales, inventory, cash flow, projects, rentals, proposals, logbook, reports, and audit monitoring.',1,1,'2026-05-13 20:36:54');
/*!40000 ALTER TABLE `business_center_content` ENABLE KEYS */;
UNLOCK TABLES;

--
-- Table structure for table `cash_transactions`
--

DROP TABLE IF EXISTS `cash_transactions`;
/*!40101 SET @saved_cs_client     = @@character_set_client */;
/*!50503 SET character_set_client = utf8mb4 */;
CREATE TABLE `cash_transactions` (
  `id` int NOT NULL AUTO_INCREMENT,
  `txn_date` datetime NOT NULL DEFAULT CURRENT_TIMESTAMP,
  `direction` enum('in','out') NOT NULL,
  `source_module` varchar(80) NOT NULL DEFAULT 'manual',
  `project_entry_id` int DEFAULT NULL,
  `amount` decimal(12,2) NOT NULL,
  `or_number` varchar(100) DEFAULT NULL,
  `description` varchar(255) DEFAULT NULL,
  `created_by` int DEFAULT NULL,
  `created_at` timestamp NULL DEFAULT CURRENT_TIMESTAMP,
  PRIMARY KEY (`id`),
  KEY `idx_cash_date` (`txn_date`),
  KEY `idx_cash_project_entry` (`project_entry_id`),
  KEY `idx_cash_source_direction_date` (`source_module`,`direction`,`txn_date`),
  KEY `idx_cash_or_number` (`or_number`),
  KEY `fk_cash_user` (`created_by`),
  CONSTRAINT `fk_cash_project_entry` FOREIGN KEY (`project_entry_id`) REFERENCES `project_entries` (`id`) ON DELETE SET NULL,
  CONSTRAINT `fk_cash_user` FOREIGN KEY (`created_by`) REFERENCES `users` (`id`) ON DELETE SET NULL
) ENGINE=InnoDB AUTO_INCREMENT=122 DEFAULT CHARSET=utf8mb4 COLLATE=utf8mb4_0900_ai_ci;
/*!40101 SET character_set_client = @saved_cs_client */;

--
-- Dumping data for table `cash_transactions`
--

LOCK TABLES `cash_transactions` WRITE;
/*!40000 ALTER TABLE `cash_transactions` DISABLE KEYS */;
INSERT INTO `cash_transactions` VALUES (1,'2026-05-07 10:00:00','out','fishpond',1,2200.00,'DEMO-FP-001','Fishpond - expense',NULL,'2026-05-13 15:11:58'),(2,'2026-05-10 10:00:00','in','fishpond',3,12750.00,'DEMO-FP-002','Fishpond - harvest',NULL,'2026-05-13 15:11:58'),(3,'2026-05-11 10:00:00','in','rental',4,3500.00,'DEMO-R-001','Rental - payment',NULL,'2026-05-13 15:11:58'),(4,'2026-05-12 10:00:00','in','rental',5,2500.00,'DEMO-R-002','Rental - payment',NULL,'2026-05-13 15:11:58'),(5,'2026-05-11 10:00:00','in','toga',6,650.00,'DEMO-T-001','Toga - payment',NULL,'2026-05-13 15:11:58'),(6,'2026-05-01 10:00:00','in','toga',7,650.00,'DEMO-T-002','Toga - payment',NULL,'2026-05-13 15:11:58'),(7,'2026-05-09 10:00:00','out','toga',8,500.00,NULL,'Toga - expense',NULL,'2026-05-13 15:11:58'),(8,'2026-03-30 16:30:00','in','sales',NULL,10246.00,'SEED-CASH-SALES-20260330','Seed sample: daily POS cash collection',1,'2026-05-13 20:36:55'),(9,'2026-03-31 16:30:00','in','sales',NULL,4760.00,'SEED-CASH-SALES-20260331','Seed sample: daily POS cash collection',1,'2026-05-13 20:36:55'),(10,'2026-04-01 16:30:00','in','sales',NULL,2037.00,'SEED-CASH-SALES-20260401','Seed sample: daily POS cash collection',1,'2026-05-13 20:36:55'),(11,'2026-04-02 16:30:00','in','sales',NULL,11405.00,'SEED-CASH-SALES-20260402','Seed sample: daily POS cash collection',1,'2026-05-13 20:36:55'),(12,'2026-04-03 16:30:00','in','sales',NULL,4517.00,'SEED-CASH-SALES-20260403','Seed sample: daily POS cash collection',1,'2026-05-13 20:36:55'),(13,'2026-04-04 16:30:00','in','sales',NULL,1736.00,'SEED-CASH-SALES-20260404','Seed sample: daily POS cash collection',1,'2026-05-13 20:36:55'),(14,'2026-04-04 13:20:00','out','manual',NULL,2084.00,'SEED-CASH-EXP-20260404','Seed sample: office supplies and minor maintenance',1,'2026-05-13 20:36:55'),(15,'2026-04-05 16:30:00','in','sales',NULL,2906.00,'SEED-CASH-SALES-20260405','Seed sample: daily POS cash collection',1,'2026-05-13 20:36:55'),(16,'2026-04-06 16:30:00','in','sales',NULL,6763.00,'SEED-CASH-SALES-20260406','Seed sample: daily POS cash collection',1,'2026-05-13 20:36:55'),(17,'2026-04-07 16:30:00','in','sales',NULL,3117.00,'SEED-CASH-SALES-20260407','Seed sample: daily POS cash collection',1,'2026-05-13 20:36:55'),(18,'2026-04-08 16:30:00','in','sales',NULL,1866.00,'SEED-CASH-SALES-20260408','Seed sample: daily POS cash collection',1,'2026-05-13 20:36:55'),(19,'2026-04-08 13:20:00','out','manual',NULL,539.00,'SEED-CASH-EXP-20260408','Seed sample: office supplies and minor maintenance',1,'2026-05-13 20:36:55'),(20,'2026-04-09 16:30:00','in','sales',NULL,3095.00,'SEED-CASH-SALES-20260409','Seed sample: daily POS cash collection',1,'2026-05-13 20:36:55'),(21,'2026-04-10 16:30:00','in','sales',NULL,3492.00,'SEED-CASH-SALES-20260410','Seed sample: daily POS cash collection',1,'2026-05-13 20:36:55'),(22,'2026-04-11 16:30:00','in','sales',NULL,3730.00,'SEED-CASH-SALES-20260411','Seed sample: daily POS cash collection',1,'2026-05-13 20:36:55'),(23,'2026-04-12 16:30:00','in','sales',NULL,1648.00,'SEED-CASH-SALES-20260412','Seed sample: daily POS cash collection',1,'2026-05-13 20:36:55'),(24,'2026-04-12 13:20:00','out','manual',NULL,676.00,'SEED-CASH-EXP-20260412','Seed sample: office supplies and minor maintenance',1,'2026-05-13 20:36:55'),(25,'2026-04-13 16:30:00','in','sales',NULL,1361.00,'SEED-CASH-SALES-20260413','Seed sample: daily POS cash collection',1,'2026-05-13 20:36:55'),(26,'2026-04-14 16:30:00','in','sales',NULL,2006.00,'SEED-CASH-SALES-20260414','Seed sample: daily POS cash collection',1,'2026-05-13 20:36:55'),(27,'2026-04-15 16:30:00','in','sales',NULL,4719.00,'SEED-CASH-SALES-20260415','Seed sample: daily POS cash collection',1,'2026-05-13 20:36:55'),(28,'2026-04-16 16:30:00','in','sales',NULL,4782.00,'SEED-CASH-SALES-20260416','Seed sample: daily POS cash collection',1,'2026-05-13 20:36:55'),(29,'2026-04-16 13:20:00','out','manual',NULL,1460.00,'SEED-CASH-EXP-20260416','Seed sample: office supplies and minor maintenance',1,'2026-05-13 20:36:55'),(30,'2026-04-17 16:30:00','in','sales',NULL,8378.00,'SEED-CASH-SALES-20260417','Seed sample: daily POS cash collection',1,'2026-05-13 20:36:55'),(31,'2026-04-18 16:30:00','in','sales',NULL,4663.00,'SEED-CASH-SALES-20260418','Seed sample: daily POS cash collection',1,'2026-05-13 20:36:55'),(32,'2026-04-19 16:30:00','in','sales',NULL,3209.00,'SEED-CASH-SALES-20260419','Seed sample: daily POS cash collection',1,'2026-05-13 20:36:55'),(33,'2026-04-20 16:30:00','in','sales',NULL,2569.00,'SEED-CASH-SALES-20260420','Seed sample: daily POS cash collection',1,'2026-05-13 20:36:55'),(34,'2026-04-20 13:20:00','out','manual',NULL,646.00,'SEED-CASH-EXP-20260420','Seed sample: office supplies and minor maintenance',1,'2026-05-13 20:36:55'),(35,'2026-04-21 16:30:00','in','sales',NULL,10421.00,'SEED-CASH-SALES-20260421','Seed sample: daily POS cash collection',1,'2026-05-13 20:36:55'),(36,'2026-04-22 16:30:00','in','sales',NULL,3522.00,'SEED-CASH-SALES-20260422','Seed sample: daily POS cash collection',1,'2026-05-13 20:36:55'),(37,'2026-04-23 16:30:00','in','sales',NULL,4716.00,'SEED-CASH-SALES-20260423','Seed sample: daily POS cash collection',1,'2026-05-13 20:36:55'),(38,'2026-04-24 16:30:00','in','sales',NULL,4580.00,'SEED-CASH-SALES-20260424','Seed sample: daily POS cash collection',1,'2026-05-13 20:36:55'),(39,'2026-04-24 13:20:00','out','manual',NULL,2286.00,'SEED-CASH-EXP-20260424','Seed sample: office supplies and minor maintenance',1,'2026-05-13 20:36:55'),(40,'2026-04-25 16:30:00','in','sales',NULL,2755.00,'SEED-CASH-SALES-20260425','Seed sample: daily POS cash collection',1,'2026-05-13 20:36:55'),(41,'2026-04-26 16:30:00','in','sales',NULL,2882.00,'SEED-CASH-SALES-20260426','Seed sample: daily POS cash collection',1,'2026-05-13 20:36:55'),(42,'2026-04-27 16:30:00','in','sales',NULL,3921.00,'SEED-CASH-SALES-20260427','Seed sample: daily POS cash collection',1,'2026-05-13 20:36:55'),(43,'2026-04-28 16:30:00','in','sales',NULL,11115.00,'SEED-CASH-SALES-20260428','Seed sample: daily POS cash collection',1,'2026-05-13 20:36:55'),(44,'2026-04-28 13:20:00','out','manual',NULL,831.00,'SEED-CASH-EXP-20260428','Seed sample: office supplies and minor maintenance',1,'2026-05-13 20:36:55'),(45,'2026-04-29 16:30:00','in','sales',NULL,3583.00,'SEED-CASH-SALES-20260429','Seed sample: daily POS cash collection',1,'2026-05-13 20:36:55'),(46,'2026-04-30 16:30:00','in','sales',NULL,8399.00,'SEED-CASH-SALES-20260430','Seed sample: daily POS cash collection',1,'2026-05-13 20:36:55'),(47,'2026-05-01 16:30:00','in','sales',NULL,3362.00,'SEED-CASH-SALES-20260501','Seed sample: daily POS cash collection',1,'2026-05-13 20:36:55'),(48,'2026-05-02 16:30:00','in','sales',NULL,6836.00,'SEED-CASH-SALES-20260502','Seed sample: daily POS cash collection',1,'2026-05-13 20:36:55'),(49,'2026-05-03 16:30:00','in','sales',NULL,4250.00,'SEED-CASH-SALES-20260503','Seed sample: daily POS cash collection',1,'2026-05-13 20:36:55'),(50,'2026-05-04 16:30:00','in','sales',NULL,4169.00,'SEED-CASH-SALES-20260504','Seed sample: daily POS cash collection',1,'2026-05-13 20:36:55'),(51,'2026-05-04 13:20:00','out','manual',NULL,1075.00,'SEED-CASH-EXP-20260504','Seed sample: office supplies and minor maintenance',1,'2026-05-13 20:36:55'),(52,'2026-05-05 16:30:00','in','sales',NULL,9017.00,'SEED-CASH-SALES-20260505','Seed sample: daily POS cash collection',1,'2026-05-13 20:36:55'),(53,'2026-05-06 16:30:00','in','sales',NULL,2533.00,'SEED-CASH-SALES-20260506','Seed sample: daily POS cash collection',1,'2026-05-13 20:36:55'),(54,'2026-05-07 16:30:00','in','sales',NULL,8079.00,'SEED-CASH-SALES-20260507','Seed sample: daily POS cash collection',1,'2026-05-13 20:36:55'),(55,'2026-05-08 16:30:00','in','sales',NULL,6584.00,'SEED-CASH-SALES-20260508','Seed sample: daily POS cash collection',1,'2026-05-13 20:36:55'),(56,'2026-05-08 13:20:00','out','manual',NULL,718.00,'SEED-CASH-EXP-20260508','Seed sample: office supplies and minor maintenance',1,'2026-05-13 20:36:55'),(57,'2026-05-09 16:30:00','in','sales',NULL,1873.00,'SEED-CASH-SALES-20260509','Seed sample: daily POS cash collection',1,'2026-05-13 20:36:55'),(58,'2026-05-10 16:30:00','in','sales',NULL,3642.00,'SEED-CASH-SALES-20260510','Seed sample: daily POS cash collection',1,'2026-05-13 20:36:55'),(59,'2026-05-11 16:30:00','in','sales',NULL,4162.00,'SEED-CASH-SALES-20260511','Seed sample: daily POS cash collection',1,'2026-05-13 20:36:55'),(60,'2026-05-12 16:30:00','in','sales',NULL,6741.00,'SEED-CASH-SALES-20260512','Seed sample: daily POS cash collection',1,'2026-05-13 20:36:55'),(61,'2026-05-12 13:20:00','out','manual',NULL,1348.00,'SEED-CASH-EXP-20260512','Seed sample: office supplies and minor maintenance',1,'2026-05-13 20:36:55'),(62,'2026-05-13 16:30:00','in','sales',NULL,4894.00,'SEED-CASH-SALES-20260513','Seed sample: daily POS cash collection',1,'2026-05-13 20:36:55'),(63,'2026-05-14 16:30:00','in','sales',NULL,2817.00,'SEED-CASH-SALES-20260514','Seed sample: daily POS cash collection',1,'2026-05-13 20:36:55'),(64,'2026-04-07 09:30:00','out','fishpond',14,3646.00,'SEED-FP-EXP-20260407','Seed sample: Fishpond expense',1,'2026-05-13 20:36:55'),(65,'2026-04-21 09:30:00','out','fishpond',22,2265.00,'SEED-FP-EXP-20260421','Seed sample: Fishpond expense',1,'2026-05-13 20:36:55'),(66,'2026-05-07 09:30:00','out','fishpond',31,3826.00,'SEED-FP-EXP-20260507','Seed sample: Fishpond expense',1,'2026-05-13 20:36:55'),(67,'2026-04-09 10:15:00','in','fishpond',35,14892.00,'SEED-FP-HARV-20260409','Seed sample: Fishpond harvest',1,'2026-05-13 20:36:55'),(68,'2026-04-23 10:15:00','in','fishpond',36,12166.00,'SEED-FP-HARV-20260423','Seed sample: Fishpond harvest',1,'2026-05-13 20:36:55'),(69,'2026-05-07 10:15:00','in','fishpond',37,15846.00,'SEED-FP-HARV-20260507','Seed sample: Fishpond harvest',1,'2026-05-13 20:36:55'),(70,'2026-05-14 10:15:00','in','fishpond',38,14522.00,'SEED-FP-HARV-20260514','Seed sample: Fishpond harvest',1,'2026-05-13 20:36:55'),(71,'2026-03-05 14:00:00','in','rental',39,3500.00,'SEED-RENT-PAY-STALL-A1-202603','Seed sample: Rental payment',1,'2026-05-13 20:36:55'),(72,'2026-04-05 14:00:00','in','rental',40,3500.00,'SEED-RENT-PAY-STALL-A1-202604','Seed sample: Rental payment',1,'2026-05-13 20:36:55'),(73,'2026-03-06 14:00:00','in','rental',41,2800.00,'SEED-RENT-PAY-STALL-B2-202603','Seed sample: Rental payment',1,'2026-05-13 20:36:55'),(74,'2026-04-06 14:00:00','in','rental',42,2800.00,'SEED-RENT-PAY-STALL-B2-202604','Seed sample: Rental payment',1,'2026-05-13 20:36:55'),(75,'2026-05-06 14:00:00','in','rental',43,2800.00,'SEED-RENT-PAY-STALL-B2-202605','Seed sample: Rental payment',1,'2026-05-13 20:36:55'),(76,'2026-03-07 14:00:00','in','rental',44,2200.00,'SEED-RENT-PAY-STALL-C3-202603','Seed sample: Rental payment',1,'2026-05-13 20:36:55'),(77,'2026-04-07 14:00:00','in','rental',45,2200.00,'SEED-RENT-PAY-STALL-C3-202604','Seed sample: Rental payment',1,'2026-05-13 20:36:55'),(78,'2026-05-07 14:00:00','in','rental',46,2200.00,'SEED-RENT-PAY-STALL-C3-202605','Seed sample: Rental payment',1,'2026-05-13 20:36:55'),(79,'2026-03-08 14:00:00','in','rental',47,2500.00,'SEED-RENT-PAY-STALL-D4-202603','Seed sample: Rental payment',1,'2026-05-13 20:36:55'),(80,'2026-04-08 14:00:00','in','rental',48,2500.00,'SEED-RENT-PAY-STALL-D4-202604','Seed sample: Rental payment',1,'2026-05-13 20:36:55'),(81,'2026-05-08 14:00:00','in','rental',49,2500.00,'SEED-RENT-PAY-STALL-D4-202605','Seed sample: Rental payment',1,'2026-05-13 20:36:55'),(82,'2026-04-17 11:00:00','in','toga',50,650.00,'SEED-TOGA-PAY-SEED-TG-001','Seed sample: Toga payment',2,'2026-05-13 20:36:55'),(83,'2026-04-19 11:00:00','in','toga',51,650.00,'SEED-TOGA-PAY-SEED-TG-002','Seed sample: Toga payment',2,'2026-05-13 20:36:55'),(84,'2026-05-06 11:00:00','in','toga',52,650.00,'SEED-TOGA-PAY-SEED-TG-003','Seed sample: Toga payment',2,'2026-05-13 20:36:55'),(85,'2026-05-02 11:00:00','in','toga',53,650.00,'SEED-TOGA-PAY-SEED-TG-004','Seed sample: Toga payment',2,'2026-05-13 20:36:55'),(86,'2026-04-26 11:00:00','in','toga',54,650.00,'SEED-TOGA-PAY-SEED-TG-005','Seed sample: Toga payment',2,'2026-05-13 20:36:55'),(87,'2026-05-09 11:00:00','in','toga',55,650.00,'SEED-TOGA-PAY-SEED-TG-006','Seed sample: Toga payment',2,'2026-05-13 20:36:55'),(88,'2026-04-18 11:00:00','in','toga',56,650.00,'SEED-TOGA-PAY-SEED-TG-007','Seed sample: Toga payment',2,'2026-05-13 20:36:55'),(89,'2026-04-21 11:00:00','in','toga',57,650.00,'SEED-TOGA-PAY-SEED-TG-008','Seed sample: Toga payment',2,'2026-05-13 20:36:55'),(90,'2026-04-23 11:00:00','in','toga',58,650.00,'SEED-TOGA-PAY-SEED-TG-009','Seed sample: Toga payment',2,'2026-05-13 20:36:55'),(91,'2026-04-24 11:00:00','in','toga',59,650.00,'SEED-TOGA-PAY-SEED-TG-010','Seed sample: Toga payment',2,'2026-05-13 20:36:55'),(92,'2026-04-04 16:45:00','in','business-center',60,2692.00,'SEED-BC-INC-20260404','Seed sample: Business Center income',1,'2026-05-13 20:36:55'),(93,'2026-04-04 15:30:00','out','printing',61,1678.00,'SEED-PRT-EXP-20260404','Seed sample: Printing expense',1,'2026-05-13 20:36:55'),(94,'2026-04-09 16:45:00','in','business-center',62,2342.00,'SEED-BC-INC-20260409','Seed sample: Business Center income',1,'2026-05-13 20:36:55'),(95,'2026-04-09 15:30:00','out','printing',63,773.00,'SEED-PRT-EXP-20260409','Seed sample: Printing expense',1,'2026-05-13 20:36:55'),(96,'2026-04-14 16:45:00','in','business-center',64,7682.00,'SEED-BC-INC-20260414','Seed sample: Business Center income',1,'2026-05-13 20:36:55'),(97,'2026-04-14 15:30:00','out','printing',65,1537.00,'SEED-PRT-EXP-20260414','Seed sample: Printing expense',1,'2026-05-13 20:36:55'),(98,'2026-04-19 16:45:00','in','business-center',66,5959.00,'SEED-BC-INC-20260419','Seed sample: Business Center income',1,'2026-05-13 20:36:55'),(99,'2026-04-19 15:30:00','out','printing',67,411.00,'SEED-PRT-EXP-20260419','Seed sample: Printing expense',1,'2026-05-13 20:36:55'),(100,'2026-04-24 16:45:00','in','business-center',68,7429.00,'SEED-BC-INC-20260424','Seed sample: Business Center income',1,'2026-05-13 20:36:55'),(101,'2026-04-24 15:30:00','out','printing',69,1504.00,'SEED-PRT-EXP-20260424','Seed sample: Printing expense',1,'2026-05-13 20:36:55'),(102,'2026-04-29 16:45:00','in','business-center',70,3643.00,'SEED-BC-INC-20260429','Seed sample: Business Center income',1,'2026-05-13 20:36:55'),(103,'2026-04-29 15:30:00','out','printing',71,941.00,'SEED-PRT-EXP-20260429','Seed sample: Printing expense',1,'2026-05-13 20:36:55'),(104,'2026-05-04 16:45:00','in','business-center',72,6582.00,'SEED-BC-INC-20260504','Seed sample: Business Center income',1,'2026-05-13 20:36:55'),(105,'2026-05-04 15:30:00','out','printing',73,1011.00,'SEED-PRT-EXP-20260504','Seed sample: Printing expense',1,'2026-05-13 20:36:55'),(106,'2026-05-09 16:45:00','in','business-center',74,2597.00,'SEED-BC-INC-20260509','Seed sample: Business Center income',1,'2026-05-13 20:36:55'),(107,'2026-05-09 15:30:00','out','printing',75,1755.00,'SEED-PRT-EXP-20260509','Seed sample: Printing expense',1,'2026-05-13 20:36:55'),(108,'2026-05-14 16:45:00','in','business-center',76,3698.00,'SEED-BC-INC-20260514','Seed sample: Business Center income',1,'2026-05-13 20:36:55'),(109,'2026-05-14 15:30:00','out','printing',77,1651.00,'SEED-PRT-EXP-20260514','Seed sample: Printing expense',1,'2026-05-13 20:36:55'),(110,'2026-05-14 04:28:25','in','sales',NULL,507.00,'0000-0005','Batch POS sale (4 items)',1,'2026-05-14 04:28:25'),(111,'2026-05-14 06:52:22','in','sales',NULL,172.00,'0000-0011','Batch POS sale (2 items)',1,'2026-05-14 06:52:22'),(112,'2026-05-14 07:09:53','in','sales',NULL,160.00,'0000-0014','Batch POS sale (1 items)',1,'2026-05-14 07:09:53'),(113,'2026-05-14 07:10:39','in','sales',NULL,9.00,'0000-0016','Batch POS sale (1 items)',1,'2026-05-14 07:10:39'),(114,'2026-05-14 13:02:05','in','sales',NULL,225.00,'0000-0021','Batch POS sale (2 items)',1,'2026-05-14 13:02:05'),(115,'2026-05-14 13:08:15','in','sales',NULL,145.00,'0000-0022','Batch POS sale (6 items)',1,'2026-05-14 13:08:15'),(116,'2026-05-14 14:43:03','in','sales',NULL,4.00,'0000-0023','Batch POS sale (1 items)',1,'2026-05-14 14:43:03'),(117,'2026-05-14 14:43:51','in','sales',NULL,2.00,'0000-0024','Batch POS sale (1 items)',1,'2026-05-14 14:43:51'),(118,'2026-05-14 14:52:55','in','sales',NULL,20.00,'0000-0025','Batch POS sale (2 items)',1,'2026-05-14 14:52:55'),(119,'2026-05-14 14:55:04','in','sales',NULL,24.00,'0000-0026','Batch POS sale (2 items)',1,'2026-05-14 14:55:04'),(120,'2026-05-14 14:58:40','in','sales',NULL,7.00,'0000-0027','Batch POS sale (2 items)',1,'2026-05-14 14:58:40'),(121,'2026-05-14 14:59:06','in','sales',NULL,7.00,'0000-0028','Batch POS sale (2 items)',1,'2026-05-14 14:59:06');
/*!40000 ALTER TABLE `cash_transactions` ENABLE KEYS */;
UNLOCK TABLES;

--
-- Table structure for table `inventory_stock_batches`
--

DROP TABLE IF EXISTS `inventory_stock_batches`;
/*!40101 SET @saved_cs_client     = @@character_set_client */;
/*!50503 SET character_set_client = utf8mb4 */;
CREATE TABLE `inventory_stock_batches` (
  `id` int NOT NULL AUTO_INCREMENT,
  `product_id` int NOT NULL,
  `batch_code` varchar(100) DEFAULT NULL,
  `received_date` datetime NOT NULL DEFAULT CURRENT_TIMESTAMP,
  `quantity_received` int NOT NULL,
  `quantity_remaining` int NOT NULL,
  `unit_cost` decimal(12,2) NOT NULL DEFAULT '0.00',
  `source_type` varchar(40) NOT NULL DEFAULT 'stock_in',
  `reference_no` varchar(100) DEFAULT NULL,
  `notes` varchar(255) DEFAULT NULL,
  `created_by` int DEFAULT NULL,
  `created_at` timestamp NULL DEFAULT CURRENT_TIMESTAMP,
  PRIMARY KEY (`id`),
  KEY `idx_stock_batches_fifo` (`product_id`,`quantity_remaining`,`received_date`,`id`),
  KEY `idx_stock_batches_product_date` (`product_id`,`received_date`),
  KEY `fk_stock_batch_user` (`created_by`),
  CONSTRAINT `fk_stock_batch_product` FOREIGN KEY (`product_id`) REFERENCES `products` (`id`),
  CONSTRAINT `fk_stock_batch_user` FOREIGN KEY (`created_by`) REFERENCES `users` (`id`) ON DELETE SET NULL
) ENGINE=InnoDB AUTO_INCREMENT=114 DEFAULT CHARSET=utf8mb4 COLLATE=utf8mb4_0900_ai_ci;
/*!40101 SET character_set_client = @saved_cs_client */;

--
-- Dumping data for table `inventory_stock_batches`
--

LOCK TABLES `inventory_stock_batches` WRITE;
/*!40000 ALTER TABLE `inventory_stock_batches` DISABLE KEYS */;
INSERT INTO `inventory_stock_batches` VALUES (1,773,'SEED-OPEN-SEED-A4-REAM','2026-03-20 04:36:54',124,35,185.00,'opening','SEED-INV-OPEN-SEED-A4-REAM','Seed sample: opening inventory balance',1,'2026-05-13 20:36:54'),(2,774,'SEED-OPEN-SEED-SHORT-REAM','2026-03-20 04:36:54',123,34,175.00,'opening','SEED-INV-OPEN-SEED-SHORT-REAM','Seed sample: opening inventory balance',1,'2026-05-13 20:36:54'),(3,775,'SEED-OPEN-SEED-YELLOW-PAD','2026-03-20 04:36:54',149,91,24.00,'opening','SEED-INV-OPEN-SEED-YELLOW-PAD','Seed sample: opening inventory balance',1,'2026-05-13 20:36:54'),(4,776,'SEED-OPEN-SEED-INTER-PAD','2026-03-20 04:36:54',116,61,18.00,'opening','SEED-INV-OPEN-SEED-INTER-PAD','Seed sample: opening inventory balance',1,'2026-05-13 20:36:54'),(5,777,'SEED-OPEN-SEED-NOTE-A4','2026-03-20 04:36:54',144,54,22.00,'opening','SEED-INV-OPEN-SEED-NOTE-A4','Seed sample: opening inventory balance',1,'2026-05-13 20:36:54'),(6,778,'SEED-OPEN-SEED-PEN-BLK','2026-03-20 04:36:54',249,174,7.50,'opening','SEED-INV-OPEN-SEED-PEN-BLK','Seed sample: opening inventory balance',1,'2026-05-13 20:36:54'),(7,779,'SEED-OPEN-SEED-PEN-BLU','2026-03-20 04:36:54',217,148,7.50,'opening','SEED-INV-OPEN-SEED-PEN-BLU','Seed sample: opening inventory balance',1,'2026-05-13 20:36:54'),(8,780,'SEED-OPEN-SEED-PENCIL-HB','2026-03-20 04:36:54',163,113,4.00,'opening','SEED-INV-OPEN-SEED-PENCIL-HB','Seed sample: opening inventory balance',1,'2026-05-13 20:36:54'),(9,781,'SEED-OPEN-SEED-FOLDER-LONG','2026-03-20 04:36:54',166,84,5.00,'opening','SEED-INV-OPEN-SEED-FOLDER-LONG','Seed sample: opening inventory balance',1,'2026-05-13 20:36:54'),(10,782,'SEED-OPEN-SEED-ENVELOPE-BRN','2026-03-20 04:36:54',145,92,4.50,'opening','SEED-INV-OPEN-SEED-ENVELOPE-BRN','Seed sample: opening inventory balance',1,'2026-05-13 20:36:54'),(11,783,'SEED-OPEN-SEED-CORR-TAPE','2026-03-20 04:36:54',66,3,22.00,'opening','SEED-INV-OPEN-SEED-CORR-TAPE','Seed sample: opening inventory balance',1,'2026-05-13 20:36:54'),(12,784,'SEED-OPEN-SEED-ID-LACE','2026-03-20 04:36:54',96,7,9.00,'opening','SEED-INV-OPEN-SEED-ID-LACE','Seed sample: opening inventory balance',1,'2026-05-13 20:36:54'),(13,785,'SEED-OPEN-SEED-ID-CARD','2026-03-20 04:36:54',95,6,18.00,'opening','SEED-INV-OPEN-SEED-ID-CARD','Seed sample: opening inventory balance',1,'2026-05-13 20:36:54'),(14,786,'SEED-OPEN-SEED-ID-JACKET','2026-03-20 04:36:54',146,56,6.00,'opening','SEED-INV-OPEN-SEED-ID-JACKET','Seed sample: opening inventory balance',1,'2026-05-13 20:36:54'),(15,787,'SEED-OPEN-SEED-ID-HOLDER','2026-03-20 04:36:54',83,14,12.00,'opening','SEED-INV-OPEN-SEED-ID-HOLDER','Seed sample: opening inventory balance',1,'2026-05-13 20:36:54'),(16,796,'SEED-OPEN-SEED-TILAPIA-KG','2026-03-20 04:36:54',85,41,95.00,'opening','SEED-INV-OPEN-SEED-TILAPIA-KG','Seed sample: opening inventory balance',1,'2026-05-13 20:36:54'),(17,797,'SEED-OPEN-SEED-CATFISH-KG','2026-03-20 04:36:54',73,6,90.00,'opening','SEED-INV-OPEN-SEED-CATFISH-KG','Seed sample: opening inventory balance',1,'2026-05-13 20:36:54'),(18,798,'SEED-OPEN-SEED-VEG-SEEDLING','2026-03-20 04:36:54',65,3,45.00,'opening','SEED-INV-OPEN-SEED-VEG-SEEDLING','Seed sample: opening inventory balance',1,'2026-05-13 20:36:54'),(19,799,'SEED-OPEN-SEED-NOTEBOOKS','2026-03-20 04:36:54',161,90,20.00,'opening','SEED-INV-OPEN-SEED-NOTEBOOKS','Seed sample: opening inventory balance',1,'2026-05-13 20:36:54'),(20,800,'SEED-OPEN-SEED-WRITING-PADS','2026-03-20 04:36:54',169,99,15.00,'opening','SEED-INV-OPEN-SEED-WRITING-PADS','Seed sample: opening inventory balance',1,'2026-05-13 20:36:54'),(21,801,'SEED-OPEN-SEED-YELLOW-LEGAL','2026-03-20 04:36:54',168,68,25.00,'opening','SEED-INV-OPEN-SEED-YELLOW-LEGAL','Seed sample: opening inventory balance',1,'2026-05-13 20:36:54'),(22,802,'SEED-OPEN-SEED-LOOSE-BOND','2026-03-20 04:36:54',574,482,0.50,'opening','SEED-INV-OPEN-SEED-LOOSE-BOND','Seed sample: opening inventory balance',1,'2026-05-13 20:36:54'),(23,803,'SEED-OPEN-SEED-COLOR-PAPER','2026-03-20 04:36:54',475,395,1.00,'opening','SEED-INV-OPEN-SEED-COLOR-PAPER','Seed sample: opening inventory balance',1,'2026-05-13 20:36:54'),(24,804,'SEED-OPEN-SEED-FOLDER-ENV','2026-03-20 04:36:54',233,146,8.00,'opening','SEED-INV-OPEN-SEED-FOLDER-ENV','Seed sample: opening inventory balance',1,'2026-05-13 20:36:54'),(25,805,'SEED-OPEN-SEED-PLASTIC-FOLDER','2026-03-20 04:36:54',166,91,10.00,'opening','SEED-INV-OPEN-SEED-PLASTIC-FOLDER','Seed sample: opening inventory balance',1,'2026-05-13 20:36:54'),(26,806,'SEED-OPEN-SEED-CLEAR-ENV','2026-03-20 04:36:54',179,95,12.00,'opening','SEED-INV-OPEN-SEED-CLEAR-ENV','Seed sample: opening inventory balance',1,'2026-05-13 20:36:54'),(27,807,'SEED-OPEN-SEED-EXP-FOLDER','2026-03-20 04:36:54',85,42,30.00,'opening','SEED-INV-OPEN-SEED-EXP-FOLDER','Seed sample: opening inventory balance',1,'2026-05-13 20:36:54'),(28,808,'SEED-OPEN-SEED-DOC-SLEEVES','2026-03-20 04:36:54',283,198,5.00,'opening','SEED-INV-OPEN-SEED-DOC-SLEEVES','Seed sample: opening inventory balance',1,'2026-05-13 20:36:54'),(29,809,'SEED-OPEN-SEED-RING-BINDER','2026-03-20 04:36:54',112,33,80.00,'opening','SEED-INV-OPEN-SEED-RING-BINDER','Seed sample: opening inventory balance',1,'2026-05-13 20:36:54'),(30,810,'SEED-OPEN-SEED-RECORD-BOOK','2026-03-20 04:36:54',143,48,45.00,'opening','SEED-INV-OPEN-SEED-RECORD-BOOK','Seed sample: opening inventory balance',1,'2026-05-13 20:36:54'),(31,811,'SEED-OPEN-SEED-INDEX-CARDS','2026-03-20 04:36:54',154,96,10.00,'opening','SEED-INV-OPEN-SEED-INDEX-CARDS','Seed sample: opening inventory balance',1,'2026-05-13 20:36:54'),(32,812,'SEED-OPEN-SEED-STICKY-NOTES','2026-03-20 04:36:54',206,146,15.00,'opening','SEED-INV-OPEN-SEED-STICKY-NOTES','Seed sample: opening inventory balance',1,'2026-05-13 20:36:54'),(33,813,'SEED-OPEN-SEED-HIGHLIGHTER','2026-03-20 04:36:54',187,116,18.00,'opening','SEED-INV-OPEN-SEED-HIGHLIGHTER','Seed sample: opening inventory balance',1,'2026-05-13 20:36:54'),(34,814,'SEED-OPEN-SEED-MARKERS','2026-03-20 04:36:54',156,93,25.00,'opening','SEED-INV-OPEN-SEED-MARKERS','Seed sample: opening inventory balance',1,'2026-05-13 20:36:54'),(35,815,'SEED-OPEN-SEED-GLUE-STICK','2026-03-20 04:36:54',151,91,15.00,'opening','SEED-INV-OPEN-SEED-GLUE-STICK','Seed sample: opening inventory balance',1,'2026-05-13 20:36:54'),(36,816,'SEED-OPEN-SEED-BINDER-CLIP','2026-03-20 04:36:54',339,295,2.00,'opening','SEED-INV-OPEN-SEED-BINDER-CLIP','Seed sample: opening inventory balance',1,'2026-05-13 20:36:54'),(37,817,'SEED-OPEN-SEED-PAPER-CLIP','2026-03-20 04:36:54',574,499,0.50,'opening','SEED-INV-OPEN-SEED-PAPER-CLIP','Seed sample: opening inventory balance',1,'2026-05-13 20:36:54'),(38,818,'SEED-OPEN-SEED-CHALK','2026-03-20 04:36:54',155,100,10.00,'opening','SEED-INV-OPEN-SEED-CHALK','Seed sample: opening inventory balance',1,'2026-05-13 20:36:54'),(39,819,'SEED-OPEN-SEED-PRINT-PACK','2026-03-20 04:36:54',87,39,180.00,'opening','SEED-INV-OPEN-SEED-PRINT-PACK','Seed sample: opening inventory balance',1,'2026-05-13 20:36:54'),(40,820,'SEED-OPEN-SEED-STICKER-PPR','2026-03-20 04:36:54',115,77,30.00,'opening','SEED-INV-OPEN-SEED-STICKER-PPR','Seed sample: opening inventory balance',1,'2026-05-13 20:36:54'),(41,821,'SEED-OPEN-SEED-LONG-BOND','2026-03-20 04:36:54',125,38,185.00,'opening','SEED-INV-OPEN-SEED-LONG-BOND','Seed sample: opening inventory balance',1,'2026-05-13 20:36:54'),(42,822,'SEED-OPEN-SEED-PLASTIC-COVER','2026-03-20 04:36:54',170,99,15.00,'opening','SEED-INV-OPEN-SEED-PLASTIC-COVER','Seed sample: opening inventory balance',1,'2026-05-13 20:36:54'),(43,823,'SEED-OPEN-SEED-BASKET','2026-03-20 04:36:54',119,30,50.00,'opening','SEED-INV-OPEN-SEED-BASKET','Seed sample: opening inventory balance',1,'2026-05-13 20:36:54'),(44,824,'SEED-OPEN-SEED-PLASTIC-ORG','2026-03-20 04:36:54',78,9,120.00,'opening','SEED-INV-OPEN-SEED-PLASTIC-ORG','Seed sample: opening inventory balance',1,'2026-05-13 20:36:54'),(45,825,'SEED-OPEN-SEED-STORAGE-BOX','2026-03-20 04:36:54',117,35,40.00,'opening','SEED-INV-OPEN-SEED-STORAGE-BOX','Seed sample: opening inventory balance',1,'2026-05-13 20:36:54'),(46,826,'SEED-OPEN-SEED-FACE-MASK','2026-03-20 04:36:54',183,96,25.00,'opening','SEED-INV-OPEN-SEED-FACE-MASK','Seed sample: opening inventory balance',1,'2026-05-13 20:36:54'),(47,827,'SEED-OPEN-SEED-WET-WIPES','2026-03-20 04:36:54',140,99,20.00,'opening','SEED-INV-OPEN-SEED-WET-WIPES','Seed sample: opening inventory balance',1,'2026-05-13 20:36:54'),(48,828,'SEED-OPEN-SEED-ALCOHOL','2026-03-20 04:36:54',121,69,35.00,'opening','SEED-INV-OPEN-SEED-ALCOHOL','Seed sample: opening inventory balance',1,'2026-05-13 20:36:54'),(49,829,'SEED-OPEN-SEED-PACK-BAG','2026-03-20 04:36:54',566,498,2.00,'opening','SEED-INV-OPEN-SEED-PACK-BAG','Seed sample: opening inventory balance',1,'2026-05-13 20:36:54'),(50,830,'SEED-OPEN-SEED-STRESS-001','2026-03-20 04:36:54',254,174,32.00,'opening','SEED-INV-OPEN-SEED-STRESS-001','Seed sample: opening inventory balance',1,'2026-05-13 20:36:54'),(51,831,'SEED-OPEN-SEED-STRESS-002','2026-03-20 04:36:54',86,38,18.00,'opening','SEED-INV-OPEN-SEED-STRESS-002','Seed sample: opening inventory balance',1,'2026-05-13 20:36:54'),(52,832,'SEED-OPEN-SEED-STRESS-003','2026-03-20 04:36:54',149,61,42.00,'opening','SEED-INV-OPEN-SEED-STRESS-003','Seed sample: opening inventory balance',1,'2026-05-13 20:36:54'),(53,833,'SEED-OPEN-SEED-STRESS-004','2026-03-20 04:36:54',89,17,12.00,'opening','SEED-INV-OPEN-SEED-STRESS-004','Seed sample: opening inventory balance',1,'2026-05-13 20:36:54'),(54,834,'SEED-OPEN-SEED-STRESS-005','2026-03-20 04:36:54',265,209,35.00,'opening','SEED-INV-OPEN-SEED-STRESS-005','Seed sample: opening inventory balance',1,'2026-05-13 20:36:54'),(55,835,'SEED-OPEN-SEED-STRESS-006','2026-03-20 04:36:54',160,73,28.00,'opening','SEED-INV-OPEN-SEED-STRESS-006','Seed sample: opening inventory balance',1,'2026-05-13 20:36:54'),(56,836,'SEED-OPEN-SEED-STRESS-007','2026-03-20 04:36:54',131,47,5.00,'opening','SEED-INV-OPEN-SEED-STRESS-007','Seed sample: opening inventory balance',1,'2026-05-13 20:36:54'),(57,837,'SEED-OPEN-SEED-STRESS-008','2026-03-20 04:36:54',130,78,7.00,'opening','SEED-INV-OPEN-SEED-STRESS-008','Seed sample: opening inventory balance',1,'2026-05-13 20:36:54'),(58,838,'SEED-OPEN-SEED-STRESS-009','2026-03-20 04:36:54',130,45,18.00,'opening','SEED-INV-OPEN-SEED-STRESS-009','Seed sample: opening inventory balance',1,'2026-05-13 20:36:54'),(59,839,'SEED-OPEN-SEED-STRESS-010','2026-03-20 04:36:54',108,60,22.00,'opening','SEED-INV-OPEN-SEED-STRESS-010','Seed sample: opening inventory balance',1,'2026-05-13 20:36:54'),(60,840,'SEED-OPEN-SEED-STRESS-011','2026-03-20 04:36:54',139,63,4.00,'opening','SEED-INV-OPEN-SEED-STRESS-011','Seed sample: opening inventory balance',1,'2026-05-13 20:36:54'),(61,841,'SEED-OPEN-SEED-STRESS-012','2026-03-20 04:36:54',201,126,28.00,'opening','SEED-INV-OPEN-SEED-STRESS-012','Seed sample: opening inventory balance',1,'2026-05-13 20:36:54'),(62,842,'SEED-OPEN-SEED-STRESS-013','2026-03-20 04:36:54',104,62,28.00,'opening','SEED-INV-OPEN-SEED-STRESS-013','Seed sample: opening inventory balance',1,'2026-05-13 20:36:54'),(63,843,'SEED-OPEN-SEED-STRESS-014','2026-03-20 04:36:54',240,162,20.00,'opening','SEED-INV-OPEN-SEED-STRESS-014','Seed sample: opening inventory balance',1,'2026-05-13 20:36:54'),(64,844,'SEED-OPEN-SEED-STRESS-015','2026-03-20 04:36:54',241,183,20.00,'opening','SEED-INV-OPEN-SEED-STRESS-015','Seed sample: opening inventory balance',1,'2026-05-13 20:36:54'),(65,845,'SEED-OPEN-SEED-STRESS-016','2026-03-20 04:36:54',235,139,6.00,'opening','SEED-INV-OPEN-SEED-STRESS-016','Seed sample: opening inventory balance',1,'2026-05-13 20:36:54'),(66,846,'SEED-OPEN-SEED-STRESS-017','2026-03-20 04:36:54',220,151,8.00,'opening','SEED-INV-OPEN-SEED-STRESS-017','Seed sample: opening inventory balance',1,'2026-05-13 20:36:54'),(67,847,'SEED-OPEN-SEED-STRESS-018','2026-03-20 04:36:54',108,36,9.00,'opening','SEED-INV-OPEN-SEED-STRESS-018','Seed sample: opening inventory balance',1,'2026-05-13 20:36:54'),(68,848,'SEED-OPEN-SEED-STRESS-019','2026-03-20 04:36:54',142,54,8.00,'opening','SEED-INV-OPEN-SEED-STRESS-019','Seed sample: opening inventory balance',1,'2026-05-13 20:36:54'),(69,849,'SEED-OPEN-SEED-STRESS-020','2026-03-20 04:36:54',178,106,25.00,'opening','SEED-INV-OPEN-SEED-STRESS-020','Seed sample: opening inventory balance',1,'2026-05-13 20:36:54'),(70,850,'SEED-OPEN-SEED-STRESS-021','2026-03-20 04:36:54',75,30,35.00,'opening','SEED-INV-OPEN-SEED-STRESS-021','Seed sample: opening inventory balance',1,'2026-05-13 20:36:54'),(71,851,'SEED-OPEN-SEED-STRESS-022','2026-03-20 04:36:54',203,136,150.00,'opening','SEED-INV-OPEN-SEED-STRESS-022','Seed sample: opening inventory balance',1,'2026-05-13 20:36:54'),(72,852,'SEED-OPEN-SEED-STRESS-023','2026-03-20 04:36:54',130,52,220.00,'opening','SEED-INV-OPEN-SEED-STRESS-023','Seed sample: opening inventory balance',1,'2026-05-13 20:36:54'),(73,853,'SEED-OPEN-SEED-STRESS-024','2026-03-20 04:36:54',59,17,165.00,'opening','SEED-INV-OPEN-SEED-STRESS-024','Seed sample: opening inventory balance',1,'2026-05-13 20:36:54'),(74,854,'SEED-OPEN-SEED-STRESS-025','2026-03-20 04:36:54',183,116,165.00,'opening','SEED-INV-OPEN-SEED-STRESS-025','Seed sample: opening inventory balance',1,'2026-05-13 20:36:54'),(75,855,'SEED-OPEN-SEED-STRESS-026','2026-03-20 04:36:54',104,11,165.00,'opening','SEED-INV-OPEN-SEED-STRESS-026','Seed sample: opening inventory balance',1,'2026-05-13 20:36:54'),(76,856,'SEED-OPEN-SEED-STRESS-027','2026-03-20 04:36:54',149,86,165.00,'opening','SEED-INV-OPEN-SEED-STRESS-027','Seed sample: opening inventory balance',1,'2026-05-13 20:36:54'),(77,857,'SEED-OPEN-SEED-STRESS-028','2026-03-20 04:36:54',285,204,28.00,'opening','SEED-INV-OPEN-SEED-STRESS-028','Seed sample: opening inventory balance',1,'2026-05-13 20:36:54'),(78,858,'SEED-OPEN-SEED-STRESS-029','2026-03-20 04:36:54',100,43,95.00,'opening','SEED-INV-OPEN-SEED-STRESS-029','Seed sample: opening inventory balance',1,'2026-05-13 20:36:54'),(79,859,'SEED-OPEN-SEED-STRESS-030','2026-03-20 04:36:54',236,183,3.00,'opening','SEED-INV-OPEN-SEED-STRESS-030','Seed sample: opening inventory balance',1,'2026-05-13 20:36:54'),(80,860,'SEED-OPEN-SEED-STRESS-031','2026-03-20 04:36:54',178,127,4.00,'opening','SEED-INV-OPEN-SEED-STRESS-031','Seed sample: opening inventory balance',1,'2026-05-13 20:36:54'),(81,861,'SEED-OPEN-SEED-STRESS-032','2026-03-20 04:36:54',249,175,5.00,'opening','SEED-INV-OPEN-SEED-STRESS-032','Seed sample: opening inventory balance',1,'2026-05-13 20:36:54'),(82,862,'SEED-OPEN-SEED-STRESS-033','2026-03-20 04:36:54',275,187,4.00,'opening','SEED-INV-OPEN-SEED-STRESS-033','Seed sample: opening inventory balance',1,'2026-05-13 20:36:54'),(83,863,'SEED-OPEN-SEED-STRESS-034','2026-03-20 04:36:54',241,194,180.00,'opening','SEED-INV-OPEN-SEED-STRESS-034','Seed sample: opening inventory balance',1,'2026-05-13 20:36:54'),(84,864,'SEED-OPEN-SEED-STRESS-035','2026-03-20 04:36:54',197,155,6.00,'opening','SEED-INV-OPEN-SEED-STRESS-035','Seed sample: opening inventory balance',1,'2026-05-13 20:36:54'),(85,865,'SEED-OPEN-SEED-STRESS-036','2026-03-20 04:36:54',175,127,320.00,'opening','SEED-INV-OPEN-SEED-STRESS-036','Seed sample: opening inventory balance',1,'2026-05-13 20:36:54'),(86,866,'SEED-OPEN-SEED-STRESS-037','2026-03-20 04:36:54',209,118,980.00,'opening','SEED-INV-OPEN-SEED-STRESS-037','Seed sample: opening inventory balance',1,'2026-05-13 20:36:54'),(87,867,'SEED-OPEN-SEED-STRESS-038','2026-03-20 04:36:54',237,159,1120.00,'opening','SEED-INV-OPEN-SEED-STRESS-038','Seed sample: opening inventory balance',1,'2026-05-13 20:36:54'),(88,868,'SEED-OPEN-SEED-STRESS-039','2026-03-20 04:36:54',215,139,1160.00,'opening','SEED-INV-OPEN-SEED-STRESS-039','Seed sample: opening inventory balance',1,'2026-05-13 20:36:54'),(89,869,'SEED-OPEN-SEED-STRESS-040','2026-03-20 04:36:54',196,107,210.00,'opening','SEED-INV-OPEN-SEED-STRESS-040','Seed sample: opening inventory balance',1,'2026-05-13 20:36:54'),(90,870,'SEED-OPEN-SEED-STRESS-041','2026-03-20 04:36:54',121,62,180.00,'opening','SEED-INV-OPEN-SEED-STRESS-041','Seed sample: opening inventory balance',1,'2026-05-13 20:36:54'),(91,871,'SEED-OPEN-SEED-STRESS-042','2026-03-20 04:36:54',173,111,95.00,'opening','SEED-INV-OPEN-SEED-STRESS-042','Seed sample: opening inventory balance',1,'2026-05-13 20:36:54'),(92,872,'SEED-OPEN-SEED-STRESS-043','2026-03-20 04:36:54',112,31,35.00,'opening','SEED-INV-OPEN-SEED-STRESS-043','Seed sample: opening inventory balance',1,'2026-05-13 20:36:54'),(93,873,'SEED-OPEN-SEED-STRESS-044','2026-03-20 04:36:54',209,116,35.00,'opening','SEED-INV-OPEN-SEED-STRESS-044','Seed sample: opening inventory balance',1,'2026-05-13 20:36:54'),(94,874,'SEED-OPEN-SEED-STRESS-045','2026-03-20 04:36:54',92,34,42.00,'opening','SEED-INV-OPEN-SEED-STRESS-045','Seed sample: opening inventory balance',1,'2026-05-13 20:36:54'),(95,875,'SEED-OPEN-SEED-STRESS-046','2026-03-20 04:36:54',143,61,45.00,'opening','SEED-INV-OPEN-SEED-STRESS-046','Seed sample: opening inventory balance',1,'2026-05-13 20:36:54'),(96,876,'SEED-OPEN-SEED-STRESS-047','2026-03-20 04:36:54',118,26,280.00,'opening','SEED-INV-OPEN-SEED-STRESS-047','Seed sample: opening inventory balance',1,'2026-05-13 20:36:54'),(97,877,'SEED-OPEN-SEED-STRESS-048','2026-03-20 04:36:54',273,209,75.00,'opening','SEED-INV-OPEN-SEED-STRESS-048','Seed sample: opening inventory balance',1,'2026-05-13 20:36:54'),(98,878,'SEED-OPEN-SEED-STRESS-049','2026-03-20 04:36:54',113,22,55.00,'opening','SEED-INV-OPEN-SEED-STRESS-049','Seed sample: opening inventory balance',1,'2026-05-13 20:36:54'),(99,879,'SEED-OPEN-SEED-STRESS-050','2026-03-20 04:36:54',227,156,48.00,'opening','SEED-INV-OPEN-SEED-STRESS-050','Seed sample: opening inventory balance',1,'2026-05-13 20:36:54'),(100,880,'SEED-OPEN-SEED-STRESS-051','2026-03-20 04:36:54',68,17,65.00,'opening','SEED-INV-OPEN-SEED-STRESS-051','Seed sample: opening inventory balance',1,'2026-05-13 20:36:54'),(101,881,'SEED-OPEN-SEED-STRESS-052','2026-03-20 04:36:54',226,175,18.00,'opening','SEED-INV-OPEN-SEED-STRESS-052','Seed sample: opening inventory balance',1,'2026-05-13 20:36:54'),(102,882,'SEED-OPEN-SEED-STRESS-053','2026-03-20 04:36:54',262,178,15.00,'opening','SEED-INV-OPEN-SEED-STRESS-053','Seed sample: opening inventory balance',1,'2026-05-13 20:36:54'),(103,883,'SEED-OPEN-SEED-STRESS-054','2026-03-20 04:36:54',73,15,22.00,'opening','SEED-INV-OPEN-SEED-STRESS-054','Seed sample: opening inventory balance',1,'2026-05-13 20:36:54'),(104,884,'SEED-OPEN-SEED-STRESS-055','2026-03-20 04:36:54',237,167,75.00,'opening','SEED-INV-OPEN-SEED-STRESS-055','Seed sample: opening inventory balance',1,'2026-05-13 20:36:54'),(105,885,'SEED-OPEN-SEED-STRESS-056','2026-03-20 04:36:54',185,113,14.00,'opening','SEED-INV-OPEN-SEED-STRESS-056','Seed sample: opening inventory balance',1,'2026-05-13 20:36:54'),(106,886,'SEED-OPEN-SEED-STRESS-057','2026-03-20 04:36:54',110,73,35.00,'opening','SEED-INV-OPEN-SEED-STRESS-057','Seed sample: opening inventory balance',1,'2026-05-13 20:36:54'),(107,887,'SEED-OPEN-SEED-STRESS-058','2026-03-20 04:36:54',208,127,25.00,'opening','SEED-INV-OPEN-SEED-STRESS-058','Seed sample: opening inventory balance',1,'2026-05-13 20:36:54'),(108,888,'SEED-OPEN-SEED-STRESS-059','2026-03-20 04:36:54',287,202,55.00,'opening','SEED-INV-OPEN-SEED-STRESS-059','Seed sample: opening inventory balance',1,'2026-05-13 20:36:54'),(109,889,'SEED-OPEN-SEED-STRESS-060','2026-03-20 04:36:54',254,188,85.00,'opening','SEED-INV-OPEN-SEED-STRESS-060','Seed sample: opening inventory balance',1,'2026-05-13 20:36:54');
/*!40000 ALTER TABLE `inventory_stock_batches` ENABLE KEYS */;
UNLOCK TABLES;

--
-- Table structure for table `inventory_stock_movements`
--

DROP TABLE IF EXISTS `inventory_stock_movements`;
/*!40101 SET @saved_cs_client     = @@character_set_client */;
/*!50503 SET character_set_client = utf8mb4 */;
CREATE TABLE `inventory_stock_movements` (
  `id` bigint NOT NULL AUTO_INCREMENT,
  `product_id` int NOT NULL,
  `batch_id` int DEFAULT NULL,
  `sale_id` int DEFAULT NULL,
  `movement_date` datetime NOT NULL DEFAULT CURRENT_TIMESTAMP,
  `movement_type` enum('opening','stock_in','stock_out','sale','adjustment') NOT NULL,
  `quantity_change` int NOT NULL,
  `unit_cost` decimal(12,2) NOT NULL DEFAULT '0.00',
  `total_cost` decimal(12,2) NOT NULL DEFAULT '0.00',
  `reference_no` varchar(100) DEFAULT NULL,
  `notes` varchar(255) DEFAULT NULL,
  `created_by` int DEFAULT NULL,
  `created_at` timestamp NULL DEFAULT CURRENT_TIMESTAMP,
  PRIMARY KEY (`id`),
  KEY `idx_stock_movements_product_date` (`product_id`,`movement_date`),
  KEY `idx_stock_movements_batch` (`batch_id`),
  KEY `idx_stock_movements_sale` (`sale_id`),
  KEY `fk_stock_movement_user` (`created_by`),
  CONSTRAINT `fk_stock_movement_batch` FOREIGN KEY (`batch_id`) REFERENCES `inventory_stock_batches` (`id`) ON DELETE SET NULL,
  CONSTRAINT `fk_stock_movement_product` FOREIGN KEY (`product_id`) REFERENCES `products` (`id`),
  CONSTRAINT `fk_stock_movement_sale` FOREIGN KEY (`sale_id`) REFERENCES `sales` (`id`) ON DELETE SET NULL,
  CONSTRAINT `fk_stock_movement_user` FOREIGN KEY (`created_by`) REFERENCES `users` (`id`) ON DELETE SET NULL
) ENGINE=InnoDB AUTO_INCREMENT=357 DEFAULT CHARSET=utf8mb4 COLLATE=utf8mb4_0900_ai_ci;
/*!40101 SET character_set_client = @saved_cs_client */;

--
-- Dumping data for table `inventory_stock_movements`
--

LOCK TABLES `inventory_stock_movements` WRITE;
/*!40000 ALTER TABLE `inventory_stock_movements` DISABLE KEYS */;
INSERT INTO `inventory_stock_movements` VALUES (1,773,1,NULL,'2026-03-20 04:36:54','opening',124,185.00,22940.00,'SEED-INV-OPEN-SEED-A4-REAM','Seed sample: opening inventory movement',1,'2026-05-13 20:36:54'),(2,774,2,NULL,'2026-03-20 04:36:54','opening',123,175.00,21525.00,'SEED-INV-OPEN-SEED-SHORT-REAM','Seed sample: opening inventory movement',1,'2026-05-13 20:36:54'),(3,775,3,NULL,'2026-03-20 04:36:54','opening',149,24.00,3576.00,'SEED-INV-OPEN-SEED-YELLOW-PAD','Seed sample: opening inventory movement',1,'2026-05-13 20:36:54'),(4,776,4,NULL,'2026-03-20 04:36:54','opening',116,18.00,2088.00,'SEED-INV-OPEN-SEED-INTER-PAD','Seed sample: opening inventory movement',1,'2026-05-13 20:36:54'),(5,777,5,NULL,'2026-03-20 04:36:54','opening',144,22.00,3168.00,'SEED-INV-OPEN-SEED-NOTE-A4','Seed sample: opening inventory movement',1,'2026-05-13 20:36:54'),(6,777,5,NULL,'2026-05-04 04:36:54','adjustment',-24,22.00,528.00,'SEED-INV-ADJ-SEED-NOTE-A4','Seed sample: inventory count adjustment',1,'2026-05-13 20:36:54'),(7,778,6,NULL,'2026-03-20 04:36:54','opening',249,7.50,1867.50,'SEED-INV-OPEN-SEED-PEN-BLK','Seed sample: opening inventory movement',1,'2026-05-13 20:36:54'),(8,779,7,NULL,'2026-03-20 04:36:54','opening',217,7.50,1627.50,'SEED-INV-OPEN-SEED-PEN-BLU','Seed sample: opening inventory movement',1,'2026-05-13 20:36:54'),(9,780,8,NULL,'2026-03-20 04:36:54','opening',163,4.00,652.00,'SEED-INV-OPEN-SEED-PENCIL-HB','Seed sample: opening inventory movement',1,'2026-05-13 20:36:54'),(10,781,9,NULL,'2026-03-20 04:36:54','opening',166,5.00,830.00,'SEED-INV-OPEN-SEED-FOLDER-LONG','Seed sample: opening inventory movement',1,'2026-05-13 20:36:54'),(11,782,10,NULL,'2026-03-20 04:36:54','opening',145,4.50,652.50,'SEED-INV-OPEN-SEED-ENVELOPE-BRN','Seed sample: opening inventory movement',1,'2026-05-13 20:36:54'),(12,782,10,NULL,'2026-05-04 04:36:54','adjustment',-16,4.50,72.00,'SEED-INV-ADJ-SEED-ENVELOPE-BRN','Seed sample: inventory count adjustment',1,'2026-05-13 20:36:54'),(13,783,11,NULL,'2026-03-20 04:36:54','opening',66,22.00,1452.00,'SEED-INV-OPEN-SEED-CORR-TAPE','Seed sample: opening inventory movement',1,'2026-05-13 20:36:54'),(14,783,11,NULL,'2026-05-04 04:36:54','adjustment',-20,22.00,440.00,'SEED-INV-ADJ-SEED-CORR-TAPE','Seed sample: inventory count adjustment',1,'2026-05-13 20:36:54'),(15,784,12,NULL,'2026-03-20 04:36:54','opening',96,9.00,864.00,'SEED-INV-OPEN-SEED-ID-LACE','Seed sample: opening inventory movement',1,'2026-05-13 20:36:54'),(16,784,12,NULL,'2026-05-04 04:36:54','adjustment',-25,9.00,225.00,'SEED-INV-ADJ-SEED-ID-LACE','Seed sample: inventory count adjustment',1,'2026-05-13 20:36:54'),(17,785,13,NULL,'2026-03-20 04:36:54','opening',95,18.00,1710.00,'SEED-INV-OPEN-SEED-ID-CARD','Seed sample: opening inventory movement',1,'2026-05-13 20:36:54'),(18,785,13,NULL,'2026-05-04 04:36:54','adjustment',-15,18.00,270.00,'SEED-INV-ADJ-SEED-ID-CARD','Seed sample: inventory count adjustment',1,'2026-05-13 20:36:54'),(19,786,14,NULL,'2026-03-20 04:36:54','opening',146,6.00,876.00,'SEED-INV-OPEN-SEED-ID-JACKET','Seed sample: opening inventory movement',1,'2026-05-13 20:36:54'),(20,787,15,NULL,'2026-03-20 04:36:54','opening',83,12.00,996.00,'SEED-INV-OPEN-SEED-ID-HOLDER','Seed sample: opening inventory movement',1,'2026-05-13 20:36:54'),(21,787,15,NULL,'2026-05-04 04:36:54','adjustment',-22,12.00,264.00,'SEED-INV-ADJ-SEED-ID-HOLDER','Seed sample: inventory count adjustment',1,'2026-05-13 20:36:54'),(22,796,16,NULL,'2026-03-20 04:36:54','opening',85,95.00,8075.00,'SEED-INV-OPEN-SEED-TILAPIA-KG','Seed sample: opening inventory movement',1,'2026-05-13 20:36:54'),(23,797,17,NULL,'2026-03-20 04:36:54','opening',73,90.00,6570.00,'SEED-INV-OPEN-SEED-CATFISH-KG','Seed sample: opening inventory movement',1,'2026-05-13 20:36:54'),(24,797,17,NULL,'2026-05-04 04:36:54','adjustment',-5,90.00,450.00,'SEED-INV-ADJ-SEED-CATFISH-KG','Seed sample: inventory count adjustment',1,'2026-05-13 20:36:54'),(25,798,18,NULL,'2026-03-20 04:36:54','opening',65,45.00,2925.00,'SEED-INV-OPEN-SEED-VEG-SEEDLING','Seed sample: opening inventory movement',1,'2026-05-13 20:36:54'),(26,798,18,NULL,'2026-05-04 04:36:54','adjustment',-25,45.00,1125.00,'SEED-INV-ADJ-SEED-VEG-SEEDLING','Seed sample: inventory count adjustment',1,'2026-05-13 20:36:54'),(27,799,19,NULL,'2026-03-20 04:36:54','opening',161,20.00,3220.00,'SEED-INV-OPEN-SEED-NOTEBOOKS','Seed sample: opening inventory movement',1,'2026-05-13 20:36:54'),(28,800,20,NULL,'2026-03-20 04:36:54','opening',169,15.00,2535.00,'SEED-INV-OPEN-SEED-WRITING-PADS','Seed sample: opening inventory movement',1,'2026-05-13 20:36:54'),(29,801,21,NULL,'2026-03-20 04:36:54','opening',168,25.00,4200.00,'SEED-INV-OPEN-SEED-YELLOW-LEGAL','Seed sample: opening inventory movement',1,'2026-05-13 20:36:54'),(30,802,22,NULL,'2026-03-20 04:36:54','opening',574,0.50,287.00,'SEED-INV-OPEN-SEED-LOOSE-BOND','Seed sample: opening inventory movement',1,'2026-05-13 20:36:54'),(31,803,23,NULL,'2026-03-20 04:36:54','opening',475,1.00,475.00,'SEED-INV-OPEN-SEED-COLOR-PAPER','Seed sample: opening inventory movement',1,'2026-05-13 20:36:54'),(32,804,24,NULL,'2026-03-20 04:36:54','opening',233,8.00,1864.00,'SEED-INV-OPEN-SEED-FOLDER-ENV','Seed sample: opening inventory movement',1,'2026-05-13 20:36:54'),(33,805,25,NULL,'2026-03-20 04:36:54','opening',166,10.00,1660.00,'SEED-INV-OPEN-SEED-PLASTIC-FOLDER','Seed sample: opening inventory movement',1,'2026-05-13 20:36:54'),(34,806,26,NULL,'2026-03-20 04:36:54','opening',179,12.00,2148.00,'SEED-INV-OPEN-SEED-CLEAR-ENV','Seed sample: opening inventory movement',1,'2026-05-13 20:36:54'),(35,807,27,NULL,'2026-03-20 04:36:54','opening',85,30.00,2550.00,'SEED-INV-OPEN-SEED-EXP-FOLDER','Seed sample: opening inventory movement',1,'2026-05-13 20:36:54'),(36,808,28,NULL,'2026-03-20 04:36:54','opening',283,5.00,1415.00,'SEED-INV-OPEN-SEED-DOC-SLEEVES','Seed sample: opening inventory movement',1,'2026-05-13 20:36:54'),(37,808,28,NULL,'2026-05-04 04:36:54','adjustment',-21,5.00,105.00,'SEED-INV-ADJ-SEED-DOC-SLEEVES','Seed sample: inventory count adjustment',1,'2026-05-13 20:36:54'),(38,809,29,NULL,'2026-03-20 04:36:54','opening',112,80.00,8960.00,'SEED-INV-OPEN-SEED-RING-BINDER','Seed sample: opening inventory movement',1,'2026-05-13 20:36:54'),(39,809,29,NULL,'2026-05-04 04:36:54','adjustment',-9,80.00,720.00,'SEED-INV-ADJ-SEED-RING-BINDER','Seed sample: inventory count adjustment',1,'2026-05-13 20:36:54'),(40,810,30,NULL,'2026-03-20 04:36:54','opening',143,45.00,6435.00,'SEED-INV-OPEN-SEED-RECORD-BOOK','Seed sample: opening inventory movement',1,'2026-05-13 20:36:54'),(41,811,31,NULL,'2026-03-20 04:36:54','opening',154,10.00,1540.00,'SEED-INV-OPEN-SEED-INDEX-CARDS','Seed sample: opening inventory movement',1,'2026-05-13 20:36:54'),(42,811,31,NULL,'2026-05-04 04:36:54','adjustment',-24,10.00,240.00,'SEED-INV-ADJ-SEED-INDEX-CARDS','Seed sample: inventory count adjustment',1,'2026-05-13 20:36:54'),(43,812,32,NULL,'2026-03-20 04:36:54','opening',206,15.00,3090.00,'SEED-INV-OPEN-SEED-STICKY-NOTES','Seed sample: opening inventory movement',1,'2026-05-13 20:36:54'),(44,812,32,NULL,'2026-05-04 04:36:54','adjustment',-13,15.00,195.00,'SEED-INV-ADJ-SEED-STICKY-NOTES','Seed sample: inventory count adjustment',1,'2026-05-13 20:36:54'),(45,813,33,NULL,'2026-03-20 04:36:54','opening',187,18.00,3366.00,'SEED-INV-OPEN-SEED-HIGHLIGHTER','Seed sample: opening inventory movement',1,'2026-05-13 20:36:54'),(46,814,34,NULL,'2026-03-20 04:36:54','opening',156,25.00,3900.00,'SEED-INV-OPEN-SEED-MARKERS','Seed sample: opening inventory movement',1,'2026-05-13 20:36:54'),(47,814,34,NULL,'2026-05-04 04:36:54','adjustment',-22,25.00,550.00,'SEED-INV-ADJ-SEED-MARKERS','Seed sample: inventory count adjustment',1,'2026-05-13 20:36:54'),(48,815,35,NULL,'2026-03-20 04:36:54','opening',151,15.00,2265.00,'SEED-INV-OPEN-SEED-GLUE-STICK','Seed sample: opening inventory movement',1,'2026-05-13 20:36:54'),(49,816,36,NULL,'2026-03-20 04:36:54','opening',339,2.00,678.00,'SEED-INV-OPEN-SEED-BINDER-CLIP','Seed sample: opening inventory movement',1,'2026-05-13 20:36:54'),(50,817,37,NULL,'2026-03-20 04:36:54','opening',574,0.50,287.00,'SEED-INV-OPEN-SEED-PAPER-CLIP','Seed sample: opening inventory movement',1,'2026-05-13 20:36:54'),(51,818,38,NULL,'2026-03-20 04:36:54','opening',155,10.00,1550.00,'SEED-INV-OPEN-SEED-CHALK','Seed sample: opening inventory movement',1,'2026-05-13 20:36:54'),(52,818,38,NULL,'2026-05-04 04:36:54','adjustment',-11,10.00,110.00,'SEED-INV-ADJ-SEED-CHALK','Seed sample: inventory count adjustment',1,'2026-05-13 20:36:54'),(53,819,39,NULL,'2026-03-20 04:36:54','opening',87,180.00,15660.00,'SEED-INV-OPEN-SEED-PRINT-PACK','Seed sample: opening inventory movement',1,'2026-05-13 20:36:54'),(54,820,40,NULL,'2026-03-20 04:36:54','opening',115,30.00,3450.00,'SEED-INV-OPEN-SEED-STICKER-PPR','Seed sample: opening inventory movement',1,'2026-05-13 20:36:54'),(55,820,40,NULL,'2026-05-04 04:36:54','adjustment',-15,30.00,450.00,'SEED-INV-ADJ-SEED-STICKER-PPR','Seed sample: inventory count adjustment',1,'2026-05-13 20:36:54'),(56,821,41,NULL,'2026-03-20 04:36:54','opening',125,185.00,23125.00,'SEED-INV-OPEN-SEED-LONG-BOND','Seed sample: opening inventory movement',1,'2026-05-13 20:36:54'),(57,822,42,NULL,'2026-03-20 04:36:54','opening',170,15.00,2550.00,'SEED-INV-OPEN-SEED-PLASTIC-COVER','Seed sample: opening inventory movement',1,'2026-05-13 20:36:54'),(58,822,42,NULL,'2026-05-04 04:36:54','adjustment',-11,15.00,165.00,'SEED-INV-ADJ-SEED-PLASTIC-COVER','Seed sample: inventory count adjustment',1,'2026-05-13 20:36:54'),(59,823,43,NULL,'2026-03-20 04:36:54','opening',119,50.00,5950.00,'SEED-INV-OPEN-SEED-BASKET','Seed sample: opening inventory movement',1,'2026-05-13 20:36:54'),(60,824,44,NULL,'2026-03-20 04:36:54','opening',78,120.00,9360.00,'SEED-INV-OPEN-SEED-PLASTIC-ORG','Seed sample: opening inventory movement',1,'2026-05-13 20:36:54'),(61,824,44,NULL,'2026-05-04 04:36:54','adjustment',-20,120.00,2400.00,'SEED-INV-ADJ-SEED-PLASTIC-ORG','Seed sample: inventory count adjustment',1,'2026-05-13 20:36:54'),(62,825,45,NULL,'2026-03-20 04:36:54','opening',117,40.00,4680.00,'SEED-INV-OPEN-SEED-STORAGE-BOX','Seed sample: opening inventory movement',1,'2026-05-13 20:36:54'),(63,826,46,NULL,'2026-03-20 04:36:54','opening',183,25.00,4575.00,'SEED-INV-OPEN-SEED-FACE-MASK','Seed sample: opening inventory movement',1,'2026-05-13 20:36:54'),(64,827,47,NULL,'2026-03-20 04:36:54','opening',140,20.00,2800.00,'SEED-INV-OPEN-SEED-WET-WIPES','Seed sample: opening inventory movement',1,'2026-05-13 20:36:54'),(65,827,47,NULL,'2026-05-04 04:36:54','adjustment',-22,20.00,440.00,'SEED-INV-ADJ-SEED-WET-WIPES','Seed sample: inventory count adjustment',1,'2026-05-13 20:36:54'),(66,828,48,NULL,'2026-03-20 04:36:54','opening',121,35.00,4235.00,'SEED-INV-OPEN-SEED-ALCOHOL','Seed sample: opening inventory movement',1,'2026-05-13 20:36:54'),(67,829,49,NULL,'2026-03-20 04:36:54','opening',566,2.00,1132.00,'SEED-INV-OPEN-SEED-PACK-BAG','Seed sample: opening inventory movement',1,'2026-05-13 20:36:54'),(68,829,49,NULL,'2026-05-04 04:36:54','adjustment',-12,2.00,24.00,'SEED-INV-ADJ-SEED-PACK-BAG','Seed sample: inventory count adjustment',1,'2026-05-13 20:36:54'),(69,830,50,NULL,'2026-03-20 04:36:54','opening',254,32.00,8128.00,'SEED-INV-OPEN-SEED-STRESS-001','Seed sample: opening inventory movement',1,'2026-05-13 20:36:54'),(70,831,51,NULL,'2026-03-20 04:36:54','opening',86,18.00,1548.00,'SEED-INV-OPEN-SEED-STRESS-002','Seed sample: opening inventory movement',1,'2026-05-13 20:36:54'),(71,832,52,NULL,'2026-03-20 04:36:54','opening',149,42.00,6258.00,'SEED-INV-OPEN-SEED-STRESS-003','Seed sample: opening inventory movement',1,'2026-05-13 20:36:54'),(72,833,53,NULL,'2026-03-20 04:36:54','opening',89,12.00,1068.00,'SEED-INV-OPEN-SEED-STRESS-004','Seed sample: opening inventory movement',1,'2026-05-13 20:36:54'),(73,833,53,NULL,'2026-05-04 04:36:54','adjustment',-22,12.00,264.00,'SEED-INV-ADJ-SEED-STRESS-004','Seed sample: inventory count adjustment',1,'2026-05-13 20:36:54'),(74,834,54,NULL,'2026-03-20 04:36:54','opening',265,35.00,9275.00,'SEED-INV-OPEN-SEED-STRESS-005','Seed sample: opening inventory movement',1,'2026-05-13 20:36:54'),(75,835,55,NULL,'2026-03-20 04:36:54','opening',160,28.00,4480.00,'SEED-INV-OPEN-SEED-STRESS-006','Seed sample: opening inventory movement',1,'2026-05-13 20:36:54'),(76,836,56,NULL,'2026-03-20 04:36:54','opening',131,5.00,655.00,'SEED-INV-OPEN-SEED-STRESS-007','Seed sample: opening inventory movement',1,'2026-05-13 20:36:54'),(77,837,57,NULL,'2026-03-20 04:36:54','opening',130,7.00,910.00,'SEED-INV-OPEN-SEED-STRESS-008','Seed sample: opening inventory movement',1,'2026-05-13 20:36:54'),(78,837,57,NULL,'2026-05-04 04:36:54','adjustment',-16,7.00,112.00,'SEED-INV-ADJ-SEED-STRESS-008','Seed sample: inventory count adjustment',1,'2026-05-13 20:36:54'),(79,838,58,NULL,'2026-03-20 04:36:54','opening',130,18.00,2340.00,'SEED-INV-OPEN-SEED-STRESS-009','Seed sample: opening inventory movement',1,'2026-05-13 20:36:54'),(80,838,58,NULL,'2026-05-04 04:36:54','adjustment',-5,18.00,90.00,'SEED-INV-ADJ-SEED-STRESS-009','Seed sample: inventory count adjustment',1,'2026-05-13 20:36:54'),(81,839,59,NULL,'2026-03-20 04:36:54','opening',108,22.00,2376.00,'SEED-INV-OPEN-SEED-STRESS-010','Seed sample: opening inventory movement',1,'2026-05-13 20:36:54'),(82,840,60,NULL,'2026-03-20 04:36:54','opening',139,4.00,556.00,'SEED-INV-OPEN-SEED-STRESS-011','Seed sample: opening inventory movement',1,'2026-05-13 20:36:54'),(83,841,61,NULL,'2026-03-20 04:36:54','opening',201,28.00,5628.00,'SEED-INV-OPEN-SEED-STRESS-012','Seed sample: opening inventory movement',1,'2026-05-13 20:36:54'),(84,842,62,NULL,'2026-03-20 04:36:54','opening',104,28.00,2912.00,'SEED-INV-OPEN-SEED-STRESS-013','Seed sample: opening inventory movement',1,'2026-05-13 20:36:54'),(85,843,63,NULL,'2026-03-20 04:36:54','opening',240,20.00,4800.00,'SEED-INV-OPEN-SEED-STRESS-014','Seed sample: opening inventory movement',1,'2026-05-13 20:36:54'),(86,844,64,NULL,'2026-03-20 04:36:54','opening',241,20.00,4820.00,'SEED-INV-OPEN-SEED-STRESS-015','Seed sample: opening inventory movement',1,'2026-05-13 20:36:54'),(87,845,65,NULL,'2026-03-20 04:36:54','opening',235,6.00,1410.00,'SEED-INV-OPEN-SEED-STRESS-016','Seed sample: opening inventory movement',1,'2026-05-13 20:36:54'),(88,846,66,NULL,'2026-03-20 04:36:54','opening',220,8.00,1760.00,'SEED-INV-OPEN-SEED-STRESS-017','Seed sample: opening inventory movement',1,'2026-05-13 20:36:54'),(89,847,67,NULL,'2026-03-20 04:36:54','opening',108,9.00,972.00,'SEED-INV-OPEN-SEED-STRESS-018','Seed sample: opening inventory movement',1,'2026-05-13 20:36:54'),(90,848,68,NULL,'2026-03-20 04:36:54','opening',142,8.00,1136.00,'SEED-INV-OPEN-SEED-STRESS-019','Seed sample: opening inventory movement',1,'2026-05-13 20:36:54'),(91,848,68,NULL,'2026-05-04 04:36:54','adjustment',-17,8.00,136.00,'SEED-INV-ADJ-SEED-STRESS-019','Seed sample: inventory count adjustment',1,'2026-05-13 20:36:54'),(92,849,69,NULL,'2026-03-20 04:36:54','opening',178,25.00,4450.00,'SEED-INV-OPEN-SEED-STRESS-020','Seed sample: opening inventory movement',1,'2026-05-13 20:36:54'),(93,849,69,NULL,'2026-05-04 04:36:54','adjustment',-7,25.00,175.00,'SEED-INV-ADJ-SEED-STRESS-020','Seed sample: inventory count adjustment',1,'2026-05-13 20:36:54'),(94,850,70,NULL,'2026-03-20 04:36:54','opening',75,35.00,2625.00,'SEED-INV-OPEN-SEED-STRESS-021','Seed sample: opening inventory movement',1,'2026-05-13 20:36:54'),(95,850,70,NULL,'2026-05-04 04:36:54','adjustment',-11,35.00,385.00,'SEED-INV-ADJ-SEED-STRESS-021','Seed sample: inventory count adjustment',1,'2026-05-13 20:36:54'),(96,851,71,NULL,'2026-03-20 04:36:54','opening',203,150.00,30450.00,'SEED-INV-OPEN-SEED-STRESS-022','Seed sample: opening inventory movement',1,'2026-05-13 20:36:54'),(97,852,72,NULL,'2026-03-20 04:36:54','opening',130,220.00,28600.00,'SEED-INV-OPEN-SEED-STRESS-023','Seed sample: opening inventory movement',1,'2026-05-13 20:36:54'),(98,853,73,NULL,'2026-03-20 04:36:54','opening',59,165.00,9735.00,'SEED-INV-OPEN-SEED-STRESS-024','Seed sample: opening inventory movement',1,'2026-05-13 20:36:54'),(99,853,73,NULL,'2026-05-04 04:36:54','adjustment',-23,165.00,3795.00,'SEED-INV-ADJ-SEED-STRESS-024','Seed sample: inventory count adjustment',1,'2026-05-13 20:36:54'),(100,854,74,NULL,'2026-03-20 04:36:54','opening',183,165.00,30195.00,'SEED-INV-OPEN-SEED-STRESS-025','Seed sample: opening inventory movement',1,'2026-05-13 20:36:54'),(101,855,75,NULL,'2026-03-20 04:36:54','opening',104,165.00,17160.00,'SEED-INV-OPEN-SEED-STRESS-026','Seed sample: opening inventory movement',1,'2026-05-13 20:36:54'),(102,855,75,NULL,'2026-05-04 04:36:54','adjustment',-18,165.00,2970.00,'SEED-INV-ADJ-SEED-STRESS-026','Seed sample: inventory count adjustment',1,'2026-05-13 20:36:54'),(103,856,76,NULL,'2026-03-20 04:36:54','opening',149,165.00,24585.00,'SEED-INV-OPEN-SEED-STRESS-027','Seed sample: opening inventory movement',1,'2026-05-13 20:36:54'),(104,857,77,NULL,'2026-03-20 04:36:54','opening',285,28.00,7980.00,'SEED-INV-OPEN-SEED-STRESS-028','Seed sample: opening inventory movement',1,'2026-05-13 20:36:54'),(105,857,77,NULL,'2026-05-04 04:36:54','adjustment',-21,28.00,588.00,'SEED-INV-ADJ-SEED-STRESS-028','Seed sample: inventory count adjustment',1,'2026-05-13 20:36:54'),(106,858,78,NULL,'2026-03-20 04:36:54','opening',100,95.00,9500.00,'SEED-INV-OPEN-SEED-STRESS-029','Seed sample: opening inventory movement',1,'2026-05-13 20:36:54'),(107,859,79,NULL,'2026-03-20 04:36:54','opening',236,3.00,708.00,'SEED-INV-OPEN-SEED-STRESS-030','Seed sample: opening inventory movement',1,'2026-05-13 20:36:54'),(108,860,80,NULL,'2026-03-20 04:36:54','opening',178,4.00,712.00,'SEED-INV-OPEN-SEED-STRESS-031','Seed sample: opening inventory movement',1,'2026-05-13 20:36:54'),(109,860,80,NULL,'2026-05-04 04:36:54','adjustment',-8,4.00,32.00,'SEED-INV-ADJ-SEED-STRESS-031','Seed sample: inventory count adjustment',1,'2026-05-13 20:36:54'),(110,861,81,NULL,'2026-03-20 04:36:54','opening',249,5.00,1245.00,'SEED-INV-OPEN-SEED-STRESS-032','Seed sample: opening inventory movement',1,'2026-05-13 20:36:54'),(111,862,82,NULL,'2026-03-20 04:36:54','opening',275,4.00,1100.00,'SEED-INV-OPEN-SEED-STRESS-033','Seed sample: opening inventory movement',1,'2026-05-13 20:36:54'),(112,862,82,NULL,'2026-05-04 04:36:54','adjustment',-19,4.00,76.00,'SEED-INV-ADJ-SEED-STRESS-033','Seed sample: inventory count adjustment',1,'2026-05-13 20:36:54'),(113,863,83,NULL,'2026-03-20 04:36:54','opening',241,180.00,43380.00,'SEED-INV-OPEN-SEED-STRESS-034','Seed sample: opening inventory movement',1,'2026-05-13 20:36:54'),(114,864,84,NULL,'2026-03-20 04:36:54','opening',197,6.00,1182.00,'SEED-INV-OPEN-SEED-STRESS-035','Seed sample: opening inventory movement',1,'2026-05-13 20:36:54'),(115,865,85,NULL,'2026-03-20 04:36:54','opening',175,320.00,56000.00,'SEED-INV-OPEN-SEED-STRESS-036','Seed sample: opening inventory movement',1,'2026-05-13 20:36:54'),(116,865,85,NULL,'2026-05-04 04:36:54','adjustment',-18,320.00,5760.00,'SEED-INV-ADJ-SEED-STRESS-036','Seed sample: inventory count adjustment',1,'2026-05-13 20:36:54'),(117,866,86,NULL,'2026-03-20 04:36:54','opening',209,980.00,204820.00,'SEED-INV-OPEN-SEED-STRESS-037','Seed sample: opening inventory movement',1,'2026-05-13 20:36:54'),(118,867,87,NULL,'2026-03-20 04:36:54','opening',237,1120.00,265440.00,'SEED-INV-OPEN-SEED-STRESS-038','Seed sample: opening inventory movement',1,'2026-05-13 20:36:54'),(119,867,87,NULL,'2026-05-04 04:36:54','adjustment',-24,1120.00,26880.00,'SEED-INV-ADJ-SEED-STRESS-038','Seed sample: inventory count adjustment',1,'2026-05-13 20:36:54'),(120,868,88,NULL,'2026-03-20 04:36:54','opening',215,1160.00,249400.00,'SEED-INV-OPEN-SEED-STRESS-039','Seed sample: opening inventory movement',1,'2026-05-13 20:36:54'),(121,869,89,NULL,'2026-03-20 04:36:54','opening',196,210.00,41160.00,'SEED-INV-OPEN-SEED-STRESS-040','Seed sample: opening inventory movement',1,'2026-05-13 20:36:54'),(122,870,90,NULL,'2026-03-20 04:36:54','opening',121,180.00,21780.00,'SEED-INV-OPEN-SEED-STRESS-041','Seed sample: opening inventory movement',1,'2026-05-13 20:36:54'),(123,870,90,NULL,'2026-05-04 04:36:54','adjustment',-17,180.00,3060.00,'SEED-INV-ADJ-SEED-STRESS-041','Seed sample: inventory count adjustment',1,'2026-05-13 20:36:54'),(124,871,91,NULL,'2026-03-20 04:36:54','opening',173,95.00,16435.00,'SEED-INV-OPEN-SEED-STRESS-042','Seed sample: opening inventory movement',1,'2026-05-13 20:36:54'),(125,872,92,NULL,'2026-03-20 04:36:54','opening',112,35.00,3920.00,'SEED-INV-OPEN-SEED-STRESS-043','Seed sample: opening inventory movement',1,'2026-05-13 20:36:54'),(126,873,93,NULL,'2026-03-20 04:36:54','opening',209,35.00,7315.00,'SEED-INV-OPEN-SEED-STRESS-044','Seed sample: opening inventory movement',1,'2026-05-13 20:36:54'),(127,874,94,NULL,'2026-03-20 04:36:54','opening',92,42.00,3864.00,'SEED-INV-OPEN-SEED-STRESS-045','Seed sample: opening inventory movement',1,'2026-05-13 20:36:54'),(128,874,94,NULL,'2026-05-04 04:36:54','adjustment',-16,42.00,672.00,'SEED-INV-ADJ-SEED-STRESS-045','Seed sample: inventory count adjustment',1,'2026-05-13 20:36:54'),(129,875,95,NULL,'2026-03-20 04:36:54','opening',143,45.00,6435.00,'SEED-INV-OPEN-SEED-STRESS-046','Seed sample: opening inventory movement',1,'2026-05-13 20:36:54'),(130,876,96,NULL,'2026-03-20 04:36:54','opening',118,280.00,33040.00,'SEED-INV-OPEN-SEED-STRESS-047','Seed sample: opening inventory movement',1,'2026-05-13 20:36:54'),(131,876,96,NULL,'2026-05-04 04:36:54','adjustment',-20,280.00,5600.00,'SEED-INV-ADJ-SEED-STRESS-047','Seed sample: inventory count adjustment',1,'2026-05-13 20:36:54'),(132,877,97,NULL,'2026-03-20 04:36:54','opening',273,75.00,20475.00,'SEED-INV-OPEN-SEED-STRESS-048','Seed sample: opening inventory movement',1,'2026-05-13 20:36:54'),(133,877,97,NULL,'2026-05-04 04:36:54','adjustment',-11,75.00,825.00,'SEED-INV-ADJ-SEED-STRESS-048','Seed sample: inventory count adjustment',1,'2026-05-13 20:36:54'),(134,878,98,NULL,'2026-03-20 04:36:54','opening',113,55.00,6215.00,'SEED-INV-OPEN-SEED-STRESS-049','Seed sample: opening inventory movement',1,'2026-05-13 20:36:54'),(135,879,99,NULL,'2026-03-20 04:36:54','opening',227,48.00,10896.00,'SEED-INV-OPEN-SEED-STRESS-050','Seed sample: opening inventory movement',1,'2026-05-13 20:36:54'),(136,880,100,NULL,'2026-03-20 04:36:54','opening',68,65.00,4420.00,'SEED-INV-OPEN-SEED-STRESS-051','Seed sample: opening inventory movement',1,'2026-05-13 20:36:54'),(137,880,100,NULL,'2026-05-04 04:36:54','adjustment',-14,65.00,910.00,'SEED-INV-ADJ-SEED-STRESS-051','Seed sample: inventory count adjustment',1,'2026-05-13 20:36:54'),(138,881,101,NULL,'2026-03-20 04:36:54','opening',226,18.00,4068.00,'SEED-INV-OPEN-SEED-STRESS-052','Seed sample: opening inventory movement',1,'2026-05-13 20:36:54'),(139,881,101,NULL,'2026-05-04 04:36:54','adjustment',-12,18.00,216.00,'SEED-INV-ADJ-SEED-STRESS-052','Seed sample: inventory count adjustment',1,'2026-05-13 20:36:54'),(140,882,102,NULL,'2026-03-20 04:36:54','opening',262,15.00,3930.00,'SEED-INV-OPEN-SEED-STRESS-053','Seed sample: opening inventory movement',1,'2026-05-13 20:36:54'),(141,883,103,NULL,'2026-03-20 04:36:54','opening',73,22.00,1606.00,'SEED-INV-OPEN-SEED-STRESS-054','Seed sample: opening inventory movement',1,'2026-05-13 20:36:54'),(142,883,103,NULL,'2026-05-04 04:36:54','adjustment',-12,22.00,264.00,'SEED-INV-ADJ-SEED-STRESS-054','Seed sample: inventory count adjustment',1,'2026-05-13 20:36:54'),(143,884,104,NULL,'2026-03-20 04:36:54','opening',237,75.00,17775.00,'SEED-INV-OPEN-SEED-STRESS-055','Seed sample: opening inventory movement',1,'2026-05-13 20:36:54'),(144,884,104,NULL,'2026-05-04 04:36:54','adjustment',-8,75.00,600.00,'SEED-INV-ADJ-SEED-STRESS-055','Seed sample: inventory count adjustment',1,'2026-05-13 20:36:54'),(145,885,105,NULL,'2026-03-20 04:36:54','opening',185,14.00,2590.00,'SEED-INV-OPEN-SEED-STRESS-056','Seed sample: opening inventory movement',1,'2026-05-13 20:36:54'),(146,886,106,NULL,'2026-03-20 04:36:54','opening',110,35.00,3850.00,'SEED-INV-OPEN-SEED-STRESS-057','Seed sample: opening inventory movement',1,'2026-05-13 20:36:54'),(147,887,107,NULL,'2026-03-20 04:36:54','opening',208,25.00,5200.00,'SEED-INV-OPEN-SEED-STRESS-058','Seed sample: opening inventory movement',1,'2026-05-13 20:36:54'),(148,887,107,NULL,'2026-05-04 04:36:54','adjustment',-9,25.00,225.00,'SEED-INV-ADJ-SEED-STRESS-058','Seed sample: inventory count adjustment',1,'2026-05-13 20:36:54'),(149,888,108,NULL,'2026-03-20 04:36:54','opening',287,55.00,15785.00,'SEED-INV-OPEN-SEED-STRESS-059','Seed sample: opening inventory movement',1,'2026-05-13 20:36:54'),(150,889,109,NULL,'2026-03-20 04:36:54','opening',254,85.00,21590.00,'SEED-INV-OPEN-SEED-STRESS-060','Seed sample: opening inventory movement',1,'2026-05-13 20:36:54'),(151,889,109,NULL,'2026-05-04 04:36:54','adjustment',-21,85.00,1785.00,'SEED-INV-ADJ-SEED-STRESS-060','Seed sample: inventory count adjustment',1,'2026-05-13 20:36:54'),(152,773,NULL,3,'2026-03-30 17:00:00','sale',-7,185.00,1295.00,'SEED-OR-20260330-001','Seed sample: stock issued for POS sale',2,'2026-05-13 20:36:54'),(153,778,NULL,6,'2026-03-30 17:00:00','sale',-2,7.50,15.00,'SEED-OR-20260330-004','Seed sample: stock issued for POS sale',2,'2026-05-13 20:36:54'),(154,773,NULL,7,'2026-03-30 17:00:00','sale',-7,185.00,1295.00,'SEED-OR-20260330-005','Seed sample: stock issued for POS sale',2,'2026-05-13 20:36:54'),(155,774,NULL,8,'2026-03-30 17:00:00','sale',-5,175.00,875.00,'SEED-OR-20260330-006','Seed sample: stock issued for POS sale',2,'2026-05-13 20:36:54'),(156,777,NULL,10,'2026-03-30 17:00:00','sale',-1,22.00,22.00,'SEED-OR-20260330-008','Seed sample: stock issued for POS sale',2,'2026-05-13 20:36:54'),(157,773,NULL,14,'2026-03-31 17:00:00','sale',-7,185.00,1295.00,'SEED-OR-20260331-003','Seed sample: stock issued for POS sale',2,'2026-05-13 20:36:54'),(158,777,NULL,15,'2026-03-31 17:00:00','sale',-3,22.00,66.00,'SEED-OR-20260331-004','Seed sample: stock issued for POS sale',2,'2026-05-13 20:36:54'),(159,777,NULL,16,'2026-03-31 17:00:00','sale',-4,22.00,88.00,'SEED-OR-20260331-005','Seed sample: stock issued for POS sale',2,'2026-05-13 20:36:54'),(160,796,NULL,17,'2026-03-31 17:00:00','sale',-5,95.00,475.00,'SEED-OR-20260331-006','Seed sample: stock issued for POS sale',2,'2026-05-13 20:36:54'),(161,779,NULL,19,'2026-04-01 17:00:00','sale',-3,7.50,22.50,'SEED-OR-20260401-001','Seed sample: stock issued for POS sale',2,'2026-05-13 20:36:54'),(162,777,NULL,21,'2026-04-01 17:00:00','sale',-5,22.00,110.00,'SEED-OR-20260401-003','Seed sample: stock issued for POS sale',2,'2026-05-13 20:36:54'),(163,796,NULL,24,'2026-04-01 17:00:00','sale',-7,95.00,665.00,'SEED-OR-20260401-006','Seed sample: stock issued for POS sale',2,'2026-05-13 20:36:54'),(164,777,NULL,26,'2026-04-02 17:00:00','sale',-7,22.00,154.00,'SEED-OR-20260402-001','Seed sample: stock issued for POS sale',2,'2026-05-13 20:36:54'),(165,796,NULL,27,'2026-04-02 17:00:00','sale',-8,95.00,760.00,'SEED-OR-20260402-002','Seed sample: stock issued for POS sale',2,'2026-05-13 20:36:54'),(166,784,NULL,29,'2026-04-02 17:00:00','sale',-2,9.00,18.00,'SEED-OR-20260402-004','Seed sample: stock issued for POS sale',2,'2026-05-13 20:36:54'),(167,773,NULL,35,'2026-04-03 17:00:00','sale',-2,185.00,370.00,'SEED-OR-20260403-001','Seed sample: stock issued for POS sale',2,'2026-05-13 20:36:54'),(168,778,NULL,36,'2026-04-03 17:00:00','sale',-5,7.50,37.50,'SEED-OR-20260403-002','Seed sample: stock issued for POS sale',2,'2026-05-13 20:36:54'),(169,779,NULL,37,'2026-04-03 17:00:00','sale',-1,7.50,7.50,'SEED-OR-20260403-003','Seed sample: stock issued for POS sale',2,'2026-05-13 20:36:54'),(170,777,NULL,38,'2026-04-03 17:00:00','sale',-4,22.00,88.00,'SEED-OR-20260403-004','Seed sample: stock issued for POS sale',2,'2026-05-13 20:36:54'),(171,773,NULL,41,'2026-04-03 17:00:00','sale',-2,185.00,370.00,'SEED-OR-20260403-007','Seed sample: stock issued for POS sale',2,'2026-05-13 20:36:54'),(172,779,NULL,44,'2026-04-04 17:00:00','sale',-8,7.50,60.00,'SEED-OR-20260404-002','Seed sample: stock issued for POS sale',2,'2026-05-13 20:36:54'),(173,777,NULL,45,'2026-04-04 17:00:00','sale',-7,22.00,154.00,'SEED-OR-20260404-003','Seed sample: stock issued for POS sale',2,'2026-05-13 20:36:54'),(174,775,NULL,49,'2026-04-05 17:00:00','sale',-7,24.00,168.00,'SEED-OR-20260405-002','Seed sample: stock issued for POS sale',2,'2026-05-13 20:36:54'),(175,778,NULL,50,'2026-04-05 17:00:00','sale',-1,7.50,7.50,'SEED-OR-20260405-003','Seed sample: stock issued for POS sale',2,'2026-05-13 20:36:54'),(176,796,NULL,51,'2026-04-05 17:00:00','sale',-2,95.00,190.00,'SEED-OR-20260405-004','Seed sample: stock issued for POS sale',2,'2026-05-13 20:36:54'),(177,773,NULL,52,'2026-04-05 17:00:00','sale',-7,185.00,1295.00,'SEED-OR-20260405-005','Seed sample: stock issued for POS sale',2,'2026-05-13 20:36:54'),(178,784,NULL,53,'2026-04-06 17:00:00','sale',-8,9.00,72.00,'SEED-OR-20260406-001','Seed sample: stock issued for POS sale',2,'2026-05-13 20:36:54'),(179,779,NULL,56,'2026-04-06 17:00:00','sale',-1,7.50,7.50,'SEED-OR-20260406-004','Seed sample: stock issued for POS sale',2,'2026-05-13 20:36:54'),(180,797,NULL,58,'2026-04-07 17:00:00','sale',-2,90.00,180.00,'SEED-OR-20260407-001','Seed sample: stock issued for POS sale',2,'2026-05-13 20:36:54'),(181,797,NULL,60,'2026-04-07 17:00:00','sale',-7,90.00,630.00,'SEED-OR-20260407-003','Seed sample: stock issued for POS sale',2,'2026-05-13 20:36:54'),(182,779,NULL,61,'2026-04-07 17:00:00','sale',-2,7.50,15.00,'SEED-OR-20260407-004','Seed sample: stock issued for POS sale',2,'2026-05-13 20:36:54'),(183,796,NULL,62,'2026-04-07 17:00:00','sale',-7,95.00,665.00,'SEED-OR-20260407-005','Seed sample: stock issued for POS sale',2,'2026-05-13 20:36:54'),(184,774,NULL,65,'2026-04-08 17:00:00','sale',-6,175.00,1050.00,'SEED-OR-20260408-001','Seed sample: stock issued for POS sale',2,'2026-05-13 20:36:54'),(185,779,NULL,66,'2026-04-08 17:00:00','sale',-3,7.50,22.50,'SEED-OR-20260408-002','Seed sample: stock issued for POS sale',2,'2026-05-13 20:36:54'),(186,779,NULL,68,'2026-04-08 17:00:00','sale',-3,7.50,22.50,'SEED-OR-20260408-004','Seed sample: stock issued for POS sale',2,'2026-05-13 20:36:54'),(187,784,NULL,69,'2026-04-08 17:00:00','sale',-5,9.00,45.00,'SEED-OR-20260408-005','Seed sample: stock issued for POS sale',2,'2026-05-13 20:36:54'),(188,797,NULL,74,'2026-04-09 17:00:00','sale',-3,90.00,270.00,'SEED-OR-20260409-005','Seed sample: stock issued for POS sale',2,'2026-05-13 20:36:54'),(189,785,NULL,75,'2026-04-09 17:00:00','sale',-8,18.00,144.00,'SEED-OR-20260409-006','Seed sample: stock issued for POS sale',2,'2026-05-13 20:36:54'),(190,779,NULL,77,'2026-04-10 17:00:00','sale',-2,7.50,15.00,'SEED-OR-20260410-002','Seed sample: stock issued for POS sale',2,'2026-05-13 20:36:54'),(191,784,NULL,78,'2026-04-10 17:00:00','sale',-6,9.00,54.00,'SEED-OR-20260410-003','Seed sample: stock issued for POS sale',2,'2026-05-13 20:36:54'),(192,775,NULL,79,'2026-04-10 17:00:00','sale',-6,24.00,144.00,'SEED-OR-20260410-004','Seed sample: stock issued for POS sale',2,'2026-05-13 20:36:54'),(193,785,NULL,80,'2026-04-11 17:00:00','sale',-1,18.00,18.00,'SEED-OR-20260411-001','Seed sample: stock issued for POS sale',2,'2026-05-13 20:36:54'),(194,796,NULL,81,'2026-04-11 17:00:00','sale',-7,95.00,665.00,'SEED-OR-20260411-002','Seed sample: stock issued for POS sale',2,'2026-05-13 20:36:54'),(195,774,NULL,85,'2026-04-11 17:00:00','sale',-5,175.00,875.00,'SEED-OR-20260411-006','Seed sample: stock issued for POS sale',2,'2026-05-13 20:36:54'),(196,779,NULL,86,'2026-04-11 17:00:00','sale',-1,7.50,7.50,'SEED-OR-20260411-007','Seed sample: stock issued for POS sale',2,'2026-05-13 20:36:54'),(197,779,NULL,87,'2026-04-11 17:00:00','sale',-7,7.50,52.50,'SEED-OR-20260411-008','Seed sample: stock issued for POS sale',2,'2026-05-13 20:36:54'),(198,784,NULL,88,'2026-04-12 17:00:00','sale',-8,9.00,72.00,'SEED-OR-20260412-001','Seed sample: stock issued for POS sale',2,'2026-05-13 20:36:54'),(199,775,NULL,89,'2026-04-12 17:00:00','sale',-6,24.00,144.00,'SEED-OR-20260412-002','Seed sample: stock issued for POS sale',2,'2026-05-13 20:36:54'),(200,797,NULL,90,'2026-04-12 17:00:00','sale',-7,90.00,630.00,'SEED-OR-20260412-003','Seed sample: stock issued for POS sale',2,'2026-05-13 20:36:54'),(201,785,NULL,91,'2026-04-12 17:00:00','sale',-2,18.00,36.00,'SEED-OR-20260412-004','Seed sample: stock issued for POS sale',2,'2026-05-13 20:36:54'),(202,774,NULL,94,'2026-04-13 17:00:00','sale',-3,175.00,525.00,'SEED-OR-20260413-002','Seed sample: stock issued for POS sale',2,'2026-05-13 20:36:54'),(203,778,NULL,95,'2026-04-13 17:00:00','sale',-1,7.50,7.50,'SEED-OR-20260413-003','Seed sample: stock issued for POS sale',2,'2026-05-13 20:36:54'),(204,778,NULL,96,'2026-04-13 17:00:00','sale',-4,7.50,30.00,'SEED-OR-20260413-004','Seed sample: stock issued for POS sale',2,'2026-05-13 20:36:54'),(205,775,NULL,97,'2026-04-13 17:00:00','sale',-7,24.00,168.00,'SEED-OR-20260413-005','Seed sample: stock issued for POS sale',2,'2026-05-13 20:36:54'),(206,778,NULL,98,'2026-04-14 17:00:00','sale',-1,7.50,7.50,'SEED-OR-20260414-001','Seed sample: stock issued for POS sale',2,'2026-05-13 20:36:54'),(207,796,NULL,99,'2026-04-14 17:00:00','sale',-1,95.00,95.00,'SEED-OR-20260414-002','Seed sample: stock issued for POS sale',2,'2026-05-13 20:36:54'),(208,777,NULL,100,'2026-04-14 17:00:00','sale',-3,22.00,66.00,'SEED-OR-20260414-003','Seed sample: stock issued for POS sale',2,'2026-05-13 20:36:54'),(209,774,NULL,101,'2026-04-14 17:00:00','sale',-6,175.00,1050.00,'SEED-OR-20260414-004','Seed sample: stock issued for POS sale',2,'2026-05-13 20:36:54'),(210,784,NULL,102,'2026-04-14 17:00:00','sale',-6,9.00,54.00,'SEED-OR-20260414-005','Seed sample: stock issued for POS sale',2,'2026-05-13 20:36:54'),(211,775,NULL,103,'2026-04-14 17:00:00','sale',-1,24.00,24.00,'SEED-OR-20260414-006','Seed sample: stock issued for POS sale',2,'2026-05-13 20:36:54'),(212,784,NULL,105,'2026-04-15 17:00:00','sale',-2,9.00,18.00,'SEED-OR-20260415-001','Seed sample: stock issued for POS sale',2,'2026-05-13 20:36:54'),(213,775,NULL,106,'2026-04-15 17:00:00','sale',-8,24.00,192.00,'SEED-OR-20260415-002','Seed sample: stock issued for POS sale',2,'2026-05-13 20:36:54'),(214,797,NULL,107,'2026-04-15 17:00:00','sale',-7,90.00,630.00,'SEED-OR-20260415-003','Seed sample: stock issued for POS sale',2,'2026-05-13 20:36:54'),(215,785,NULL,109,'2026-04-15 17:00:00','sale',-2,18.00,36.00,'SEED-OR-20260415-005','Seed sample: stock issued for POS sale',2,'2026-05-13 20:36:54'),(216,777,NULL,110,'2026-04-15 17:00:00','sale',-6,22.00,132.00,'SEED-OR-20260415-006','Seed sample: stock issued for POS sale',2,'2026-05-13 20:36:54'),(217,773,NULL,112,'2026-04-15 17:00:00','sale',-3,185.00,555.00,'SEED-OR-20260415-008','Seed sample: stock issued for POS sale',2,'2026-05-13 20:36:54'),(218,796,NULL,113,'2026-04-16 17:00:00','sale',-5,95.00,475.00,'SEED-OR-20260416-001','Seed sample: stock issued for POS sale',2,'2026-05-13 20:36:54'),(219,784,NULL,115,'2026-04-16 17:00:00','sale',-5,9.00,45.00,'SEED-OR-20260416-003','Seed sample: stock issued for POS sale',2,'2026-05-13 20:36:54'),(220,773,NULL,117,'2026-04-16 17:00:00','sale',-8,185.00,1480.00,'SEED-OR-20260416-005','Seed sample: stock issued for POS sale',2,'2026-05-13 20:36:54'),(221,796,NULL,118,'2026-04-16 17:00:00','sale',-7,95.00,665.00,'SEED-OR-20260416-006','Seed sample: stock issued for POS sale',2,'2026-05-13 20:36:54'),(222,779,NULL,119,'2026-04-16 17:00:00','sale',-7,7.50,52.50,'SEED-OR-20260416-007','Seed sample: stock issued for POS sale',2,'2026-05-13 20:36:54'),(223,784,NULL,123,'2026-04-17 17:00:00','sale',-4,9.00,36.00,'SEED-OR-20260417-004','Seed sample: stock issued for POS sale',2,'2026-05-13 20:36:54'),(224,796,NULL,125,'2026-04-17 17:00:00','sale',-5,95.00,475.00,'SEED-OR-20260417-006','Seed sample: stock issued for POS sale',2,'2026-05-13 20:36:54'),(225,785,NULL,126,'2026-04-17 17:00:00','sale',-6,18.00,108.00,'SEED-OR-20260417-007','Seed sample: stock issued for POS sale',2,'2026-05-13 20:36:54'),(226,778,NULL,127,'2026-04-17 17:00:00','sale',-4,7.50,30.00,'SEED-OR-20260417-008','Seed sample: stock issued for POS sale',2,'2026-05-13 20:36:54'),(227,779,NULL,128,'2026-04-18 17:00:00','sale',-7,7.50,52.50,'SEED-OR-20260418-001','Seed sample: stock issued for POS sale',2,'2026-05-13 20:36:54'),(228,797,NULL,130,'2026-04-18 17:00:00','sale',-5,90.00,450.00,'SEED-OR-20260418-003','Seed sample: stock issued for POS sale',2,'2026-05-13 20:36:54'),(229,774,NULL,133,'2026-04-18 17:00:00','sale',-1,175.00,175.00,'SEED-OR-20260418-006','Seed sample: stock issued for POS sale',2,'2026-05-13 20:36:54'),(230,777,NULL,135,'2026-04-19 17:00:00','sale',-7,22.00,154.00,'SEED-OR-20260419-001','Seed sample: stock issued for POS sale',2,'2026-05-13 20:36:54'),(231,785,NULL,136,'2026-04-19 17:00:00','sale',-7,18.00,126.00,'SEED-OR-20260419-002','Seed sample: stock issued for POS sale',2,'2026-05-13 20:36:54'),(232,775,NULL,139,'2026-04-19 17:00:00','sale',-7,24.00,168.00,'SEED-OR-20260419-005','Seed sample: stock issued for POS sale',2,'2026-05-13 20:36:54'),(233,796,NULL,141,'2026-04-19 17:00:00','sale',-8,95.00,760.00,'SEED-OR-20260419-007','Seed sample: stock issued for POS sale',2,'2026-05-13 20:36:54'),(234,774,NULL,142,'2026-04-20 17:00:00','sale',-7,175.00,1225.00,'SEED-OR-20260420-001','Seed sample: stock issued for POS sale',2,'2026-05-13 20:36:54'),(235,785,NULL,144,'2026-04-20 17:00:00','sale',-8,18.00,144.00,'SEED-OR-20260420-003','Seed sample: stock issued for POS sale',2,'2026-05-13 20:36:54'),(236,777,NULL,145,'2026-04-20 17:00:00','sale',-1,22.00,22.00,'SEED-OR-20260420-004','Seed sample: stock issued for POS sale',2,'2026-05-13 20:36:54'),(237,773,NULL,148,'2026-04-21 17:00:00','sale',-4,185.00,740.00,'SEED-OR-20260421-003','Seed sample: stock issued for POS sale',2,'2026-05-13 20:36:54'),(238,773,NULL,151,'2026-04-21 17:00:00','sale',-7,185.00,1295.00,'SEED-OR-20260421-006','Seed sample: stock issued for POS sale',2,'2026-05-13 20:36:54'),(239,778,NULL,153,'2026-04-21 17:00:00','sale',-5,7.50,37.50,'SEED-OR-20260421-008','Seed sample: stock issued for POS sale',2,'2026-05-13 20:36:54'),(240,779,NULL,157,'2026-04-22 17:00:00','sale',-2,7.50,15.00,'SEED-OR-20260422-003','Seed sample: stock issued for POS sale',2,'2026-05-13 20:36:54'),(241,785,NULL,160,'2026-04-22 17:00:00','sale',-5,18.00,90.00,'SEED-OR-20260422-006','Seed sample: stock issued for POS sale',2,'2026-05-13 20:36:54'),(242,778,NULL,161,'2026-04-22 17:00:00','sale',-2,7.50,15.00,'SEED-OR-20260422-007','Seed sample: stock issued for POS sale',2,'2026-05-13 20:36:54'),(243,774,NULL,163,'2026-04-23 17:00:00','sale',-6,175.00,1050.00,'SEED-OR-20260423-001','Seed sample: stock issued for POS sale',2,'2026-05-13 20:36:54'),(244,777,NULL,164,'2026-04-23 17:00:00','sale',-6,22.00,132.00,'SEED-OR-20260423-002','Seed sample: stock issued for POS sale',2,'2026-05-13 20:36:54'),(245,778,NULL,166,'2026-04-23 17:00:00','sale',-2,7.50,15.00,'SEED-OR-20260423-004','Seed sample: stock issued for POS sale',2,'2026-05-13 20:36:54'),(246,773,NULL,167,'2026-04-23 17:00:00','sale',-1,185.00,185.00,'SEED-OR-20260423-005','Seed sample: stock issued for POS sale',2,'2026-05-13 20:36:54'),(247,773,NULL,169,'2026-04-24 17:00:00','sale',-7,185.00,1295.00,'SEED-OR-20260424-001','Seed sample: stock issued for POS sale',2,'2026-05-13 20:36:54'),(248,777,NULL,170,'2026-04-24 17:00:00','sale',-2,22.00,44.00,'SEED-OR-20260424-002','Seed sample: stock issued for POS sale',2,'2026-05-13 20:36:54'),(249,784,NULL,174,'2026-04-25 17:00:00','sale',-1,9.00,9.00,'SEED-OR-20260425-002','Seed sample: stock issued for POS sale',2,'2026-05-13 20:36:54'),(250,784,NULL,175,'2026-04-25 17:00:00','sale',-7,9.00,63.00,'SEED-OR-20260425-003','Seed sample: stock issued for POS sale',2,'2026-05-13 20:36:54'),(251,797,NULL,176,'2026-04-25 17:00:00','sale',-3,90.00,270.00,'SEED-OR-20260425-004','Seed sample: stock issued for POS sale',2,'2026-05-13 20:36:54'),(252,775,NULL,177,'2026-04-26 17:00:00','sale',-8,24.00,192.00,'SEED-OR-20260426-001','Seed sample: stock issued for POS sale',2,'2026-05-13 20:36:54'),(253,797,NULL,178,'2026-04-26 17:00:00','sale',-5,90.00,450.00,'SEED-OR-20260426-002','Seed sample: stock issued for POS sale',2,'2026-05-13 20:36:54'),(254,777,NULL,181,'2026-04-27 17:00:00','sale',-4,22.00,88.00,'SEED-OR-20260427-001','Seed sample: stock issued for POS sale',2,'2026-05-13 20:36:54'),(255,797,NULL,182,'2026-04-27 17:00:00','sale',-3,90.00,270.00,'SEED-OR-20260427-002','Seed sample: stock issued for POS sale',2,'2026-05-13 20:36:54'),(256,796,NULL,183,'2026-04-27 17:00:00','sale',-7,95.00,665.00,'SEED-OR-20260427-003','Seed sample: stock issued for POS sale',2,'2026-05-13 20:36:54'),(257,778,NULL,184,'2026-04-27 17:00:00','sale',-3,7.50,22.50,'SEED-OR-20260427-004','Seed sample: stock issued for POS sale',2,'2026-05-13 20:36:54'),(258,774,NULL,185,'2026-04-27 17:00:00','sale',-4,175.00,700.00,'SEED-OR-20260427-005','Seed sample: stock issued for POS sale',2,'2026-05-13 20:36:54'),(259,796,NULL,186,'2026-04-27 17:00:00','sale',-8,95.00,760.00,'SEED-OR-20260427-006','Seed sample: stock issued for POS sale',2,'2026-05-13 20:36:54'),(260,777,NULL,189,'2026-04-28 17:00:00','sale',-4,22.00,88.00,'SEED-OR-20260428-002','Seed sample: stock issued for POS sale',2,'2026-05-13 20:36:54'),(261,778,NULL,190,'2026-04-28 17:00:00','sale',-4,7.50,30.00,'SEED-OR-20260428-003','Seed sample: stock issued for POS sale',2,'2026-05-13 20:36:54'),(262,777,NULL,192,'2026-04-28 17:00:00','sale',-2,22.00,44.00,'SEED-OR-20260428-005','Seed sample: stock issued for POS sale',2,'2026-05-13 20:36:54'),(263,797,NULL,194,'2026-04-28 17:00:00','sale',-6,90.00,540.00,'SEED-OR-20260428-007','Seed sample: stock issued for POS sale',2,'2026-05-13 20:36:54'),(264,785,NULL,195,'2026-04-28 17:00:00','sale',-1,18.00,18.00,'SEED-OR-20260428-008','Seed sample: stock issued for POS sale',2,'2026-05-13 20:36:54'),(265,774,NULL,198,'2026-04-29 17:00:00','sale',-4,175.00,700.00,'SEED-OR-20260429-002','Seed sample: stock issued for POS sale',2,'2026-05-13 20:36:54'),(266,784,NULL,200,'2026-04-29 17:00:00','sale',-8,9.00,72.00,'SEED-OR-20260429-004','Seed sample: stock issued for POS sale',2,'2026-05-13 20:36:54'),(267,785,NULL,201,'2026-04-29 17:00:00','sale',-4,18.00,72.00,'SEED-OR-20260429-005','Seed sample: stock issued for POS sale',2,'2026-05-13 20:36:54'),(268,797,NULL,203,'2026-04-29 17:00:00','sale',-5,90.00,450.00,'SEED-OR-20260429-007','Seed sample: stock issued for POS sale',2,'2026-05-13 20:36:54'),(269,773,NULL,204,'2026-04-30 17:00:00','sale',-6,185.00,1110.00,'SEED-OR-20260430-001','Seed sample: stock issued for POS sale',2,'2026-05-13 20:36:54'),(270,797,NULL,206,'2026-04-30 17:00:00','sale',-7,90.00,630.00,'SEED-OR-20260430-003','Seed sample: stock issued for POS sale',2,'2026-05-13 20:36:54'),(271,778,NULL,208,'2026-04-30 17:00:00','sale',-4,7.50,30.00,'SEED-OR-20260430-005','Seed sample: stock issued for POS sale',2,'2026-05-13 20:36:54'),(272,784,NULL,209,'2026-04-30 17:00:00','sale',-1,9.00,9.00,'SEED-OR-20260430-006','Seed sample: stock issued for POS sale',2,'2026-05-13 20:36:54'),(273,796,NULL,211,'2026-05-01 17:00:00','sale',-7,95.00,665.00,'SEED-OR-20260501-001','Seed sample: stock issued for POS sale',2,'2026-05-13 20:36:54'),(274,775,NULL,212,'2026-05-01 17:00:00','sale',-2,24.00,48.00,'SEED-OR-20260501-002','Seed sample: stock issued for POS sale',2,'2026-05-13 20:36:54'),(275,796,NULL,213,'2026-05-01 17:00:00','sale',-8,95.00,760.00,'SEED-OR-20260501-003','Seed sample: stock issued for POS sale',2,'2026-05-13 20:36:54'),(276,773,NULL,214,'2026-05-01 17:00:00','sale',-4,185.00,740.00,'SEED-OR-20260501-004','Seed sample: stock issued for POS sale',2,'2026-05-13 20:36:54'),(277,775,NULL,215,'2026-05-01 17:00:00','sale',-2,24.00,48.00,'SEED-OR-20260501-005','Seed sample: stock issued for POS sale',2,'2026-05-13 20:36:54'),(278,785,NULL,216,'2026-05-02 17:00:00','sale',-6,18.00,108.00,'SEED-OR-20260502-001','Seed sample: stock issued for POS sale',2,'2026-05-13 20:36:54'),(279,797,NULL,220,'2026-05-02 17:00:00','sale',-1,90.00,90.00,'SEED-OR-20260502-005','Seed sample: stock issued for POS sale',2,'2026-05-13 20:36:54'),(280,778,NULL,223,'2026-05-02 17:00:00','sale',-3,7.50,22.50,'SEED-OR-20260502-008','Seed sample: stock issued for POS sale',2,'2026-05-13 20:36:54'),(281,777,NULL,224,'2026-05-02 17:00:00','sale',-2,22.00,44.00,'SEED-OR-20260502-009','Seed sample: stock issued for POS sale',2,'2026-05-13 20:36:54'),(282,784,NULL,227,'2026-05-03 17:00:00','sale',-2,9.00,18.00,'SEED-OR-20260503-003','Seed sample: stock issued for POS sale',2,'2026-05-13 20:36:54'),(283,775,NULL,228,'2026-05-03 17:00:00','sale',-5,24.00,120.00,'SEED-OR-20260503-004','Seed sample: stock issued for POS sale',2,'2026-05-13 20:36:54'),(284,778,NULL,229,'2026-05-03 17:00:00','sale',-2,7.50,15.00,'SEED-OR-20260503-005','Seed sample: stock issued for POS sale',2,'2026-05-13 20:36:54'),(285,785,NULL,230,'2026-05-03 17:00:00','sale',-4,18.00,72.00,'SEED-OR-20260503-006','Seed sample: stock issued for POS sale',2,'2026-05-13 20:36:54'),(286,796,NULL,233,'2026-05-03 17:00:00','sale',-7,95.00,665.00,'SEED-OR-20260503-009','Seed sample: stock issued for POS sale',2,'2026-05-13 20:36:54'),(287,779,NULL,234,'2026-05-04 17:00:00','sale',-6,7.50,45.00,'SEED-OR-20260504-001','Seed sample: stock issued for POS sale',2,'2026-05-13 20:36:54'),(288,775,NULL,235,'2026-05-04 17:00:00','sale',-7,24.00,168.00,'SEED-OR-20260504-002','Seed sample: stock issued for POS sale',2,'2026-05-13 20:36:54'),(289,779,NULL,238,'2026-05-04 17:00:00','sale',-3,7.50,22.50,'SEED-OR-20260504-005','Seed sample: stock issued for POS sale',2,'2026-05-13 20:36:54'),(290,779,NULL,241,'2026-05-04 17:00:00','sale',-1,7.50,7.50,'SEED-OR-20260504-008','Seed sample: stock issued for POS sale',2,'2026-05-13 20:36:54'),(291,785,NULL,242,'2026-05-04 17:00:00','sale',-6,18.00,108.00,'SEED-OR-20260504-009','Seed sample: stock issued for POS sale',2,'2026-05-13 20:36:54'),(292,797,NULL,245,'2026-05-05 17:00:00','sale',-3,90.00,270.00,'SEED-OR-20260505-003','Seed sample: stock issued for POS sale',2,'2026-05-13 20:36:54'),(293,777,NULL,246,'2026-05-05 17:00:00','sale',-6,22.00,132.00,'SEED-OR-20260505-004','Seed sample: stock issued for POS sale',2,'2026-05-13 20:36:54'),(294,796,NULL,249,'2026-05-05 17:00:00','sale',-3,95.00,285.00,'SEED-OR-20260505-007','Seed sample: stock issued for POS sale',2,'2026-05-13 20:36:54'),(295,797,NULL,251,'2026-05-06 17:00:00','sale',-4,90.00,360.00,'SEED-OR-20260506-002','Seed sample: stock issued for POS sale',2,'2026-05-13 20:36:54'),(296,775,NULL,252,'2026-05-06 17:00:00','sale',-8,24.00,192.00,'SEED-OR-20260506-003','Seed sample: stock issued for POS sale',2,'2026-05-13 20:36:54'),(297,775,NULL,254,'2026-05-06 17:00:00','sale',-5,24.00,120.00,'SEED-OR-20260506-005','Seed sample: stock issued for POS sale',2,'2026-05-13 20:36:54'),(298,784,NULL,255,'2026-05-06 17:00:00','sale',-2,9.00,18.00,'SEED-OR-20260506-006','Seed sample: stock issued for POS sale',2,'2026-05-13 20:36:54'),(299,779,NULL,258,'2026-05-06 17:00:00','sale',-5,7.50,37.50,'SEED-OR-20260506-009','Seed sample: stock issued for POS sale',2,'2026-05-13 20:36:54'),(300,784,NULL,261,'2026-05-07 17:00:00','sale',-5,9.00,45.00,'SEED-OR-20260507-003','Seed sample: stock issued for POS sale',2,'2026-05-13 20:36:54'),(301,777,NULL,262,'2026-05-07 17:00:00','sale',-2,22.00,44.00,'SEED-OR-20260507-004','Seed sample: stock issued for POS sale',2,'2026-05-13 20:36:54'),(302,785,NULL,263,'2026-05-07 17:00:00','sale',-7,18.00,126.00,'SEED-OR-20260507-005','Seed sample: stock issued for POS sale',2,'2026-05-13 20:36:54'),(303,775,NULL,266,'2026-05-08 17:00:00','sale',-7,24.00,168.00,'SEED-OR-20260508-002','Seed sample: stock issued for POS sale',2,'2026-05-13 20:36:54'),(304,773,NULL,269,'2026-05-08 17:00:00','sale',-5,185.00,925.00,'SEED-OR-20260508-005','Seed sample: stock issued for POS sale',2,'2026-05-13 20:36:54'),(305,778,NULL,271,'2026-05-09 17:00:00','sale',-1,7.50,7.50,'SEED-OR-20260509-001','Seed sample: stock issued for POS sale',2,'2026-05-13 20:36:54'),(306,777,NULL,272,'2026-05-09 17:00:00','sale',-8,22.00,176.00,'SEED-OR-20260509-002','Seed sample: stock issued for POS sale',2,'2026-05-13 20:36:54'),(307,797,NULL,273,'2026-05-09 17:00:00','sale',-1,90.00,90.00,'SEED-OR-20260509-003','Seed sample: stock issued for POS sale',2,'2026-05-13 20:36:54'),(308,785,NULL,275,'2026-05-09 17:00:00','sale',-1,18.00,18.00,'SEED-OR-20260509-005','Seed sample: stock issued for POS sale',2,'2026-05-13 20:36:54'),(309,773,NULL,276,'2026-05-09 17:00:00','sale',-3,185.00,555.00,'SEED-OR-20260509-006','Seed sample: stock issued for POS sale',2,'2026-05-13 20:36:54'),(310,778,NULL,279,'2026-05-10 17:00:00','sale',-8,7.50,60.00,'SEED-OR-20260510-002','Seed sample: stock issued for POS sale',2,'2026-05-13 20:36:54'),(311,779,NULL,281,'2026-05-10 17:00:00','sale',-2,7.50,15.00,'SEED-OR-20260510-004','Seed sample: stock issued for POS sale',2,'2026-05-13 20:36:54'),(312,775,NULL,282,'2026-05-10 17:00:00','sale',-3,24.00,72.00,'SEED-OR-20260510-005','Seed sample: stock issued for POS sale',2,'2026-05-13 20:36:54'),(313,784,NULL,286,'2026-05-10 17:00:00','sale',-1,9.00,9.00,'SEED-OR-20260510-009','Seed sample: stock issued for POS sale',2,'2026-05-13 20:36:55'),(314,773,NULL,287,'2026-05-11 17:00:00','sale',-1,185.00,185.00,'SEED-OR-20260511-001','Seed sample: stock issued for POS sale',2,'2026-05-13 20:36:55'),(315,797,NULL,288,'2026-05-11 17:00:00','sale',-6,90.00,540.00,'SEED-OR-20260511-002','Seed sample: stock issued for POS sale',2,'2026-05-13 20:36:55'),(316,773,NULL,291,'2026-05-11 17:00:00','sale',-8,185.00,1480.00,'SEED-OR-20260511-005','Seed sample: stock issued for POS sale',2,'2026-05-13 20:36:55'),(317,773,NULL,292,'2026-05-11 17:00:00','sale',-3,185.00,555.00,'SEED-OR-20260511-006','Seed sample: stock issued for POS sale',2,'2026-05-13 20:36:55'),(318,785,NULL,293,'2026-05-11 17:00:00','sale',-2,18.00,36.00,'SEED-OR-20260511-007','Seed sample: stock issued for POS sale',2,'2026-05-13 20:36:55'),(319,775,NULL,294,'2026-05-12 17:00:00','sale',-7,24.00,168.00,'SEED-OR-20260512-001','Seed sample: stock issued for POS sale',2,'2026-05-13 20:36:55'),(320,773,NULL,295,'2026-05-12 17:00:00','sale',-6,185.00,1110.00,'SEED-OR-20260512-002','Seed sample: stock issued for POS sale',2,'2026-05-13 20:36:55'),(321,779,NULL,300,'2026-05-12 17:00:00','sale',-3,7.50,22.50,'SEED-OR-20260512-007','Seed sample: stock issued for POS sale',2,'2026-05-13 20:36:55'),(322,784,NULL,302,'2026-05-13 17:00:00','sale',-8,9.00,72.00,'SEED-OR-20260513-002','Seed sample: stock issued for POS sale',2,'2026-05-13 20:36:55'),(323,777,NULL,303,'2026-05-13 17:00:00','sale',-3,22.00,66.00,'SEED-OR-20260513-003','Seed sample: stock issued for POS sale',2,'2026-05-13 20:36:55'),(324,773,NULL,304,'2026-05-13 17:00:00','sale',-8,185.00,1480.00,'SEED-OR-20260513-004','Seed sample: stock issued for POS sale',2,'2026-05-13 20:36:55'),(325,774,NULL,306,'2026-05-13 17:00:00','sale',-4,175.00,700.00,'SEED-OR-20260513-006','Seed sample: stock issued for POS sale',2,'2026-05-13 20:36:55'),(326,779,NULL,309,'2026-05-14 17:00:00','sale',-7,7.50,52.50,'SEED-OR-20260514-001','Seed sample: stock issued for POS sale',2,'2026-05-13 20:36:55'),(327,774,NULL,310,'2026-05-14 17:00:00','sale',-8,175.00,1400.00,'SEED-OR-20260514-002','Seed sample: stock issued for POS sale',2,'2026-05-13 20:36:55'),(328,785,NULL,311,'2026-05-14 17:00:00','sale',-2,18.00,36.00,'SEED-OR-20260514-003','Seed sample: stock issued for POS sale',2,'2026-05-13 20:36:55'),(329,775,NULL,314,'2026-05-14 17:00:00','sale',-3,24.00,72.00,'SEED-OR-20260514-006','Seed sample: stock issued for POS sale',2,'2026-05-13 20:36:55'),(330,797,NULL,315,'2026-05-14 17:00:00','sale',-1,90.00,90.00,'SEED-OR-20260514-007','Seed sample: stock issued for POS sale',2,'2026-05-13 20:36:55'),(335,773,1,316,'2026-05-14 04:28:25','sale',-1,185.00,185.00,'0000-0005','POS sale (batch)',1,'2026-05-14 04:28:25'),(336,777,5,317,'2026-05-14 04:28:25','sale',-1,22.00,22.00,'0000-0005','POS sale (batch)',1,'2026-05-14 04:28:25'),(337,828,48,318,'2026-05-14 04:28:25','sale',-1,35.00,35.00,'0000-0005','POS sale (batch)',1,'2026-05-14 04:28:25'),(338,858,78,319,'2026-05-14 04:28:25','sale',-1,95.00,95.00,'0000-0005','POS sale (batch)',1,'2026-05-14 04:28:25'),(339,778,6,320,'2026-05-14 06:52:22','sale',-1,7.50,7.50,'0000-0011','POS sale (batch)',1,'2026-05-14 06:52:22'),(340,858,78,321,'2026-05-14 06:52:22','sale',-1,95.00,95.00,'0000-0011','POS sale (batch)',1,'2026-05-14 06:52:22'),(341,858,78,322,'2026-05-14 07:09:53','sale',-1,95.00,95.00,'0000-0014','POS sale (batch)',1,'2026-05-14 07:09:53'),(342,782,10,323,'2026-05-14 07:10:39','sale',-1,4.50,4.50,'0000-0016','POS sale (batch)',1,'2026-05-14 07:10:39'),(343,828,48,324,'2026-05-14 13:02:05','sale',-1,35.00,35.00,'0000-0021','POS sale (batch)',1,'2026-05-14 13:02:05'),(344,858,78,325,'2026-05-14 13:02:05','sale',-1,95.00,95.00,'0000-0021','POS sale (batch)',1,'2026-05-14 13:02:05'),(345,777,5,326,'2026-05-14 13:08:15','sale',-1,22.00,22.00,'0000-0022','POS sale (batch)',1,'2026-05-14 13:08:15'),(346,778,6,327,'2026-05-14 13:08:15','sale',-1,7.50,7.50,'0000-0022','POS sale (batch)',1,'2026-05-14 13:08:15'),(347,779,7,328,'2026-05-14 13:08:15','sale',-1,7.50,7.50,'0000-0022','POS sale (batch)',1,'2026-05-14 13:08:15'),(348,782,10,329,'2026-05-14 13:08:15','sale',-1,4.50,4.50,'0000-0022','POS sale (batch)',1,'2026-05-14 13:08:15'),(349,816,36,330,'2026-05-14 13:08:15','sale',-1,2.00,2.00,'0000-0022','POS sale (batch)',1,'2026-05-14 13:08:15'),(350,828,48,331,'2026-05-14 13:08:15','sale',-1,35.00,35.00,'0000-0022','POS sale (batch)',1,'2026-05-14 13:08:15'),(351,816,36,334,'2026-05-14 14:52:55','sale',-1,2.00,2.00,'0000-0025','POS sale (batch)',1,'2026-05-14 14:52:55'),(352,837,57,335,'2026-05-14 14:52:55','sale',-1,7.00,7.00,'0000-0025','POS sale (batch)',1,'2026-05-14 14:52:55'),(353,778,6,336,'2026-05-14 14:55:04','sale',-1,7.50,7.50,'0000-0026','POS sale (batch)',1,'2026-05-14 14:55:04'),(354,779,7,337,'2026-05-14 14:55:04','sale',-1,7.50,7.50,'0000-0026','POS sale (batch)',1,'2026-05-14 14:55:04'),(355,802,22,338,'2026-05-14 14:58:40','sale',-3,0.50,1.50,'0000-0027','POS sale (batch)',1,'2026-05-14 14:58:40'),(356,802,22,340,'2026-05-14 14:59:06','sale',-3,0.50,1.50,'0000-0028','POS sale (batch)',1,'2026-05-14 14:59:06');
/*!40000 ALTER TABLE `inventory_stock_movements` ENABLE KEYS */;
UNLOCK TABLES;

--
-- Table structure for table `login_attempts`
--

DROP TABLE IF EXISTS `login_attempts`;
/*!40101 SET @saved_cs_client     = @@character_set_client */;
/*!50503 SET character_set_client = utf8mb4 */;
CREATE TABLE `login_attempts` (
  `id` int NOT NULL AUTO_INCREMENT,
  `username` varchar(120) NOT NULL,
  `ip_address` varchar(45) NOT NULL,
  `was_successful` tinyint(1) NOT NULL DEFAULT '0',
  `attempted_at` datetime NOT NULL DEFAULT CURRENT_TIMESTAMP,
  PRIMARY KEY (`id`),
  KEY `idx_login_attempts_lookup` (`username`,`ip_address`,`was_successful`,`attempted_at`),
  KEY `idx_login_attempts_cleanup` (`attempted_at`)
) ENGINE=InnoDB AUTO_INCREMENT=36 DEFAULT CHARSET=utf8mb4 COLLATE=utf8mb4_0900_ai_ci;
/*!40101 SET character_set_client = @saved_cs_client */;

--
-- Dumping data for table `login_attempts`
--

LOCK TABLES `login_attempts` WRITE;
/*!40000 ALTER TABLE `login_attempts` DISABLE KEYS */;
INSERT INTO `login_attempts` VALUES (22,'admin','::1',1,'2026-05-14 22:33:44'),(23,'admin','::1',1,'2026-05-14 22:34:02'),(24,'admin','::1',1,'2026-05-14 22:34:18'),(25,'admin','::1',1,'2026-05-14 22:34:53'),(26,'admin','::1',1,'2026-05-14 22:35:25'),(27,'admin','::1',1,'2026-05-14 22:42:57'),(28,'admin','::1',1,'2026-05-14 22:43:45'),(29,'admin','::1',1,'2026-05-14 22:46:10'),(30,'admin','::1',1,'2026-05-14 22:58:33'),(31,'admin','::1',1,'2026-05-14 22:59:00'),(32,'admin','::1',1,'2026-05-14 23:02:03'),(33,'admin','::1',1,'2026-05-14 23:02:33'),(34,'admin','::1',1,'2026-05-14 23:03:05'),(35,'admin','::1',1,'2026-05-14 23:03:50');
/*!40000 ALTER TABLE `login_attempts` ENABLE KEYS */;
UNLOCK TABLES;

--
-- Table structure for table `office_logbook`
--

DROP TABLE IF EXISTS `office_logbook`;
/*!40101 SET @saved_cs_client     = @@character_set_client */;
/*!50503 SET character_set_client = utf8mb4 */;
CREATE TABLE `office_logbook` (
  `id` int NOT NULL AUTO_INCREMENT,
  `person_id` int DEFAULT NULL,
  `log_date` date NOT NULL,
  `time_in` time NOT NULL,
  `time_out` time DEFAULT NULL,
  `student_name` varchar(120) NOT NULL,
  `student_id` varchar(60) DEFAULT NULL,
  `or_number` varchar(100) DEFAULT NULL,
  `purpose` varchar(255) DEFAULT NULL,
  `created_by` int DEFAULT NULL,
  `created_at` timestamp NULL DEFAULT CURRENT_TIMESTAMP,
  PRIMARY KEY (`id`),
  KEY `idx_logbook_date` (`log_date`),
  KEY `idx_logbook_person` (`person_id`),
  KEY `idx_logbook_student_name` (`student_name`),
  KEY `idx_logbook_student_id` (`student_id`),
  KEY `fk_logbook_user` (`created_by`),
  KEY `idx_logbook_or_number` (`or_number`),
  CONSTRAINT `fk_logbook_user` FOREIGN KEY (`created_by`) REFERENCES `users` (`id`) ON DELETE SET NULL
) ENGINE=InnoDB AUTO_INCREMENT=337 DEFAULT CHARSET=utf8mb4 COLLATE=utf8mb4_0900_ai_ci;
/*!40101 SET character_set_client = @saved_cs_client */;

--
-- Dumping data for table `office_logbook`
--

LOCK TABLES `office_logbook` WRITE;
/*!40000 ALTER TABLE `office_logbook` DISABLE KEYS */;
INSERT INTO `office_logbook` VALUES (1,5,'2026-05-13','08:10:00','09:05:00','Liza Mendoza','2026-010',NULL,'Printing request',NULL,'2026-05-13 15:11:58'),(2,6,'2026-05-12','10:20:00','10:45:00','Carlo Rivera','2026-011',NULL,'Photocopy documents',NULL,'2026-05-13 15:11:58'),(3,7,'2026-05-11','14:00:00','14:40:00','Nina Santos','2026-012',NULL,'Toga inquiry',NULL,'2026-05-13 15:11:58'),(4,30,'2026-03-30','09:40:00','11:33:00','Miguel Ortega','SEED-STU-010',NULL,'Toga return',2,'2026-05-13 20:36:55'),(5,22,'2026-03-30','10:09:00','11:45:00','Mark Reyes','SEED-STU-002',NULL,'Photocopy documents',2,'2026-05-13 20:36:55'),(6,26,'2026-03-30','13:47:00','15:12:00','Jerome Aquino','SEED-STU-006',NULL,'Document certification',2,'2026-05-13 20:36:55'),(7,24,'2026-03-30','14:48:00','14:15:00','Carlo Rivera','SEED-STU-004',NULL,'Payment processing',2,'2026-05-13 20:36:55'),(8,25,'2026-03-30','11:07:00','12:52:00','Nina Santos','SEED-STU-005',NULL,'Payment processing',2,'2026-05-13 20:36:55'),(9,31,'2026-03-30','12:38:00','14:48:00','Grace Bautista','SEED-STU-011',NULL,'Business center purchase',2,'2026-05-13 20:36:55'),(10,25,'2026-03-30','12:53:00','12:52:00','Nina Santos','SEED-STU-005',NULL,'ID replacement inquiry',2,'2026-05-13 20:36:55'),(11,27,'2026-03-30','13:30:00','15:15:00','Patricia Gomez','SEED-STU-007',NULL,'Business center purchase',2,'2026-05-13 20:36:55'),(12,24,'2026-03-31','14:26:00','14:58:00','Carlo Rivera','SEED-STU-004',NULL,'ID replacement inquiry',2,'2026-05-13 20:36:55'),(13,26,'2026-03-31','11:52:00','12:30:00','Jerome Aquino','SEED-STU-006',NULL,'Payment processing',2,'2026-05-13 20:36:55'),(14,27,'2026-03-31','11:00:00','13:41:00','Patricia Gomez','SEED-STU-007',NULL,'Toga return',2,'2026-05-13 20:36:55'),(15,26,'2026-03-31','15:55:00','16:41:00','Jerome Aquino','SEED-STU-006',NULL,'Photocopy documents',2,'2026-05-13 20:36:55'),(16,22,'2026-04-01','14:31:00','16:08:00','Mark Reyes','SEED-STU-002',NULL,'Document certification',2,'2026-05-13 20:36:55'),(17,25,'2026-04-01','09:48:00','09:46:00','Nina Santos','SEED-STU-005',NULL,'ID replacement inquiry',2,'2026-05-13 20:36:55'),(18,29,'2026-04-01','08:02:00','09:40:00','Camille Navarro','SEED-STU-009',NULL,'Toga release',2,'2026-05-13 20:36:55'),(19,24,'2026-04-01','11:20:00','12:18:00','Carlo Rivera','SEED-STU-004',NULL,'Document certification',2,'2026-05-13 20:36:55'),(20,21,'2026-04-01','10:34:00','10:37:00','Ana Dela Cruz','SEED-STU-001',NULL,'Business center purchase',2,'2026-05-13 20:36:55'),(21,21,'2026-04-01','12:11:00','13:12:00','Ana Dela Cruz','SEED-STU-001',NULL,'Business center purchase',2,'2026-05-13 20:36:55'),(22,25,'2026-04-01','14:35:00','14:40:00','Nina Santos','SEED-STU-005',NULL,'Toga return',2,'2026-05-13 20:36:55'),(23,24,'2026-04-01','11:51:00','12:07:00','Carlo Rivera','SEED-STU-004',NULL,'Project proposal submission',2,'2026-05-13 20:36:55'),(24,23,'2026-04-02','08:41:00','08:35:00','Liza Mendoza','SEED-STU-003',NULL,'Business center purchase',2,'2026-05-13 20:36:55'),(25,21,'2026-04-02','10:32:00','11:59:00','Ana Dela Cruz','SEED-STU-001',NULL,'Payment processing',2,'2026-05-13 20:36:55'),(26,27,'2026-04-02','12:51:00','13:11:00','Patricia Gomez','SEED-STU-007',NULL,'Photocopy documents',2,'2026-05-13 20:36:55'),(27,29,'2026-04-02','10:21:00','10:31:00','Camille Navarro','SEED-STU-009',NULL,'ID replacement inquiry',2,'2026-05-13 20:36:55'),(28,31,'2026-04-02','13:55:00','14:12:00','Grace Bautista','SEED-STU-011',NULL,'Project proposal submission',2,'2026-05-13 20:36:55'),(29,27,'2026-04-02','14:37:00','15:32:00','Patricia Gomez','SEED-STU-007',NULL,'Toga release',2,'2026-05-13 20:36:55'),(30,31,'2026-04-03','15:03:00','15:17:00','Grace Bautista','SEED-STU-011',NULL,'Toga release',2,'2026-05-13 20:36:55'),(31,25,'2026-04-03','12:17:00','13:47:00','Nina Santos','SEED-STU-005',NULL,'Toga release',2,'2026-05-13 20:36:55'),(32,31,'2026-04-03','16:21:00','16:56:00','Grace Bautista','SEED-STU-011',NULL,'Toga return',2,'2026-05-13 20:36:55'),(33,28,'2026-04-03','08:48:00','10:47:00','Rafael Lim','SEED-STU-008',NULL,'Business center purchase',2,'2026-05-13 20:36:55'),(34,30,'2026-04-03','12:03:00','14:02:00','Miguel Ortega','SEED-STU-010',NULL,'Toga return',2,'2026-05-13 20:36:55'),(35,28,'2026-04-03','15:39:00','16:38:00','Rafael Lim','SEED-STU-008',NULL,'Document certification',2,'2026-05-13 20:36:55'),(36,23,'2026-04-04','12:53:00','12:06:00','Liza Mendoza','SEED-STU-003',NULL,'Toga return',2,'2026-05-13 20:36:55'),(37,29,'2026-04-04','12:26:00','14:56:00','Camille Navarro','SEED-STU-009',NULL,'Printing request',2,'2026-05-13 20:36:55'),(38,22,'2026-04-04','12:52:00','14:48:00','Mark Reyes','SEED-STU-002',NULL,'Document certification',2,'2026-05-13 20:36:55'),(39,21,'2026-04-04','16:41:00','17:18:00','Ana Dela Cruz','SEED-STU-001',NULL,'Business center purchase',2,'2026-05-13 20:36:55'),(40,31,'2026-04-04','12:51:00','12:59:00','Grace Bautista','SEED-STU-011',NULL,'Document certification',2,'2026-05-13 20:36:55'),(41,31,'2026-04-04','09:44:00','11:20:00','Grace Bautista','SEED-STU-011',NULL,'Payment processing',2,'2026-05-13 20:36:55'),(42,23,'2026-04-04','11:42:00','13:11:00','Liza Mendoza','SEED-STU-003',NULL,'Project proposal submission',2,'2026-05-13 20:36:55'),(43,30,'2026-04-05','14:48:00','14:53:00','Miguel Ortega','SEED-STU-010',NULL,'Printing request',2,'2026-05-13 20:36:55'),(44,25,'2026-04-05','13:27:00','13:15:00','Nina Santos','SEED-STU-005',NULL,'Payment processing',2,'2026-05-13 20:36:55'),(45,29,'2026-04-05','14:34:00','16:55:00','Camille Navarro','SEED-STU-009',NULL,'ID replacement inquiry',2,'2026-05-13 20:36:55'),(46,24,'2026-04-05','14:17:00','16:00:00','Carlo Rivera','SEED-STU-004',NULL,'Project proposal submission',2,'2026-05-13 20:36:55'),(47,21,'2026-04-05','12:24:00','13:46:00','Ana Dela Cruz','SEED-STU-001',NULL,'Toga return',2,'2026-05-13 20:36:55'),(48,28,'2026-04-05','14:13:00','14:27:00','Rafael Lim','SEED-STU-008',NULL,'Printing request',2,'2026-05-13 20:36:55'),(49,27,'2026-04-05','10:30:00','10:05:00','Patricia Gomez','SEED-STU-007',NULL,'Toga release',2,'2026-05-13 20:36:55'),(50,31,'2026-04-05','15:43:00','15:49:00','Grace Bautista','SEED-STU-011',NULL,'Project proposal submission',2,'2026-05-13 20:36:55'),(51,30,'2026-04-05','16:13:00','17:30:00','Miguel Ortega','SEED-STU-010',NULL,'Toga release',2,'2026-05-13 20:36:55'),(52,30,'2026-04-06','15:44:00','16:53:00','Miguel Ortega','SEED-STU-010',NULL,'Toga release',2,'2026-05-13 20:36:55'),(53,25,'2026-04-06','10:48:00','10:13:00','Nina Santos','SEED-STU-005',NULL,'Printing request',2,'2026-05-13 20:36:55'),(54,23,'2026-04-06','10:28:00','10:30:00','Liza Mendoza','SEED-STU-003',NULL,'Payment processing',2,'2026-05-13 20:36:55'),(55,27,'2026-04-06','11:48:00','11:42:00','Patricia Gomez','SEED-STU-007',NULL,'Photocopy documents',2,'2026-05-13 20:36:55'),(56,22,'2026-04-07','13:39:00','15:23:00','Mark Reyes','SEED-STU-002',NULL,'Photocopy documents',2,'2026-05-13 20:36:55'),(57,29,'2026-04-07','09:41:00','10:43:00','Camille Navarro','SEED-STU-009',NULL,'Toga return',2,'2026-05-13 20:36:55'),(58,23,'2026-04-07','16:35:00','18:13:00','Liza Mendoza','SEED-STU-003',NULL,'Toga release',2,'2026-05-13 20:36:55'),(59,24,'2026-04-07','13:04:00','15:40:00','Carlo Rivera','SEED-STU-004',NULL,'Business center purchase',2,'2026-05-13 20:36:55'),(60,22,'2026-04-07','12:30:00','13:15:00','Mark Reyes','SEED-STU-002',NULL,'Project proposal submission',2,'2026-05-13 20:36:55'),(61,21,'2026-04-07','11:17:00','12:31:00','Ana Dela Cruz','SEED-STU-001',NULL,'Toga return',2,'2026-05-13 20:36:55'),(62,26,'2026-04-07','08:03:00','10:00:00','Jerome Aquino','SEED-STU-006',NULL,'Toga return',2,'2026-05-13 20:36:55'),(63,28,'2026-04-07','11:34:00','13:19:00','Rafael Lim','SEED-STU-008',NULL,'Toga return',2,'2026-05-13 20:36:55'),(64,23,'2026-04-07','10:12:00','11:15:00','Liza Mendoza','SEED-STU-003',NULL,'Photocopy documents',2,'2026-05-13 20:36:55'),(65,28,'2026-04-07','12:25:00','13:47:00','Rafael Lim','SEED-STU-008',NULL,'ID replacement inquiry',2,'2026-05-13 20:36:55'),(66,31,'2026-04-08','14:35:00','15:51:00','Grace Bautista','SEED-STU-011',NULL,'Printing request',2,'2026-05-13 20:36:55'),(67,29,'2026-04-08','12:18:00','12:27:00','Camille Navarro','SEED-STU-009',NULL,'Printing request',2,'2026-05-13 20:36:55'),(68,29,'2026-04-08','12:36:00','13:34:00','Camille Navarro','SEED-STU-009',NULL,'Project proposal submission',2,'2026-05-13 20:36:55'),(69,21,'2026-04-08','13:16:00','13:05:00','Ana Dela Cruz','SEED-STU-001',NULL,'Photocopy documents',2,'2026-05-13 20:36:55'),(70,31,'2026-04-08','08:41:00','10:01:00','Grace Bautista','SEED-STU-011',NULL,'Photocopy documents',2,'2026-05-13 20:36:55'),(71,28,'2026-04-09','08:55:00','08:13:00','Rafael Lim','SEED-STU-008',NULL,'Toga return',2,'2026-05-13 20:36:55'),(72,23,'2026-04-09','13:16:00','15:59:00','Liza Mendoza','SEED-STU-003',NULL,'Toga return',2,'2026-05-13 20:36:55'),(73,30,'2026-04-09','14:49:00','14:09:00','Miguel Ortega','SEED-STU-010',NULL,'Toga release',2,'2026-05-13 20:36:55'),(74,27,'2026-04-09','15:49:00','17:49:00','Patricia Gomez','SEED-STU-007',NULL,'Document certification',2,'2026-05-13 20:36:55'),(75,28,'2026-04-10','09:40:00','09:27:00','Rafael Lim','SEED-STU-008',NULL,'Photocopy documents',2,'2026-05-13 20:36:55'),(76,24,'2026-04-10','12:42:00','12:33:00','Carlo Rivera','SEED-STU-004',NULL,'Photocopy documents',2,'2026-05-13 20:36:55'),(77,26,'2026-04-10','13:53:00','14:56:00','Jerome Aquino','SEED-STU-006',NULL,'Toga return',2,'2026-05-13 20:36:55'),(78,31,'2026-04-10','11:02:00','12:59:00','Grace Bautista','SEED-STU-011',NULL,'Photocopy documents',2,'2026-05-13 20:36:55'),(79,27,'2026-04-10','10:09:00','12:24:00','Patricia Gomez','SEED-STU-007',NULL,'Toga return',2,'2026-05-13 20:36:55'),(80,29,'2026-04-10','15:22:00','17:12:00','Camille Navarro','SEED-STU-009',NULL,'ID replacement inquiry',2,'2026-05-13 20:36:55'),(81,27,'2026-04-10','15:22:00','15:42:00','Patricia Gomez','SEED-STU-007',NULL,'Photocopy documents',2,'2026-05-13 20:36:55'),(82,25,'2026-04-10','10:42:00','12:39:00','Nina Santos','SEED-STU-005',NULL,'Project proposal submission',2,'2026-05-13 20:36:55'),(83,21,'2026-04-11','10:46:00','11:49:00','Ana Dela Cruz','SEED-STU-001',NULL,'Toga release',2,'2026-05-13 20:36:55'),(84,31,'2026-04-11','10:37:00','11:25:00','Grace Bautista','SEED-STU-011',NULL,'Document certification',2,'2026-05-13 20:36:55'),(85,29,'2026-04-11','11:55:00','12:54:00','Camille Navarro','SEED-STU-009',NULL,'Toga return',2,'2026-05-13 20:36:55'),(86,28,'2026-04-11','15:07:00','15:30:00','Rafael Lim','SEED-STU-008',NULL,'Payment processing',2,'2026-05-13 20:36:55'),(87,21,'2026-04-11','16:15:00','18:58:00','Ana Dela Cruz','SEED-STU-001',NULL,'Toga return',2,'2026-05-13 20:36:55'),(88,24,'2026-04-11','11:39:00','12:36:00','Carlo Rivera','SEED-STU-004',NULL,'Photocopy documents',2,'2026-05-13 20:36:55'),(89,24,'2026-04-11','14:04:00','14:21:00','Carlo Rivera','SEED-STU-004',NULL,'Business center purchase',2,'2026-05-13 20:36:55'),(90,21,'2026-04-12','10:37:00','11:15:00','Ana Dela Cruz','SEED-STU-001',NULL,'ID replacement inquiry',2,'2026-05-13 20:36:55'),(91,27,'2026-04-12','09:28:00','11:43:00','Patricia Gomez','SEED-STU-007',NULL,'ID replacement inquiry',2,'2026-05-13 20:36:55'),(92,30,'2026-04-12','11:36:00','13:37:00','Miguel Ortega','SEED-STU-010',NULL,'ID replacement inquiry',2,'2026-05-13 20:36:55'),(93,31,'2026-04-12','08:11:00','10:50:00','Grace Bautista','SEED-STU-011',NULL,'Project proposal submission',2,'2026-05-13 20:36:55'),(94,24,'2026-04-12','13:48:00','14:33:00','Carlo Rivera','SEED-STU-004',NULL,'ID replacement inquiry',2,'2026-05-13 20:36:55'),(95,30,'2026-04-12','09:13:00','09:58:00','Miguel Ortega','SEED-STU-010',NULL,'Business center purchase',2,'2026-05-13 20:36:55'),(96,26,'2026-04-12','08:44:00','09:00:00','Jerome Aquino','SEED-STU-006',NULL,'Payment processing',2,'2026-05-13 20:36:55'),(97,21,'2026-04-12','08:07:00','08:40:00','Ana Dela Cruz','SEED-STU-001',NULL,'Document certification',2,'2026-05-13 20:36:55'),(98,25,'2026-04-12','09:45:00','09:22:00','Nina Santos','SEED-STU-005',NULL,'Toga release',2,'2026-05-13 20:36:55'),(99,23,'2026-04-13','10:09:00','11:38:00','Liza Mendoza','SEED-STU-003',NULL,'ID replacement inquiry',2,'2026-05-13 20:36:55'),(100,27,'2026-04-13','11:52:00','13:47:00','Patricia Gomez','SEED-STU-007',NULL,'Business center purchase',2,'2026-05-13 20:36:55'),(101,22,'2026-04-13','10:18:00','10:10:00','Mark Reyes','SEED-STU-002',NULL,'Business center purchase',2,'2026-05-13 20:36:55'),(102,26,'2026-04-13','10:26:00','12:41:00','Jerome Aquino','SEED-STU-006',NULL,'Photocopy documents',2,'2026-05-13 20:36:55'),(103,30,'2026-04-14','16:44:00','16:39:00','Miguel Ortega','SEED-STU-010',NULL,'Payment processing',2,'2026-05-13 20:36:55'),(104,30,'2026-04-14','11:32:00','11:26:00','Miguel Ortega','SEED-STU-010',NULL,'ID replacement inquiry',2,'2026-05-13 20:36:55'),(105,22,'2026-04-14','10:54:00','10:47:00','Mark Reyes','SEED-STU-002',NULL,'Toga return',2,'2026-05-13 20:36:55'),(106,27,'2026-04-14','09:24:00','10:13:00','Patricia Gomez','SEED-STU-007',NULL,'Printing request',2,'2026-05-13 20:36:55'),(107,30,'2026-04-14','10:51:00','12:22:00','Miguel Ortega','SEED-STU-010',NULL,'Toga return',2,'2026-05-13 20:36:55'),(108,24,'2026-04-14','16:33:00','16:50:00','Carlo Rivera','SEED-STU-004',NULL,'Printing request',2,'2026-05-13 20:36:55'),(109,22,'2026-04-14','09:25:00','11:56:00','Mark Reyes','SEED-STU-002',NULL,'Project proposal submission',2,'2026-05-13 20:36:55'),(110,30,'2026-04-15','11:52:00','13:38:00','Miguel Ortega','SEED-STU-010',NULL,'Printing request',2,'2026-05-13 20:36:55'),(111,23,'2026-04-15','10:50:00','10:48:00','Liza Mendoza','SEED-STU-003',NULL,'Document certification',2,'2026-05-13 20:36:55'),(112,29,'2026-04-15','15:46:00','16:20:00','Camille Navarro','SEED-STU-009',NULL,'Payment processing',2,'2026-05-13 20:36:55'),(113,29,'2026-04-15','12:24:00','14:03:00','Camille Navarro','SEED-STU-009',NULL,'Toga return',2,'2026-05-13 20:36:55'),(114,30,'2026-04-15','09:51:00','09:37:00','Miguel Ortega','SEED-STU-010',NULL,'Document certification',2,'2026-05-13 20:36:55'),(115,24,'2026-04-16','11:30:00','12:01:00','Carlo Rivera','SEED-STU-004',NULL,'Photocopy documents',2,'2026-05-13 20:36:55'),(116,27,'2026-04-16','10:08:00','12:24:00','Patricia Gomez','SEED-STU-007',NULL,'Payment processing',2,'2026-05-13 20:36:55'),(117,28,'2026-04-16','12:05:00','12:18:00','Rafael Lim','SEED-STU-008',NULL,'Toga release',2,'2026-05-13 20:36:55'),(118,28,'2026-04-16','14:27:00','14:40:00','Rafael Lim','SEED-STU-008',NULL,'Business center purchase',2,'2026-05-13 20:36:55'),(119,30,'2026-04-16','16:18:00','17:04:00','Miguel Ortega','SEED-STU-010',NULL,'Toga release',2,'2026-05-13 20:36:55'),(120,27,'2026-04-16','08:41:00','10:18:00','Patricia Gomez','SEED-STU-007',NULL,'ID replacement inquiry',2,'2026-05-13 20:36:55'),(121,30,'2026-04-16','09:45:00','09:18:00','Miguel Ortega','SEED-STU-010',NULL,'Toga release',2,'2026-05-13 20:36:55'),(122,25,'2026-04-16','08:30:00','10:28:00','Nina Santos','SEED-STU-005',NULL,'Photocopy documents',2,'2026-05-13 20:36:55'),(123,24,'2026-04-16','11:44:00','11:13:00','Carlo Rivera','SEED-STU-004',NULL,'Printing request',2,'2026-05-13 20:36:55'),(124,22,'2026-04-17','12:55:00','14:52:00','Mark Reyes','SEED-STU-002',NULL,'Business center purchase',2,'2026-05-13 20:36:55'),(125,21,'2026-04-17','11:46:00','13:15:00','Ana Dela Cruz','SEED-STU-001',NULL,'Printing request',2,'2026-05-13 20:36:55'),(126,31,'2026-04-17','11:45:00','12:41:00','Grace Bautista','SEED-STU-011',NULL,'Toga release',2,'2026-05-13 20:36:55'),(127,29,'2026-04-17','13:50:00','13:18:00','Camille Navarro','SEED-STU-009',NULL,'Payment processing',2,'2026-05-13 20:36:55'),(128,28,'2026-04-17','13:23:00','14:07:00','Rafael Lim','SEED-STU-008',NULL,'Photocopy documents',2,'2026-05-13 20:36:55'),(129,24,'2026-04-17','12:32:00','13:47:00','Carlo Rivera','SEED-STU-004',NULL,'Photocopy documents',2,'2026-05-13 20:36:55'),(130,30,'2026-04-18','12:31:00','12:27:00','Miguel Ortega','SEED-STU-010',NULL,'Photocopy documents',2,'2026-05-13 20:36:55'),(131,26,'2026-04-18','12:53:00','14:59:00','Jerome Aquino','SEED-STU-006',NULL,'Project proposal submission',2,'2026-05-13 20:36:55'),(132,23,'2026-04-18','15:39:00','15:14:00','Liza Mendoza','SEED-STU-003',NULL,'Document certification',2,'2026-05-13 20:36:55'),(133,26,'2026-04-18','11:47:00','12:55:00','Jerome Aquino','SEED-STU-006',NULL,'Toga release',2,'2026-05-13 20:36:55'),(134,23,'2026-04-19','12:03:00','12:27:00','Liza Mendoza','SEED-STU-003',NULL,'Toga return',2,'2026-05-13 20:36:55'),(135,26,'2026-04-19','10:33:00','12:12:00','Jerome Aquino','SEED-STU-006',NULL,'Printing request',2,'2026-05-13 20:36:55'),(136,26,'2026-04-19','10:30:00','10:42:00','Jerome Aquino','SEED-STU-006',NULL,'Payment processing',2,'2026-05-13 20:36:55'),(137,25,'2026-04-19','09:52:00','11:19:00','Nina Santos','SEED-STU-005',NULL,'Toga return',2,'2026-05-13 20:36:55'),(138,29,'2026-04-19','12:09:00','13:58:00','Camille Navarro','SEED-STU-009',NULL,'Photocopy documents',2,'2026-05-13 20:36:55'),(139,26,'2026-04-19','12:29:00','13:21:00','Jerome Aquino','SEED-STU-006',NULL,'Project proposal submission',2,'2026-05-13 20:36:55'),(140,27,'2026-04-19','10:04:00','10:45:00','Patricia Gomez','SEED-STU-007',NULL,'Printing request',2,'2026-05-13 20:36:55'),(141,26,'2026-04-19','15:18:00','17:16:00','Jerome Aquino','SEED-STU-006',NULL,'Toga release',2,'2026-05-13 20:36:55'),(142,22,'2026-04-20','15:53:00','16:04:00','Mark Reyes','SEED-STU-002',NULL,'ID replacement inquiry',2,'2026-05-13 20:36:55'),(143,28,'2026-04-20','16:45:00','16:21:00','Rafael Lim','SEED-STU-008',NULL,'Business center purchase',2,'2026-05-13 20:36:55'),(144,31,'2026-04-20','11:27:00','12:36:00','Grace Bautista','SEED-STU-011',NULL,'Business center purchase',2,'2026-05-13 20:36:55'),(145,25,'2026-04-20','14:04:00','16:50:00','Nina Santos','SEED-STU-005',NULL,'Business center purchase',2,'2026-05-13 20:36:55'),(146,30,'2026-04-21','16:16:00','17:30:00','Miguel Ortega','SEED-STU-010',NULL,'Project proposal submission',2,'2026-05-13 20:36:55'),(147,29,'2026-04-21','11:20:00','12:29:00','Camille Navarro','SEED-STU-009',NULL,'Printing request',2,'2026-05-13 20:36:55'),(148,26,'2026-04-21','14:14:00','15:57:00','Jerome Aquino','SEED-STU-006',NULL,'Toga return',2,'2026-05-13 20:36:55'),(149,26,'2026-04-21','09:41:00','10:33:00','Jerome Aquino','SEED-STU-006',NULL,'Toga return',2,'2026-05-13 20:36:55'),(150,28,'2026-04-21','15:38:00','17:14:00','Rafael Lim','SEED-STU-008',NULL,'Printing request',2,'2026-05-13 20:36:55'),(151,26,'2026-04-21','12:42:00','13:02:00','Jerome Aquino','SEED-STU-006',NULL,'Payment processing',2,'2026-05-13 20:36:55'),(152,26,'2026-04-21','16:16:00','16:04:00','Jerome Aquino','SEED-STU-006',NULL,'ID replacement inquiry',2,'2026-05-13 20:36:55'),(153,21,'2026-04-21','10:08:00','11:43:00','Ana Dela Cruz','SEED-STU-001',NULL,'Business center purchase',2,'2026-05-13 20:36:55'),(154,25,'2026-04-21','15:25:00','17:42:00','Nina Santos','SEED-STU-005',NULL,'Toga release',2,'2026-05-13 20:36:55'),(155,29,'2026-04-22','10:10:00','11:32:00','Camille Navarro','SEED-STU-009',NULL,'Photocopy documents',2,'2026-05-13 20:36:55'),(156,31,'2026-04-22','12:54:00','14:23:00','Grace Bautista','SEED-STU-011',NULL,'ID replacement inquiry',2,'2026-05-13 20:36:55'),(157,21,'2026-04-22','08:50:00','08:03:00','Ana Dela Cruz','SEED-STU-001',NULL,'Business center purchase',2,'2026-05-13 20:36:55'),(158,29,'2026-04-22','08:51:00','09:55:00','Camille Navarro','SEED-STU-009',NULL,'Printing request',2,'2026-05-13 20:36:55'),(159,22,'2026-04-23','14:37:00','14:16:00','Mark Reyes','SEED-STU-002',NULL,'Business center purchase',2,'2026-05-13 20:36:55'),(160,24,'2026-04-23','11:51:00','12:05:00','Carlo Rivera','SEED-STU-004',NULL,'Photocopy documents',2,'2026-05-13 20:36:55'),(161,27,'2026-04-23','13:40:00','13:15:00','Patricia Gomez','SEED-STU-007',NULL,'ID replacement inquiry',2,'2026-05-13 20:36:55'),(162,31,'2026-04-23','10:35:00','10:31:00','Grace Bautista','SEED-STU-011',NULL,'Toga return',2,'2026-05-13 20:36:55'),(163,22,'2026-04-23','15:13:00','16:00:00','Mark Reyes','SEED-STU-002',NULL,'Project proposal submission',2,'2026-05-13 20:36:55'),(164,28,'2026-04-23','16:40:00','18:58:00','Rafael Lim','SEED-STU-008',NULL,'Toga return',2,'2026-05-13 20:36:55'),(165,26,'2026-04-24','12:42:00','13:10:00','Jerome Aquino','SEED-STU-006',NULL,'Photocopy documents',2,'2026-05-13 20:36:55'),(166,26,'2026-04-24','16:23:00','18:58:00','Jerome Aquino','SEED-STU-006',NULL,'Toga return',2,'2026-05-13 20:36:55'),(167,24,'2026-04-24','09:27:00','10:46:00','Carlo Rivera','SEED-STU-004',NULL,'Business center purchase',2,'2026-05-13 20:36:55'),(168,24,'2026-04-24','14:08:00','16:26:00','Carlo Rivera','SEED-STU-004',NULL,'Toga return',2,'2026-05-13 20:36:55'),(169,25,'2026-04-25','10:44:00','12:37:00','Nina Santos','SEED-STU-005',NULL,'Toga return',2,'2026-05-13 20:36:55'),(170,31,'2026-04-25','08:35:00','10:37:00','Grace Bautista','SEED-STU-011',NULL,'Payment processing',2,'2026-05-13 20:36:55'),(171,25,'2026-04-25','16:28:00','18:37:00','Nina Santos','SEED-STU-005',NULL,'Toga release',2,'2026-05-13 20:36:55'),(172,28,'2026-04-25','13:29:00','14:39:00','Rafael Lim','SEED-STU-008',NULL,'Photocopy documents',2,'2026-05-13 20:36:55'),(173,30,'2026-04-25','12:37:00','13:56:00','Miguel Ortega','SEED-STU-010',NULL,'Project proposal submission',2,'2026-05-13 20:36:55'),(174,29,'2026-04-25','09:18:00','10:20:00','Camille Navarro','SEED-STU-009',NULL,'ID replacement inquiry',2,'2026-05-13 20:36:55'),(175,26,'2026-04-26','08:31:00','08:50:00','Jerome Aquino','SEED-STU-006',NULL,'Payment processing',2,'2026-05-13 20:36:55'),(176,31,'2026-04-26','08:17:00','08:31:00','Grace Bautista','SEED-STU-011',NULL,'Business center purchase',2,'2026-05-13 20:36:55'),(177,27,'2026-04-26','16:40:00','18:57:00','Patricia Gomez','SEED-STU-007',NULL,'Project proposal submission',2,'2026-05-13 20:36:55'),(178,25,'2026-04-26','15:49:00','16:46:00','Nina Santos','SEED-STU-005',NULL,'Document certification',2,'2026-05-13 20:36:55'),(179,21,'2026-04-26','13:26:00','13:54:00','Ana Dela Cruz','SEED-STU-001',NULL,'Printing request',2,'2026-05-13 20:36:55'),(180,23,'2026-04-26','13:15:00','13:55:00','Liza Mendoza','SEED-STU-003',NULL,'Business center purchase',2,'2026-05-13 20:36:55'),(181,25,'2026-04-26','08:31:00','08:13:00','Nina Santos','SEED-STU-005',NULL,'Business center purchase',2,'2026-05-13 20:36:55'),(182,25,'2026-04-26','13:16:00','15:35:00','Nina Santos','SEED-STU-005',NULL,'Photocopy documents',2,'2026-05-13 20:36:55'),(183,25,'2026-04-26','08:29:00','08:50:00','Nina Santos','SEED-STU-005',NULL,'Toga return',2,'2026-05-13 20:36:55'),(184,31,'2026-04-27','14:51:00','14:11:00','Grace Bautista','SEED-STU-011',NULL,'Toga release',2,'2026-05-13 20:36:55'),(185,25,'2026-04-27','09:15:00','10:59:00','Nina Santos','SEED-STU-005',NULL,'Project proposal submission',2,'2026-05-13 20:36:55'),(186,28,'2026-04-27','15:54:00','16:30:00','Rafael Lim','SEED-STU-008',NULL,'Document certification',2,'2026-05-13 20:36:55'),(187,25,'2026-04-27','08:39:00','10:10:00','Nina Santos','SEED-STU-005',NULL,'Toga return',2,'2026-05-13 20:36:55'),(188,30,'2026-04-27','13:45:00','14:29:00','Miguel Ortega','SEED-STU-010',NULL,'Project proposal submission',2,'2026-05-13 20:36:55'),(189,30,'2026-04-27','09:02:00','11:10:00','Miguel Ortega','SEED-STU-010',NULL,'Toga release',2,'2026-05-13 20:36:55'),(190,24,'2026-04-27','16:18:00','18:16:00','Carlo Rivera','SEED-STU-004',NULL,'Printing request',2,'2026-05-13 20:36:55'),(191,30,'2026-04-27','13:20:00','13:58:00','Miguel Ortega','SEED-STU-010',NULL,'Toga release',2,'2026-05-13 20:36:55'),(192,30,'2026-04-27','14:05:00','14:48:00','Miguel Ortega','SEED-STU-010',NULL,'Printing request',2,'2026-05-13 20:36:55'),(193,27,'2026-04-27','11:40:00','12:27:00','Patricia Gomez','SEED-STU-007',NULL,'Document certification',2,'2026-05-13 20:36:55'),(194,21,'2026-04-28','13:00:00','13:49:00','Ana Dela Cruz','SEED-STU-001',NULL,'Project proposal submission',2,'2026-05-13 20:36:55'),(195,24,'2026-04-28','16:39:00','16:59:00','Carlo Rivera','SEED-STU-004',NULL,'Payment processing',2,'2026-05-13 20:36:55'),(196,24,'2026-04-28','10:13:00','10:58:00','Carlo Rivera','SEED-STU-004',NULL,'Toga return',2,'2026-05-13 20:36:55'),(197,22,'2026-04-28','13:36:00','13:51:00','Mark Reyes','SEED-STU-002',NULL,'Business center purchase',2,'2026-05-13 20:36:55'),(198,21,'2026-04-29','12:27:00','12:00:00','Ana Dela Cruz','SEED-STU-001',NULL,'Printing request',2,'2026-05-13 20:36:55'),(199,28,'2026-04-29','13:10:00','15:12:00','Rafael Lim','SEED-STU-008',NULL,'Printing request',2,'2026-05-13 20:36:55'),(200,30,'2026-04-29','14:53:00','14:22:00','Miguel Ortega','SEED-STU-010',NULL,'Payment processing',2,'2026-05-13 20:36:55'),(201,26,'2026-04-29','15:42:00','16:43:00','Jerome Aquino','SEED-STU-006',NULL,'Toga release',2,'2026-05-13 20:36:55'),(202,24,'2026-04-29','10:43:00','10:11:00','Carlo Rivera','SEED-STU-004',NULL,'Photocopy documents',2,'2026-05-13 20:36:55'),(203,28,'2026-04-29','11:51:00','12:36:00','Rafael Lim','SEED-STU-008',NULL,'Business center purchase',2,'2026-05-13 20:36:55'),(204,22,'2026-04-30','15:31:00','17:50:00','Mark Reyes','SEED-STU-002',NULL,'Printing request',2,'2026-05-13 20:36:55'),(205,25,'2026-04-30','15:28:00','15:25:00','Nina Santos','SEED-STU-005',NULL,'Printing request',2,'2026-05-13 20:36:55'),(206,29,'2026-04-30','10:00:00','10:37:00','Camille Navarro','SEED-STU-009',NULL,'Project proposal submission',2,'2026-05-13 20:36:55'),(207,23,'2026-04-30','09:46:00','10:57:00','Liza Mendoza','SEED-STU-003',NULL,'Payment processing',2,'2026-05-13 20:36:55'),(208,21,'2026-04-30','08:36:00','08:21:00','Ana Dela Cruz','SEED-STU-001',NULL,'Toga return',2,'2026-05-13 20:36:55'),(209,23,'2026-04-30','14:17:00','16:32:00','Liza Mendoza','SEED-STU-003',NULL,'Photocopy documents',2,'2026-05-13 20:36:55'),(210,23,'2026-04-30','13:11:00','14:29:00','Liza Mendoza','SEED-STU-003',NULL,'ID replacement inquiry',2,'2026-05-13 20:36:55'),(211,22,'2026-04-30','08:35:00','09:43:00','Mark Reyes','SEED-STU-002',NULL,'Document certification',2,'2026-05-13 20:36:55'),(212,25,'2026-04-30','16:34:00','17:18:00','Nina Santos','SEED-STU-005',NULL,'Document certification',2,'2026-05-13 20:36:55'),(213,31,'2026-04-30','16:08:00','18:10:00','Grace Bautista','SEED-STU-011',NULL,'Payment processing',2,'2026-05-13 20:36:55'),(214,29,'2026-05-01','16:37:00','17:49:00','Camille Navarro','SEED-STU-009',NULL,'Business center purchase',2,'2026-05-13 20:36:55'),(215,25,'2026-05-01','08:02:00','08:40:00','Nina Santos','SEED-STU-005',NULL,'Business center purchase',2,'2026-05-13 20:36:55'),(216,26,'2026-05-01','16:44:00','18:54:00','Jerome Aquino','SEED-STU-006',NULL,'Project proposal submission',2,'2026-05-13 20:36:55'),(217,26,'2026-05-01','08:47:00','10:38:00','Jerome Aquino','SEED-STU-006',NULL,'Payment processing',2,'2026-05-13 20:36:55'),(218,29,'2026-05-01','16:06:00','17:04:00','Camille Navarro','SEED-STU-009',NULL,'Printing request',2,'2026-05-13 20:36:55'),(219,29,'2026-05-02','11:30:00','11:03:00','Camille Navarro','SEED-STU-009',NULL,'Toga release',2,'2026-05-13 20:36:55'),(220,27,'2026-05-02','08:42:00','10:05:00','Patricia Gomez','SEED-STU-007',NULL,'Photocopy documents',2,'2026-05-13 20:36:55'),(221,31,'2026-05-02','10:06:00','12:33:00','Grace Bautista','SEED-STU-011',NULL,'Photocopy documents',2,'2026-05-13 20:36:55'),(222,23,'2026-05-02','12:15:00','13:39:00','Liza Mendoza','SEED-STU-003',NULL,'Toga return',2,'2026-05-13 20:36:55'),(223,21,'2026-05-02','08:47:00','10:16:00','Ana Dela Cruz','SEED-STU-001',NULL,'Toga return',2,'2026-05-13 20:36:55'),(224,21,'2026-05-02','11:27:00','12:46:00','Ana Dela Cruz','SEED-STU-001',NULL,'Business center purchase',2,'2026-05-13 20:36:55'),(225,24,'2026-05-02','16:51:00','17:29:00','Carlo Rivera','SEED-STU-004',NULL,'Toga release',2,'2026-05-13 20:36:55'),(226,30,'2026-05-02','14:35:00','14:44:00','Miguel Ortega','SEED-STU-010',NULL,'Toga release',2,'2026-05-13 20:36:55'),(227,31,'2026-05-03','12:05:00','13:49:00','Grace Bautista','SEED-STU-011',NULL,'Photocopy documents',2,'2026-05-13 20:36:55'),(228,30,'2026-05-03','14:29:00','16:14:00','Miguel Ortega','SEED-STU-010',NULL,'Toga return',2,'2026-05-13 20:36:55'),(229,24,'2026-05-03','12:55:00','13:30:00','Carlo Rivera','SEED-STU-004',NULL,'Business center purchase',2,'2026-05-13 20:36:55'),(230,27,'2026-05-03','09:48:00','11:05:00','Patricia Gomez','SEED-STU-007',NULL,'Document certification',2,'2026-05-13 20:36:55'),(231,21,'2026-05-03','12:35:00','14:58:00','Ana Dela Cruz','SEED-STU-001',NULL,'Project proposal submission',2,'2026-05-13 20:36:55'),(232,21,'2026-05-03','11:11:00','13:38:00','Ana Dela Cruz','SEED-STU-001',NULL,'Project proposal submission',2,'2026-05-13 20:36:55'),(233,28,'2026-05-03','08:36:00','10:01:00','Rafael Lim','SEED-STU-008',NULL,'Toga return',2,'2026-05-13 20:36:55'),(234,26,'2026-05-03','15:13:00','16:05:00','Jerome Aquino','SEED-STU-006',NULL,'Project proposal submission',2,'2026-05-13 20:36:55'),(235,24,'2026-05-03','09:48:00','11:14:00','Carlo Rivera','SEED-STU-004',NULL,'Payment processing',2,'2026-05-13 20:36:55'),(236,21,'2026-05-04','15:19:00','16:07:00','Ana Dela Cruz','SEED-STU-001',NULL,'Business center purchase',2,'2026-05-13 20:36:55'),(237,26,'2026-05-04','16:50:00','16:19:00','Jerome Aquino','SEED-STU-006',NULL,'Business center purchase',2,'2026-05-13 20:36:55'),(238,22,'2026-05-04','16:05:00','16:08:00','Mark Reyes','SEED-STU-002',NULL,'Document certification',2,'2026-05-13 20:36:55'),(239,21,'2026-05-04','10:39:00','10:46:00','Ana Dela Cruz','SEED-STU-001',NULL,'Project proposal submission',2,'2026-05-13 20:36:55'),(240,27,'2026-05-04','10:24:00','10:09:00','Patricia Gomez','SEED-STU-007',NULL,'Toga release',2,'2026-05-13 20:36:55'),(241,30,'2026-05-05','08:54:00','09:52:00','Miguel Ortega','SEED-STU-010',NULL,'Toga release',2,'2026-05-13 20:36:55'),(242,22,'2026-05-05','14:11:00','16:00:00','Mark Reyes','SEED-STU-002',NULL,'Photocopy documents',2,'2026-05-13 20:36:55'),(243,26,'2026-05-05','14:45:00','14:38:00','Jerome Aquino','SEED-STU-006',NULL,'Payment processing',2,'2026-05-13 20:36:55'),(244,26,'2026-05-05','11:10:00','12:41:00','Jerome Aquino','SEED-STU-006',NULL,'Document certification',2,'2026-05-13 20:36:55'),(245,24,'2026-05-05','14:52:00','15:13:00','Carlo Rivera','SEED-STU-004',NULL,'Document certification',2,'2026-05-13 20:36:55'),(246,23,'2026-05-05','15:15:00','17:05:00','Liza Mendoza','SEED-STU-003',NULL,'Toga release',2,'2026-05-13 20:36:55'),(247,22,'2026-05-05','15:27:00','15:56:00','Mark Reyes','SEED-STU-002',NULL,'Project proposal submission',2,'2026-05-13 20:36:55'),(248,29,'2026-05-05','13:15:00','15:45:00','Camille Navarro','SEED-STU-009',NULL,'Project proposal submission',2,'2026-05-13 20:36:55'),(249,28,'2026-05-05','13:01:00','15:22:00','Rafael Lim','SEED-STU-008',NULL,'Photocopy documents',2,'2026-05-13 20:36:55'),(250,31,'2026-05-06','12:04:00','12:49:00','Grace Bautista','SEED-STU-011',NULL,'Payment processing',2,'2026-05-13 20:36:55'),(251,31,'2026-05-06','15:47:00','15:42:00','Grace Bautista','SEED-STU-011',NULL,'Photocopy documents',2,'2026-05-13 20:36:55'),(252,22,'2026-05-06','16:30:00','18:30:00','Mark Reyes','SEED-STU-002',NULL,'Printing request',2,'2026-05-13 20:36:55'),(253,25,'2026-05-06','10:40:00','12:44:00','Nina Santos','SEED-STU-005',NULL,'Toga return',2,'2026-05-13 20:36:55'),(254,23,'2026-05-06','14:33:00','16:17:00','Liza Mendoza','SEED-STU-003',NULL,'ID replacement inquiry',2,'2026-05-13 20:36:55'),(255,31,'2026-05-06','08:14:00','08:45:00','Grace Bautista','SEED-STU-011',NULL,'Printing request',2,'2026-05-13 20:36:55'),(256,21,'2026-05-06','14:18:00','14:39:00','Ana Dela Cruz','SEED-STU-001',NULL,'Project proposal submission',2,'2026-05-13 20:36:55'),(257,30,'2026-05-07','14:50:00','15:03:00','Miguel Ortega','SEED-STU-010',NULL,'Business center purchase',2,'2026-05-13 20:36:55'),(258,23,'2026-05-07','16:50:00','17:59:00','Liza Mendoza','SEED-STU-003',NULL,'Business center purchase',2,'2026-05-13 20:36:55'),(259,22,'2026-05-07','16:15:00','16:53:00','Mark Reyes','SEED-STU-002',NULL,'Printing request',2,'2026-05-13 20:36:55'),(260,24,'2026-05-07','15:37:00','16:53:00','Carlo Rivera','SEED-STU-004',NULL,'Document certification',2,'2026-05-13 20:36:55'),(261,23,'2026-05-07','15:33:00','15:07:00','Liza Mendoza','SEED-STU-003',NULL,'Toga return',2,'2026-05-13 20:36:55'),(262,21,'2026-05-07','08:29:00','08:09:00','Ana Dela Cruz','SEED-STU-001',NULL,'Photocopy documents',2,'2026-05-13 20:36:55'),(263,31,'2026-05-07','08:18:00','08:24:00','Grace Bautista','SEED-STU-011',NULL,'Project proposal submission',2,'2026-05-13 20:36:55'),(264,28,'2026-05-07','13:31:00','14:02:00','Rafael Lim','SEED-STU-008',NULL,'Document certification',2,'2026-05-13 20:36:55'),(265,29,'2026-05-07','09:38:00','09:53:00','Camille Navarro','SEED-STU-009',NULL,'Toga return',2,'2026-05-13 20:36:55'),(266,31,'2026-05-08','16:38:00','16:28:00','Grace Bautista','SEED-STU-011',NULL,'Document certification',2,'2026-05-13 20:36:55'),(267,25,'2026-05-08','08:41:00','08:00:00','Nina Santos','SEED-STU-005',NULL,'ID replacement inquiry',2,'2026-05-13 20:36:55'),(268,30,'2026-05-08','16:44:00','16:17:00','Miguel Ortega','SEED-STU-010',NULL,'Printing request',2,'2026-05-13 20:36:55'),(269,31,'2026-05-08','10:32:00','11:28:00','Grace Bautista','SEED-STU-011',NULL,'Printing request',2,'2026-05-13 20:36:55'),(270,21,'2026-05-08','09:54:00','09:57:00','Ana Dela Cruz','SEED-STU-001',NULL,'ID replacement inquiry',2,'2026-05-13 20:36:55'),(271,28,'2026-05-08','08:02:00','10:43:00','Rafael Lim','SEED-STU-008',NULL,'Payment processing',2,'2026-05-13 20:36:55'),(272,28,'2026-05-08','10:41:00','10:10:00','Rafael Lim','SEED-STU-008',NULL,'Toga release',2,'2026-05-13 20:36:55'),(273,28,'2026-05-08','12:52:00','12:23:00','Rafael Lim','SEED-STU-008',NULL,'Document certification',2,'2026-05-13 20:36:55'),(274,29,'2026-05-09','16:30:00','16:14:00','Camille Navarro','SEED-STU-009',NULL,'Toga release',2,'2026-05-13 20:36:55'),(275,28,'2026-05-09','10:30:00','12:36:00','Rafael Lim','SEED-STU-008',NULL,'Printing request',2,'2026-05-13 20:36:55'),(276,24,'2026-05-09','09:15:00','09:33:00','Carlo Rivera','SEED-STU-004',NULL,'Document certification',2,'2026-05-13 20:36:55'),(277,22,'2026-05-09','13:12:00','14:01:00','Mark Reyes','SEED-STU-002',NULL,'Printing request',2,'2026-05-13 20:36:55'),(278,21,'2026-05-09','14:12:00','14:19:00','Ana Dela Cruz','SEED-STU-001',NULL,'Photocopy documents',2,'2026-05-13 20:36:55'),(279,28,'2026-05-09','12:13:00','13:51:00','Rafael Lim','SEED-STU-008',NULL,'Document certification',2,'2026-05-13 20:36:55'),(280,22,'2026-05-09','15:30:00','17:42:00','Mark Reyes','SEED-STU-002',NULL,'Toga return',2,'2026-05-13 20:36:55'),(281,22,'2026-05-09','11:35:00','12:04:00','Mark Reyes','SEED-STU-002',NULL,'Business center purchase',2,'2026-05-13 20:36:55'),(282,23,'2026-05-09','12:40:00','13:24:00','Liza Mendoza','SEED-STU-003',NULL,'Toga release',2,'2026-05-13 20:36:55'),(283,23,'2026-05-10','14:29:00','16:31:00','Liza Mendoza','SEED-STU-003',NULL,'Printing request',2,'2026-05-13 20:36:55'),(284,22,'2026-05-10','09:29:00','10:24:00','Mark Reyes','SEED-STU-002',NULL,'ID replacement inquiry',2,'2026-05-13 20:36:55'),(285,22,'2026-05-10','14:24:00','16:06:00','Mark Reyes','SEED-STU-002',NULL,'Photocopy documents',2,'2026-05-13 20:36:55'),(286,28,'2026-05-10','12:39:00','14:21:00','Rafael Lim','SEED-STU-008',NULL,'Photocopy documents',2,'2026-05-13 20:36:55'),(287,31,'2026-05-10','16:13:00','18:38:00','Grace Bautista','SEED-STU-011',NULL,'ID replacement inquiry',2,'2026-05-13 20:36:55'),(288,24,'2026-05-10','12:21:00','14:31:00','Carlo Rivera','SEED-STU-004',NULL,'Toga release',2,'2026-05-13 20:36:55'),(289,22,'2026-05-10','16:27:00','18:24:00','Mark Reyes','SEED-STU-002',NULL,'ID replacement inquiry',2,'2026-05-13 20:36:55'),(290,22,'2026-05-10','15:25:00','17:34:00','Mark Reyes','SEED-STU-002',NULL,'Toga release',2,'2026-05-13 20:36:55'),(291,23,'2026-05-10','11:02:00','13:06:00','Liza Mendoza','SEED-STU-003',NULL,'Printing request',2,'2026-05-13 20:36:55'),(292,25,'2026-05-11','13:35:00','15:28:00','Nina Santos','SEED-STU-005',NULL,'Payment processing',2,'2026-05-13 20:36:55'),(293,25,'2026-05-11','15:43:00','16:17:00','Nina Santos','SEED-STU-005',NULL,'Printing request',2,'2026-05-13 20:36:55'),(294,28,'2026-05-11','16:22:00','18:29:00','Rafael Lim','SEED-STU-008',NULL,'Document certification',2,'2026-05-13 20:36:55'),(295,27,'2026-05-11','13:45:00','14:12:00','Patricia Gomez','SEED-STU-007',NULL,'Toga return',2,'2026-05-13 20:36:55'),(296,22,'2026-05-11','14:27:00','15:46:00','Mark Reyes','SEED-STU-002',NULL,'Toga release',2,'2026-05-13 20:36:55'),(297,29,'2026-05-11','11:27:00','11:50:00','Camille Navarro','SEED-STU-009',NULL,'Toga return',2,'2026-05-13 20:36:55'),(298,24,'2026-05-11','15:09:00','17:27:00','Carlo Rivera','SEED-STU-004',NULL,'Toga release',2,'2026-05-13 20:36:55'),(299,22,'2026-05-11','08:37:00','09:41:00','Mark Reyes','SEED-STU-002',NULL,'Toga release',2,'2026-05-13 20:36:55'),(300,27,'2026-05-11','13:26:00','14:06:00','Patricia Gomez','SEED-STU-007',NULL,'Project proposal submission',2,'2026-05-13 20:36:55'),(301,26,'2026-05-11','16:14:00','16:15:00','Jerome Aquino','SEED-STU-006',NULL,'Payment processing',2,'2026-05-13 20:36:55'),(302,26,'2026-05-12','14:38:00','16:31:00','Jerome Aquino','SEED-STU-006',NULL,'ID replacement inquiry',2,'2026-05-13 20:36:55'),(303,22,'2026-05-12','14:48:00','16:38:00','Mark Reyes','SEED-STU-002',NULL,'ID replacement inquiry',2,'2026-05-13 20:36:55'),(304,25,'2026-05-12','12:33:00','14:27:00','Nina Santos','SEED-STU-005',NULL,'Payment processing',2,'2026-05-13 20:36:55'),(305,30,'2026-05-12','09:34:00','11:32:00','Miguel Ortega','SEED-STU-010',NULL,'Toga release',2,'2026-05-13 20:36:55'),(306,27,'2026-05-12','11:51:00','13:35:00','Patricia Gomez','SEED-STU-007',NULL,'ID replacement inquiry',2,'2026-05-13 20:36:55'),(307,27,'2026-05-12','12:09:00','13:39:00','Patricia Gomez','SEED-STU-007',NULL,'Toga return',2,'2026-05-13 20:36:55'),(308,30,'2026-05-12','13:13:00','15:16:00','Miguel Ortega','SEED-STU-010',NULL,'Payment processing',2,'2026-05-13 20:36:55'),(309,24,'2026-05-12','11:41:00','11:52:00','Carlo Rivera','SEED-STU-004',NULL,'Payment processing',2,'2026-05-13 20:36:55'),(310,23,'2026-05-12','09:26:00','10:07:00','Liza Mendoza','SEED-STU-003',NULL,'Printing request',2,'2026-05-13 20:36:55'),(311,25,'2026-05-13','10:29:00','10:29:00','Nina Santos','SEED-STU-005',NULL,'ID replacement inquiry',2,'2026-05-13 20:36:55'),(312,26,'2026-05-13','15:04:00','15:19:00','Jerome Aquino','SEED-STU-006',NULL,'Photocopy documents',2,'2026-05-13 20:36:55'),(313,26,'2026-05-13','16:44:00','18:19:00','Jerome Aquino','SEED-STU-006',NULL,'Toga return',2,'2026-05-13 20:36:55'),(314,24,'2026-05-13','14:03:00','16:22:00','Carlo Rivera','SEED-STU-004',NULL,'Printing request',2,'2026-05-13 20:36:55'),(315,30,'2026-05-13','16:35:00','16:28:00','Miguel Ortega','SEED-STU-010',NULL,'Document certification',2,'2026-05-13 20:36:55'),(316,31,'2026-05-13','09:33:00','09:57:00','Grace Bautista','SEED-STU-011',NULL,'Photocopy documents',2,'2026-05-13 20:36:55'),(317,25,'2026-05-13','08:48:00','09:26:00','Nina Santos','SEED-STU-005',NULL,'Business center purchase',2,'2026-05-13 20:36:55'),(318,31,'2026-05-13','09:37:00','11:23:00','Grace Bautista','SEED-STU-011',NULL,'Project proposal submission',2,'2026-05-13 20:36:55'),(319,30,'2026-05-13','14:16:00','15:24:00','Miguel Ortega','SEED-STU-010',NULL,'Toga return',2,'2026-05-13 20:36:55'),(320,24,'2026-05-14','10:19:00','10:02:00','Carlo Rivera','SEED-STU-004',NULL,'Printing request',2,'2026-05-13 20:36:55'),(321,31,'2026-05-14','12:47:00','12:18:00','Grace Bautista','SEED-STU-011',NULL,'Toga release',2,'2026-05-13 20:36:55'),(322,21,'2026-05-14','09:52:00','10:28:00','Ana Dela Cruz','SEED-STU-001',NULL,'Document certification',2,'2026-05-13 20:36:55'),(323,26,'2026-05-14','13:47:00','15:48:00','Jerome Aquino','SEED-STU-006',NULL,'Business center purchase',2,'2026-05-13 20:36:55'),(324,25,'2026-05-14','10:54:00','12:13:00','Nina Santos','SEED-STU-005',NULL,'Photocopy documents',2,'2026-05-13 20:36:55'),(325,23,'2026-05-14','14:11:00','16:22:00','Liza Mendoza','SEED-STU-003',NULL,'Business center purchase',2,'2026-05-13 20:36:55'),(326,29,'2026-05-14','12:24:00','13:05:00','Camille Navarro','SEED-STU-009',NULL,'ID replacement inquiry',2,'2026-05-13 20:36:55'),(327,30,'2026-05-14','12:06:00','12:19:00','Miguel Ortega','SEED-STU-010',NULL,'Toga return',2,'2026-05-13 20:36:55'),(328,27,'2026-05-14','08:10:00','09:10:00','Patricia Gomez','SEED-STU-007',NULL,'Business center purchase',2,'2026-05-13 20:36:55'),(329,NULL,'2026-05-14','13:02:05',NULL,'',NULL,'0000-0021','POS sale: Alcohol bottle x 1, Barcode Label Roll x 1',1,'2026-05-14 13:02:05'),(330,NULL,'2026-05-14','13:08:15',NULL,'',NULL,'0000-0022','POS sale: A4 Spiral Notebook x 1, Black Ballpen x 1, Blue Ballpen x 1, Brown Envelope x 1, Binder clips x 1, Alcohol bottle x 1',1,'2026-05-14 13:08:15'),(331,NULL,'2026-05-14','14:43:03',NULL,'',NULL,'0000-0023','POS sale: Black and White Print x 2',1,'2026-05-14 14:43:03'),(332,NULL,'2026-05-14','14:43:51',NULL,'',NULL,'0000-0024','POS sale: Black and White Print x 1',1,'2026-05-14 14:43:51'),(333,NULL,'2026-05-14','14:52:55',NULL,'',NULL,'0000-0025','POS sale: Binder clips x 1, Cartolina x 1',1,'2026-05-14 14:52:55'),(334,NULL,'2026-05-14','14:55:04',NULL,'',NULL,'0000-0026','POS sale: Black Ballpen x 1, Blue Ballpen x 1',1,'2026-05-14 14:55:04'),(335,NULL,'2026-05-14','14:58:40',NULL,'',NULL,'0000-0027','POS sale: Loose bond paper x 3, Black and White Print x 2',1,'2026-05-14 14:58:40'),(336,NULL,'2026-05-14','14:59:06',NULL,'',NULL,'0000-0028','POS sale: Loose bond paper x 3, Black and White Print x 2',1,'2026-05-14 14:59:06');
/*!40000 ALTER TABLE `office_logbook` ENABLE KEYS */;
UNLOCK TABLES;

--
-- Table structure for table `people`
--

DROP TABLE IF EXISTS `people`;
/*!40101 SET @saved_cs_client     = @@character_set_client */;
/*!50503 SET character_set_client = utf8mb4 */;
CREATE TABLE `people` (
  `id` int NOT NULL AUTO_INCREMENT,
  `full_name` varchar(150) NOT NULL,
  `person_code` varchar(80) DEFAULT NULL,
  `department` varchar(120) DEFAULT NULL,
  `role_or_position` varchar(120) DEFAULT NULL,
  `contact_info` varchar(160) DEFAULT NULL,
  `status` enum('pending','approved','inactive') NOT NULL DEFAULT 'pending',
  `created_by` int DEFAULT NULL,
  `approved_by` int DEFAULT NULL,
  `approved_at` datetime DEFAULT NULL,
  `created_at` timestamp NULL DEFAULT CURRENT_TIMESTAMP,
  `updated_at` timestamp NULL DEFAULT CURRENT_TIMESTAMP ON UPDATE CURRENT_TIMESTAMP,
  PRIMARY KEY (`id`),
  UNIQUE KEY `uniq_people_person_code` (`person_code`),
  KEY `idx_people_status_name` (`status`,`full_name`),
  KEY `idx_people_code` (`person_code`),
  KEY `idx_people_department_role` (`department`,`role_or_position`),
  KEY `fk_people_created_by` (`created_by`),
  KEY `fk_people_approved_by` (`approved_by`),
  CONSTRAINT `fk_people_approved_by` FOREIGN KEY (`approved_by`) REFERENCES `users` (`id`) ON DELETE SET NULL,
  CONSTRAINT `fk_people_created_by` FOREIGN KEY (`created_by`) REFERENCES `users` (`id`) ON DELETE SET NULL
) ENGINE=InnoDB AUTO_INCREMENT=36 DEFAULT CHARSET=utf8mb4 COLLATE=utf8mb4_0900_ai_ci;
/*!40101 SET character_set_client = @saved_cs_client */;

--
-- Dumping data for table `people`
--

LOCK TABLES `people` WRITE;
/*!40000 ALTER TABLE `people` DISABLE KEYS */;
INSERT INTO `people` VALUES (1,'Canteen Stall 1',NULL,NULL,'Maria Santos',NULL,'approved',NULL,NULL,'2026-05-14 04:36:53','2026-05-13 20:36:53','2026-05-13 20:36:53'),(2,'Printing Kiosk',NULL,NULL,'Juan Dizon',NULL,'approved',NULL,NULL,'2026-05-14 04:36:53','2026-05-13 20:36:53','2026-05-13 20:36:53'),(3,'Ana Dela Cruz','2026-001','BSIT','Toga Release',NULL,'approved',NULL,NULL,'2026-05-14 04:36:53','2026-05-13 20:36:53','2026-05-13 20:36:53'),(4,'Mark Reyes','2026-002','BSED','Toga Release',NULL,'approved',NULL,NULL,'2026-05-14 04:36:53','2026-05-13 20:36:53','2026-05-13 20:36:53'),(5,'Liza Mendoza','2026-010',NULL,'Student',NULL,'approved',NULL,NULL,'2026-05-14 04:36:53','2026-05-13 20:36:53','2026-05-13 20:36:53'),(6,'Carlo Rivera','2026-011',NULL,'Student',NULL,'approved',NULL,NULL,'2026-05-14 04:36:53','2026-05-13 20:36:53','2026-05-13 20:36:53'),(7,'Nina Santos','2026-012',NULL,'Student',NULL,'approved',NULL,NULL,'2026-05-14 04:36:53','2026-05-13 20:36:53','2026-05-13 20:36:53'),(8,'Dr. Helena Magbanua','SEED-EMP-001','Office of the Campus Director','Campus Director','helena.magbanua@minsu.edu.ph','approved',1,1,'2026-05-14 04:36:54','2026-05-13 20:36:54','2026-05-13 20:36:54'),(9,'Maria Lourdes Santos','SEED-EMP-002','Production and Business Operation','BPO Director','mlsantos@minsu.edu.ph','approved',1,1,'2026-05-14 04:36:54','2026-05-13 20:36:54','2026-05-13 20:36:54'),(10,'Antonio Cruz','SEED-EMP-003','Finance Department','Accountant','acruz@minsu.edu.ph','approved',1,1,'2026-05-14 04:36:54','2026-05-13 20:36:54','2026-05-13 20:36:54'),(11,'Rosa Garcia','SEED-EMP-004','Inventory Management','Inventory Manager','rgarcia@minsu.edu.ph','approved',1,1,'2026-05-14 04:36:54','2026-05-13 20:36:54','2026-05-13 20:36:54'),(12,'Pedro Lopez','SEED-EMP-005','Fishpond Operations','Farm Supervisor','plopez@minsu.edu.ph','approved',1,1,'2026-05-14 04:36:54','2026-05-13 20:36:54','2026-05-13 20:36:54'),(13,'Carmen Reyes','SEED-EMP-006','Business Center','Cashier','creyes@minsu.edu.ph','approved',1,1,'2026-05-14 04:36:54','2026-05-13 20:36:54','2026-05-13 20:36:54'),(14,'Juan Fernandez','SEED-EMP-007','IT Support','Systems Technician','jfernandez@minsu.edu.ph','approved',1,1,'2026-05-14 04:36:54','2026-05-13 20:36:54','2026-05-13 20:36:54'),(15,'Isabel Torres','SEED-EMP-008','Student Services','Coordinator','itorres@minsu.edu.ph','approved',1,1,'2026-05-14 04:36:54','2026-05-13 20:36:54','2026-05-13 20:36:54'),(16,'Ricardo Mendoza','SEED-EMP-009','Maintenance','Maintenance Specialist','rmendoza@minsu.edu.ph','approved',1,1,'2026-05-14 04:36:54','2026-05-13 20:36:54','2026-05-13 20:36:54'),(17,'Sofia Diaz','SEED-EMP-010','Administration','Administrative Assistant','sdiaz@minsu.edu.ph','approved',1,1,'2026-05-14 04:36:54','2026-05-13 20:36:54','2026-05-13 20:36:54'),(18,'Mark Anthony Villanueva','SEED-EMP-011','Procurement','Supply Officer','mvillanueva@minsu.edu.ph','approved',1,1,'2026-05-14 04:36:54','2026-05-13 20:36:54','2026-05-13 20:36:54'),(19,'Liza Manalo','SEED-EMP-012','Records','Records Clerk','lmanalo@minsu.edu.ph','pending',1,NULL,NULL,'2026-05-13 20:36:54','2026-05-13 20:36:54'),(20,'Nestor Ramos','SEED-EMP-013','Auxiliary Services','Project Aide','nramos@minsu.edu.ph','inactive',1,NULL,NULL,'2026-05-13 20:36:54','2026-05-13 20:36:54'),(21,'Ana Dela Cruz','SEED-STU-001','BSIT','Student','ana.delacruz@student.minsu.edu.ph','approved',1,1,'2026-05-14 04:36:54','2026-05-13 20:36:54','2026-05-13 20:36:54'),(22,'Mark Reyes','SEED-STU-002','BSED','Student','mark.reyes@student.minsu.edu.ph','approved',1,1,'2026-05-14 04:36:54','2026-05-13 20:36:54','2026-05-13 20:36:54'),(23,'Liza Mendoza','SEED-STU-003','BSBA','Student','liza.mendoza@student.minsu.edu.ph','approved',1,1,'2026-05-14 04:36:54','2026-05-13 20:36:54','2026-05-13 20:36:54'),(24,'Carlo Rivera','SEED-STU-004','BSA','Student','carlo.rivera@student.minsu.edu.ph','approved',1,1,'2026-05-14 04:36:54','2026-05-13 20:36:54','2026-05-13 20:36:54'),(25,'Nina Santos','SEED-STU-005','BEED','Student','nina.santos@student.minsu.edu.ph','approved',1,1,'2026-05-14 04:36:54','2026-05-13 20:36:54','2026-05-13 20:36:54'),(26,'Jerome Aquino','SEED-STU-006','BSCRIM','Student','jerome.aquino@student.minsu.edu.ph','approved',1,1,'2026-05-14 04:36:54','2026-05-13 20:36:54','2026-05-13 20:36:54'),(27,'Patricia Gomez','SEED-STU-007','BSHM','Student','patricia.gomez@student.minsu.edu.ph','approved',1,1,'2026-05-14 04:36:54','2026-05-13 20:36:54','2026-05-13 20:36:54'),(28,'Rafael Lim','SEED-STU-008','BSCS','Student','rafael.lim@student.minsu.edu.ph','approved',1,1,'2026-05-14 04:36:54','2026-05-13 20:36:54','2026-05-13 20:36:54'),(29,'Camille Navarro','SEED-STU-009','BSED','Student','camille.navarro@student.minsu.edu.ph','approved',1,1,'2026-05-14 04:36:54','2026-05-13 20:36:54','2026-05-13 20:36:54'),(30,'Miguel Ortega','SEED-STU-010','BSIT','Student','miguel.ortega@student.minsu.edu.ph','approved',1,1,'2026-05-14 04:36:54','2026-05-13 20:36:54','2026-05-13 20:36:54'),(31,'Grace Bautista','SEED-STU-011','BSBA','Student','grace.bautista@student.minsu.edu.ph','pending',1,NULL,NULL,'2026-05-13 20:36:54','2026-05-13 20:36:54'),(32,'Dela Paz Canteen Services','SEED-VEN-001','External Partner','Stall Tenant','0917-100-0101','approved',1,1,'2026-05-14 04:36:54','2026-05-13 20:36:54','2026-05-13 20:36:54'),(33,'Bongabong Printing Kiosk','SEED-VEN-002','External Partner','Kiosk Tenant','0917-100-0102','approved',1,1,'2026-05-14 04:36:54','2026-05-13 20:36:54','2026-05-13 20:36:54'),(34,'Green Harvest Supplies','SEED-VEN-003','External Supplier','Feed Supplier','0917-100-0103','approved',1,1,'2026-05-14 04:36:54','2026-05-13 20:36:54','2026-05-13 20:36:54'),(35,'Campus Laundry Cooperative','SEED-VEN-004','External Partner','Laundry Operator','0917-100-0104','approved',1,1,'2026-05-14 04:36:54','2026-05-13 20:36:54','2026-05-13 20:36:54');
/*!40000 ALTER TABLE `people` ENABLE KEYS */;
UNLOCK TABLES;

--
-- Table structure for table `ponds`
--

DROP TABLE IF EXISTS `ponds`;
/*!40101 SET @saved_cs_client     = @@character_set_client */;
/*!50503 SET character_set_client = utf8mb4 */;
CREATE TABLE `ponds` (
  `id` int NOT NULL AUTO_INCREMENT,
  `project_account_id` int DEFAULT NULL,
  `pond_code` varchar(80) DEFAULT NULL,
  `pond_name` varchar(150) NOT NULL,
  `fish_type` varchar(120) DEFAULT NULL,
  `stock_count` int DEFAULT NULL,
  `survival_rate` varchar(40) DEFAULT NULL,
  `fish_growth_stage` varchar(120) DEFAULT NULL,
  `caretaker_id` int DEFAULT NULL,
  `status` enum('active','inactive') NOT NULL DEFAULT 'active',
  `notes` varchar(255) DEFAULT NULL,
  `created_by` int DEFAULT NULL,
  `created_at` timestamp NULL DEFAULT CURRENT_TIMESTAMP,
  `updated_at` timestamp NULL DEFAULT CURRENT_TIMESTAMP ON UPDATE CURRENT_TIMESTAMP,
  PRIMARY KEY (`id`),
  UNIQUE KEY `uq_ponds_name` (`pond_name`),
  UNIQUE KEY `uq_ponds_project_account` (`project_account_id`),
  UNIQUE KEY `uq_ponds_code` (`pond_code`),
  KEY `idx_ponds_status_name` (`status`,`pond_name`),
  KEY `idx_ponds_caretaker` (`caretaker_id`),
  KEY `fk_ponds_created_by` (`created_by`),
  CONSTRAINT `fk_ponds_caretaker` FOREIGN KEY (`caretaker_id`) REFERENCES `people` (`id`) ON DELETE SET NULL,
  CONSTRAINT `fk_ponds_created_by` FOREIGN KEY (`created_by`) REFERENCES `users` (`id`) ON DELETE SET NULL,
  CONSTRAINT `fk_ponds_project_account` FOREIGN KEY (`project_account_id`) REFERENCES `project_accounts` (`id`) ON DELETE SET NULL
) ENGINE=InnoDB AUTO_INCREMENT=250 DEFAULT CHARSET=utf8mb4 COLLATE=utf8mb4_0900_ai_ci;
/*!40101 SET character_set_client = @saved_cs_client */;

--
-- Dumping data for table `ponds`
--

LOCK TABLES `ponds` WRITE;
/*!40000 ALTER TABLE `ponds` DISABLE KEYS */;
INSERT INTO `ponds` VALUES (1,1,'FP-A','Pond A',NULL,NULL,NULL,NULL,NULL,'active','Tilapia production pond',NULL,'2026-05-14 14:21:57','2026-05-14 14:21:57'),(2,2,'FP-B','Pond B',NULL,NULL,NULL,NULL,NULL,'active','Fingerling monitoring pond',NULL,'2026-05-14 14:21:57','2026-05-14 14:21:57'),(3,7,'SEED-FP-A','Tilapia Pond A',NULL,NULL,NULL,NULL,12,'active','Seed sample: tilapia production pond',NULL,'2026-05-14 14:21:57','2026-05-14 14:21:57'),(4,8,'SEED-FP-B','Catfish Pond B',NULL,NULL,NULL,NULL,12,'active','Seed sample: catfish grow-out pond',NULL,'2026-05-14 14:21:57','2026-05-14 14:21:57'),(5,9,'SEED-FP-N','Fingerling Nursery',NULL,NULL,NULL,NULL,12,'active','Seed sample: fingerling nursery pond',NULL,'2026-05-14 14:21:57','2026-05-14 14:21:57');
/*!40000 ALTER TABLE `ponds` ENABLE KEYS */;
UNLOCK TABLES;

--
-- Table structure for table `product_price_history`
--

DROP TABLE IF EXISTS `product_price_history`;
/*!40101 SET @saved_cs_client     = @@character_set_client */;
/*!50503 SET character_set_client = utf8mb4 */;
CREATE TABLE `product_price_history` (
  `id` bigint NOT NULL AUTO_INCREMENT,
  `product_id` int NOT NULL,
  `changed_at` datetime NOT NULL DEFAULT CURRENT_TIMESTAMP,
  `cost_price` decimal(12,2) NOT NULL DEFAULT '0.00',
  `selling_price` decimal(12,2) NOT NULL DEFAULT '0.00',
  `source_type` varchar(40) NOT NULL DEFAULT 'manual',
  `notes` varchar(255) DEFAULT NULL,
  `changed_by` int DEFAULT NULL,
  `created_at` timestamp NULL DEFAULT CURRENT_TIMESTAMP,
  PRIMARY KEY (`id`),
  KEY `idx_price_history_product_date` (`product_id`,`changed_at`,`id`),
  KEY `fk_price_history_user` (`changed_by`),
  CONSTRAINT `fk_price_history_product` FOREIGN KEY (`product_id`) REFERENCES `products` (`id`),
  CONSTRAINT `fk_price_history_user` FOREIGN KEY (`changed_by`) REFERENCES `users` (`id`) ON DELETE SET NULL
) ENGINE=InnoDB AUTO_INCREMENT=246 DEFAULT CHARSET=utf8mb4 COLLATE=utf8mb4_0900_ai_ci;
/*!40101 SET character_set_client = @saved_cs_client */;

--
-- Dumping data for table `product_price_history`
--

LOCK TABLES `product_price_history` WRITE;
/*!40000 ALTER TABLE `product_price_history` DISABLE KEYS */;
INSERT INTO `product_price_history` VALUES (1,1,'2026-05-13 23:11:58',10.00,20.00,'opening','Opening price record',NULL,'2026-05-13 20:36:53'),(2,2,'2026-05-13 23:11:58',20.00,40.00,'opening','Opening price record',NULL,'2026-05-13 20:36:53'),(3,3,'2026-05-13 23:11:58',15.00,35.00,'opening','Opening price record',NULL,'2026-05-13 20:36:53'),(4,4,'2026-05-13 23:11:58',25.00,60.00,'opening','Opening price record',NULL,'2026-05-13 20:36:53'),(5,442,'2026-05-14 00:05:17',1.00,3.00,'opening','Opening price record',NULL,'2026-05-13 20:36:53'),(6,444,'2026-05-14 00:05:17',5.00,12.00,'opening','Opening price record',NULL,'2026-05-13 20:36:53'),(8,442,'2026-03-15 04:36:54',0.92,2.82,'seed','Seed sample: previous product price',NULL,'2026-05-13 20:36:54'),(9,442,'2026-04-24 04:36:54',1.00,3.00,'seed','Seed sample: current product price',NULL,'2026-05-13 20:36:54'),(10,444,'2026-03-15 04:36:54',4.60,11.28,'seed','Seed sample: previous product price',NULL,'2026-05-13 20:36:54'),(11,444,'2026-04-24 04:36:54',5.00,12.00,'seed','Seed sample: current product price',NULL,'2026-05-13 20:36:54'),(12,773,'2026-03-15 04:36:54',170.20,225.60,'seed','Seed sample: previous product price',NULL,'2026-05-13 20:36:54'),(13,773,'2026-04-24 04:36:54',185.00,240.00,'seed','Seed sample: current product price',NULL,'2026-05-13 20:36:54'),(14,774,'2026-03-15 04:36:54',161.00,211.50,'seed','Seed sample: previous product price',NULL,'2026-05-13 20:36:54'),(15,774,'2026-04-24 04:36:54',175.00,225.00,'seed','Seed sample: current product price',NULL,'2026-05-13 20:36:54'),(16,775,'2026-03-15 04:36:54',22.08,35.72,'seed','Seed sample: previous product price',NULL,'2026-05-13 20:36:54'),(17,775,'2026-04-24 04:36:54',24.00,38.00,'seed','Seed sample: current product price',NULL,'2026-05-13 20:36:54'),(18,776,'2026-03-15 04:36:54',16.56,28.20,'seed','Seed sample: previous product price',NULL,'2026-05-13 20:36:54'),(19,776,'2026-04-24 04:36:54',18.00,30.00,'seed','Seed sample: current product price',NULL,'2026-05-13 20:36:54'),(20,777,'2026-03-15 04:36:54',20.24,39.48,'seed','Seed sample: previous product price',NULL,'2026-05-13 20:36:54'),(21,777,'2026-04-24 04:36:54',22.00,42.00,'seed','Seed sample: current product price',NULL,'2026-05-13 20:36:54'),(22,778,'2026-03-15 04:36:54',6.90,11.28,'seed','Seed sample: previous product price',NULL,'2026-05-13 20:36:54'),(23,778,'2026-04-24 04:36:54',7.50,12.00,'seed','Seed sample: current product price',NULL,'2026-05-13 20:36:54'),(24,779,'2026-03-15 04:36:54',6.90,11.28,'seed','Seed sample: previous product price',NULL,'2026-05-13 20:36:54'),(25,779,'2026-04-24 04:36:54',7.50,12.00,'seed','Seed sample: current product price',NULL,'2026-05-13 20:36:54'),(26,780,'2026-03-15 04:36:54',3.68,7.52,'seed','Seed sample: previous product price',NULL,'2026-05-13 20:36:54'),(27,780,'2026-04-24 04:36:54',4.00,8.00,'seed','Seed sample: current product price',NULL,'2026-05-13 20:36:54'),(28,781,'2026-03-15 04:36:54',4.60,9.40,'seed','Seed sample: previous product price',NULL,'2026-05-13 20:36:54'),(29,781,'2026-04-24 04:36:54',5.00,10.00,'seed','Seed sample: current product price',NULL,'2026-05-13 20:36:54'),(30,782,'2026-03-15 04:36:54',4.14,8.46,'seed','Seed sample: previous product price',NULL,'2026-05-13 20:36:54'),(31,782,'2026-04-24 04:36:54',4.50,9.00,'seed','Seed sample: current product price',NULL,'2026-05-13 20:36:54'),(32,783,'2026-03-15 04:36:54',20.24,35.72,'seed','Seed sample: previous product price',NULL,'2026-05-13 20:36:54'),(33,783,'2026-04-24 04:36:54',22.00,38.00,'seed','Seed sample: current product price',NULL,'2026-05-13 20:36:54'),(34,784,'2026-03-15 04:36:54',8.28,18.80,'seed','Seed sample: previous product price',NULL,'2026-05-13 20:36:54'),(35,784,'2026-04-24 04:36:54',9.00,20.00,'seed','Seed sample: current product price',NULL,'2026-05-13 20:36:54'),(36,785,'2026-03-15 04:36:54',16.56,37.60,'seed','Seed sample: previous product price',NULL,'2026-05-13 20:36:54'),(37,785,'2026-04-24 04:36:54',18.00,40.00,'seed','Seed sample: current product price',NULL,'2026-05-13 20:36:54'),(38,786,'2026-03-15 04:36:54',5.52,14.10,'seed','Seed sample: previous product price',NULL,'2026-05-13 20:36:54'),(39,786,'2026-04-24 04:36:54',6.00,15.00,'seed','Seed sample: current product price',NULL,'2026-05-13 20:36:54'),(40,787,'2026-03-15 04:36:54',11.04,26.32,'seed','Seed sample: previous product price',NULL,'2026-05-13 20:36:54'),(41,787,'2026-04-24 04:36:54',12.00,28.00,'seed','Seed sample: current product price',NULL,'2026-05-13 20:36:54'),(42,788,'2026-03-15 04:36:54',16.56,37.60,'seed','Seed sample: previous product price',NULL,'2026-05-13 20:36:54'),(43,788,'2026-04-24 04:36:54',18.00,40.00,'seed','Seed sample: current product price',NULL,'2026-05-13 20:36:54'),(44,789,'2026-03-15 04:36:54',25.76,61.10,'seed','Seed sample: previous product price',NULL,'2026-05-13 20:36:54'),(45,789,'2026-04-24 04:36:54',28.00,65.00,'seed','Seed sample: current product price',NULL,'2026-05-13 20:36:54'),(46,790,'2026-03-15 04:36:54',4.60,23.50,'seed','Seed sample: previous product price',NULL,'2026-05-13 20:36:54'),(47,790,'2026-04-24 04:36:54',5.00,25.00,'seed','Seed sample: current product price',NULL,'2026-05-13 20:36:54'),(48,793,'2026-03-15 04:36:54',11.04,28.20,'seed','Seed sample: previous product price',NULL,'2026-05-13 20:36:54'),(49,793,'2026-04-24 04:36:54',12.00,30.00,'seed','Seed sample: current product price',NULL,'2026-05-13 20:36:54'),(50,794,'2026-03-15 04:36:54',0.69,1.88,'seed','Seed sample: previous product price',NULL,'2026-05-13 20:36:54'),(51,794,'2026-04-24 04:36:54',0.75,2.00,'seed','Seed sample: current product price',NULL,'2026-05-13 20:36:54'),(52,795,'2026-03-15 04:36:54',2.76,7.52,'seed','Seed sample: previous product price',NULL,'2026-05-13 20:36:54'),(53,795,'2026-04-24 04:36:54',3.00,8.00,'seed','Seed sample: current product price',NULL,'2026-05-13 20:36:54'),(54,796,'2026-03-15 04:36:54',87.40,141.00,'seed','Seed sample: previous product price',NULL,'2026-05-13 20:36:54'),(55,796,'2026-04-24 04:36:54',95.00,150.00,'seed','Seed sample: current product price',NULL,'2026-05-13 20:36:54'),(56,797,'2026-03-15 04:36:54',82.80,136.30,'seed','Seed sample: previous product price',NULL,'2026-05-13 20:36:54'),(57,797,'2026-04-24 04:36:54',90.00,145.00,'seed','Seed sample: current product price',NULL,'2026-05-13 20:36:54'),(58,798,'2026-03-15 04:36:54',41.40,79.90,'seed','Seed sample: previous product price',NULL,'2026-05-13 20:36:54'),(59,798,'2026-04-24 04:36:54',45.00,85.00,'seed','Seed sample: current product price',NULL,'2026-05-13 20:36:54'),(60,799,'2026-03-15 04:36:54',18.40,32.90,'seed','Seed sample: previous product price',NULL,'2026-05-13 20:36:54'),(61,799,'2026-04-24 04:36:54',20.00,35.00,'seed','Seed sample: current product price',NULL,'2026-05-13 20:36:54'),(62,800,'2026-03-15 04:36:54',13.80,23.50,'seed','Seed sample: previous product price',NULL,'2026-05-13 20:36:54'),(63,800,'2026-04-24 04:36:54',15.00,25.00,'seed','Seed sample: current product price',NULL,'2026-05-13 20:36:54'),(64,801,'2026-03-15 04:36:54',23.00,37.60,'seed','Seed sample: previous product price',NULL,'2026-05-13 20:36:54'),(65,801,'2026-04-24 04:36:54',25.00,40.00,'seed','Seed sample: current product price',NULL,'2026-05-13 20:36:54'),(66,802,'2026-03-15 04:36:54',0.46,0.94,'seed','Seed sample: previous product price',NULL,'2026-05-13 20:36:54'),(67,802,'2026-04-24 04:36:54',0.50,1.00,'seed','Seed sample: current product price',NULL,'2026-05-13 20:36:54'),(68,803,'2026-03-15 04:36:54',0.92,1.88,'seed','Seed sample: previous product price',NULL,'2026-05-13 20:36:54'),(69,803,'2026-04-24 04:36:54',1.00,2.00,'seed','Seed sample: current product price',NULL,'2026-05-13 20:36:54'),(70,804,'2026-03-15 04:36:54',7.36,14.10,'seed','Seed sample: previous product price',NULL,'2026-05-13 20:36:54'),(71,804,'2026-04-24 04:36:54',8.00,15.00,'seed','Seed sample: current product price',NULL,'2026-05-13 20:36:54'),(72,805,'2026-03-15 04:36:54',9.20,18.80,'seed','Seed sample: previous product price',NULL,'2026-05-13 20:36:54'),(73,805,'2026-04-24 04:36:54',10.00,20.00,'seed','Seed sample: current product price',NULL,'2026-05-13 20:36:54'),(74,806,'2026-03-15 04:36:54',11.04,23.50,'seed','Seed sample: previous product price',NULL,'2026-05-13 20:36:54'),(75,806,'2026-04-24 04:36:54',12.00,25.00,'seed','Seed sample: current product price',NULL,'2026-05-13 20:36:54'),(76,807,'2026-03-15 04:36:54',27.60,51.70,'seed','Seed sample: previous product price',NULL,'2026-05-13 20:36:54'),(77,807,'2026-04-24 04:36:54',30.00,55.00,'seed','Seed sample: current product price',NULL,'2026-05-13 20:36:54'),(78,808,'2026-03-15 04:36:54',4.60,9.40,'seed','Seed sample: previous product price',NULL,'2026-05-13 20:36:54'),(79,808,'2026-04-24 04:36:54',5.00,10.00,'seed','Seed sample: current product price',NULL,'2026-05-13 20:36:54'),(80,809,'2026-03-15 04:36:54',73.60,141.00,'seed','Seed sample: previous product price',NULL,'2026-05-13 20:36:54'),(81,809,'2026-04-24 04:36:54',80.00,150.00,'seed','Seed sample: current product price',NULL,'2026-05-13 20:36:54'),(82,810,'2026-03-15 04:36:54',41.40,75.20,'seed','Seed sample: previous product price',NULL,'2026-05-13 20:36:54'),(83,810,'2026-04-24 04:36:54',45.00,80.00,'seed','Seed sample: current product price',NULL,'2026-05-13 20:36:54'),(84,811,'2026-03-15 04:36:54',9.20,18.80,'seed','Seed sample: previous product price',NULL,'2026-05-13 20:36:54'),(85,811,'2026-04-24 04:36:54',10.00,20.00,'seed','Seed sample: current product price',NULL,'2026-05-13 20:36:54'),(86,812,'2026-03-15 04:36:54',13.80,28.20,'seed','Seed sample: previous product price',NULL,'2026-05-13 20:36:54'),(87,812,'2026-04-24 04:36:54',15.00,30.00,'seed','Seed sample: current product price',NULL,'2026-05-13 20:36:54'),(88,813,'2026-03-15 04:36:54',16.56,32.90,'seed','Seed sample: previous product price',NULL,'2026-05-13 20:36:54'),(89,813,'2026-04-24 04:36:54',18.00,35.00,'seed','Seed sample: current product price',NULL,'2026-05-13 20:36:54'),(90,814,'2026-03-15 04:36:54',23.00,47.00,'seed','Seed sample: previous product price',NULL,'2026-05-13 20:36:54'),(91,814,'2026-04-24 04:36:54',25.00,50.00,'seed','Seed sample: current product price',NULL,'2026-05-13 20:36:54'),(92,815,'2026-03-15 04:36:54',13.80,26.32,'seed','Seed sample: previous product price',NULL,'2026-05-13 20:36:54'),(93,815,'2026-04-24 04:36:54',15.00,28.00,'seed','Seed sample: current product price',NULL,'2026-05-13 20:36:54'),(94,816,'2026-03-15 04:36:54',1.84,4.70,'seed','Seed sample: previous product price',NULL,'2026-05-13 20:36:54'),(95,816,'2026-04-24 04:36:54',2.00,5.00,'seed','Seed sample: current product price',NULL,'2026-05-13 20:36:54'),(96,817,'2026-03-15 04:36:54',0.46,1.41,'seed','Seed sample: previous product price',NULL,'2026-05-13 20:36:54'),(97,817,'2026-04-24 04:36:54',0.50,1.50,'seed','Seed sample: current product price',NULL,'2026-05-13 20:36:54'),(98,818,'2026-03-15 04:36:54',9.20,18.80,'seed','Seed sample: previous product price',NULL,'2026-05-13 20:36:54'),(99,818,'2026-04-24 04:36:54',10.00,20.00,'seed','Seed sample: current product price',NULL,'2026-05-13 20:36:54'),(100,819,'2026-03-15 04:36:54',165.60,235.00,'seed','Seed sample: previous product price',NULL,'2026-05-13 20:36:54'),(101,819,'2026-04-24 04:36:54',180.00,250.00,'seed','Seed sample: current product price',NULL,'2026-05-13 20:36:54'),(102,820,'2026-03-15 04:36:54',27.60,56.40,'seed','Seed sample: previous product price',NULL,'2026-05-13 20:36:54'),(103,820,'2026-04-24 04:36:54',30.00,60.00,'seed','Seed sample: current product price',NULL,'2026-05-13 20:36:54'),(104,821,'2026-03-15 04:36:54',170.20,225.60,'seed','Seed sample: previous product price',NULL,'2026-05-13 20:36:54'),(105,821,'2026-04-24 04:36:54',185.00,240.00,'seed','Seed sample: current product price',NULL,'2026-05-13 20:36:54'),(106,822,'2026-03-15 04:36:54',13.80,28.20,'seed','Seed sample: previous product price',NULL,'2026-05-13 20:36:54'),(107,822,'2026-04-24 04:36:54',15.00,30.00,'seed','Seed sample: current product price',NULL,'2026-05-13 20:36:54'),(108,823,'2026-03-15 04:36:54',46.00,89.30,'seed','Seed sample: previous product price',NULL,'2026-05-13 20:36:54'),(109,823,'2026-04-24 04:36:54',50.00,95.00,'seed','Seed sample: current product price',NULL,'2026-05-13 20:36:54'),(110,824,'2026-03-15 04:36:54',110.40,188.00,'seed','Seed sample: previous product price',NULL,'2026-05-13 20:36:54'),(111,824,'2026-04-24 04:36:54',120.00,200.00,'seed','Seed sample: current product price',NULL,'2026-05-13 20:36:54'),(112,825,'2026-03-15 04:36:54',36.80,70.50,'seed','Seed sample: previous product price',NULL,'2026-05-13 20:36:54'),(113,825,'2026-04-24 04:36:54',40.00,75.00,'seed','Seed sample: current product price',NULL,'2026-05-13 20:36:54'),(114,826,'2026-03-15 04:36:54',23.00,47.00,'seed','Seed sample: previous product price',NULL,'2026-05-13 20:36:54'),(115,826,'2026-04-24 04:36:54',25.00,50.00,'seed','Seed sample: current product price',NULL,'2026-05-13 20:36:54'),(116,827,'2026-03-15 04:36:54',18.40,37.60,'seed','Seed sample: previous product price',NULL,'2026-05-13 20:36:54'),(117,827,'2026-04-24 04:36:54',20.00,40.00,'seed','Seed sample: current product price',NULL,'2026-05-13 20:36:54'),(118,828,'2026-03-15 04:36:54',32.20,61.10,'seed','Seed sample: previous product price',NULL,'2026-05-13 20:36:54'),(119,828,'2026-04-24 04:36:54',35.00,65.00,'seed','Seed sample: current product price',NULL,'2026-05-13 20:36:54'),(120,829,'2026-03-15 04:36:54',1.84,4.70,'seed','Seed sample: previous product price',NULL,'2026-05-13 20:36:54'),(121,829,'2026-04-24 04:36:54',2.00,5.00,'seed','Seed sample: current product price',NULL,'2026-05-13 20:36:54'),(122,830,'2026-03-15 04:36:54',29.44,54.52,'seed','Seed sample: previous product price',NULL,'2026-05-13 20:36:54'),(123,830,'2026-04-24 04:36:54',32.00,58.00,'seed','Seed sample: current product price',NULL,'2026-05-13 20:36:54'),(124,831,'2026-03-15 04:36:54',16.56,32.90,'seed','Seed sample: previous product price',NULL,'2026-05-13 20:36:54'),(125,831,'2026-04-24 04:36:54',18.00,35.00,'seed','Seed sample: current product price',NULL,'2026-05-13 20:36:54'),(126,832,'2026-03-15 04:36:54',38.64,75.20,'seed','Seed sample: previous product price',NULL,'2026-05-13 20:36:54'),(127,832,'2026-04-24 04:36:54',42.00,80.00,'seed','Seed sample: current product price',NULL,'2026-05-13 20:36:54'),(128,833,'2026-03-15 04:36:54',11.04,23.50,'seed','Seed sample: previous product price',NULL,'2026-05-13 20:36:54'),(129,833,'2026-04-24 04:36:54',12.00,25.00,'seed','Seed sample: current product price',NULL,'2026-05-13 20:36:54'),(130,834,'2026-03-15 04:36:54',32.20,61.10,'seed','Seed sample: previous product price',NULL,'2026-05-13 20:36:54'),(131,834,'2026-04-24 04:36:54',35.00,65.00,'seed','Seed sample: current product price',NULL,'2026-05-13 20:36:54'),(132,835,'2026-03-15 04:36:54',25.76,51.70,'seed','Seed sample: previous product price',NULL,'2026-05-13 20:36:54'),(133,835,'2026-04-24 04:36:54',28.00,55.00,'seed','Seed sample: current product price',NULL,'2026-05-13 20:36:54'),(134,836,'2026-03-15 04:36:54',4.60,9.40,'seed','Seed sample: previous product price',NULL,'2026-05-13 20:36:54'),(135,836,'2026-04-24 04:36:54',5.00,10.00,'seed','Seed sample: current product price',NULL,'2026-05-13 20:36:54'),(136,837,'2026-03-15 04:36:54',6.44,14.10,'seed','Seed sample: previous product price',NULL,'2026-05-13 20:36:54'),(137,837,'2026-04-24 04:36:54',7.00,15.00,'seed','Seed sample: current product price',NULL,'2026-05-13 20:36:54'),(138,838,'2026-03-15 04:36:54',16.56,32.90,'seed','Seed sample: previous product price',NULL,'2026-05-13 20:36:54'),(139,838,'2026-04-24 04:36:54',18.00,35.00,'seed','Seed sample: current product price',NULL,'2026-05-13 20:36:54'),(140,839,'2026-03-15 04:36:54',20.24,39.48,'seed','Seed sample: previous product price',NULL,'2026-05-13 20:36:54'),(141,839,'2026-04-24 04:36:54',22.00,42.00,'seed','Seed sample: current product price',NULL,'2026-05-13 20:36:54'),(142,840,'2026-03-15 04:36:54',3.68,7.52,'seed','Seed sample: previous product price',NULL,'2026-05-13 20:36:54'),(143,840,'2026-04-24 04:36:54',4.00,8.00,'seed','Seed sample: current product price',NULL,'2026-05-13 20:36:54'),(144,841,'2026-03-15 04:36:54',25.76,51.70,'seed','Seed sample: previous product price',NULL,'2026-05-13 20:36:54'),(145,841,'2026-04-24 04:36:54',28.00,55.00,'seed','Seed sample: current product price',NULL,'2026-05-13 20:36:54'),(146,842,'2026-03-15 04:36:54',25.76,51.70,'seed','Seed sample: previous product price',NULL,'2026-05-13 20:36:54'),(147,842,'2026-04-24 04:36:54',28.00,55.00,'seed','Seed sample: current product price',NULL,'2026-05-13 20:36:54'),(148,843,'2026-03-15 04:36:54',18.40,37.60,'seed','Seed sample: previous product price',NULL,'2026-05-13 20:36:54'),(149,843,'2026-04-24 04:36:54',20.00,40.00,'seed','Seed sample: current product price',NULL,'2026-05-13 20:36:54'),(150,844,'2026-03-15 04:36:54',18.40,37.60,'seed','Seed sample: previous product price',NULL,'2026-05-13 20:36:54'),(151,844,'2026-04-24 04:36:54',20.00,40.00,'seed','Seed sample: current product price',NULL,'2026-05-13 20:36:54'),(152,845,'2026-03-15 04:36:54',5.52,11.28,'seed','Seed sample: previous product price',NULL,'2026-05-13 20:36:54'),(153,845,'2026-04-24 04:36:54',6.00,12.00,'seed','Seed sample: current product price',NULL,'2026-05-13 20:36:54'),(154,846,'2026-03-15 04:36:54',7.36,16.92,'seed','Seed sample: previous product price',NULL,'2026-05-13 20:36:54'),(155,846,'2026-04-24 04:36:54',8.00,18.00,'seed','Seed sample: current product price',NULL,'2026-05-13 20:36:54'),(156,847,'2026-03-15 04:36:54',8.28,18.80,'seed','Seed sample: previous product price',NULL,'2026-05-13 20:36:54'),(157,847,'2026-04-24 04:36:54',9.00,20.00,'seed','Seed sample: current product price',NULL,'2026-05-13 20:36:54'),(158,848,'2026-03-15 04:36:54',7.36,16.92,'seed','Seed sample: previous product price',NULL,'2026-05-13 20:36:54'),(159,848,'2026-04-24 04:36:54',8.00,18.00,'seed','Seed sample: current product price',NULL,'2026-05-13 20:36:54'),(160,849,'2026-03-15 04:36:54',23.00,47.00,'seed','Seed sample: previous product price',NULL,'2026-05-13 20:36:54'),(161,849,'2026-04-24 04:36:54',25.00,50.00,'seed','Seed sample: current product price',NULL,'2026-05-13 20:36:54'),(162,850,'2026-03-15 04:36:54',32.20,61.10,'seed','Seed sample: previous product price',NULL,'2026-05-13 20:36:54'),(163,850,'2026-04-24 04:36:54',35.00,65.00,'seed','Seed sample: current product price',NULL,'2026-05-13 20:36:54'),(164,851,'2026-03-15 04:36:54',138.00,244.40,'seed','Seed sample: previous product price',NULL,'2026-05-13 20:36:54'),(165,851,'2026-04-24 04:36:54',150.00,260.00,'seed','Seed sample: current product price',NULL,'2026-05-13 20:36:54'),(166,852,'2026-03-15 04:36:54',202.40,357.20,'seed','Seed sample: previous product price',NULL,'2026-05-13 20:36:54'),(167,852,'2026-04-24 04:36:54',220.00,380.00,'seed','Seed sample: current product price',NULL,'2026-05-13 20:36:54'),(168,853,'2026-03-15 04:36:54',151.80,244.40,'seed','Seed sample: previous product price',NULL,'2026-05-13 20:36:54'),(169,853,'2026-04-24 04:36:54',165.00,260.00,'seed','Seed sample: current product price',NULL,'2026-05-13 20:36:54'),(170,854,'2026-03-15 04:36:54',151.80,244.40,'seed','Seed sample: previous product price',NULL,'2026-05-13 20:36:54'),(171,854,'2026-04-24 04:36:54',165.00,260.00,'seed','Seed sample: current product price',NULL,'2026-05-13 20:36:54'),(172,855,'2026-03-15 04:36:54',151.80,244.40,'seed','Seed sample: previous product price',NULL,'2026-05-13 20:36:54'),(173,855,'2026-04-24 04:36:54',165.00,260.00,'seed','Seed sample: current product price',NULL,'2026-05-13 20:36:54'),(174,856,'2026-03-15 04:36:54',151.80,244.40,'seed','Seed sample: previous product price',NULL,'2026-05-13 20:36:54'),(175,856,'2026-04-24 04:36:54',165.00,260.00,'seed','Seed sample: current product price',NULL,'2026-05-13 20:36:54'),(176,857,'2026-03-15 04:36:54',25.76,47.00,'seed','Seed sample: previous product price',NULL,'2026-05-13 20:36:54'),(177,857,'2026-04-24 04:36:54',28.00,50.00,'seed','Seed sample: current product price',NULL,'2026-05-13 20:36:54'),(178,858,'2026-03-15 04:36:54',87.40,150.40,'seed','Seed sample: previous product price',NULL,'2026-05-13 20:36:54'),(179,858,'2026-04-24 04:36:54',95.00,160.00,'seed','Seed sample: current product price',NULL,'2026-05-13 20:36:54'),(180,859,'2026-03-15 04:36:54',2.76,7.52,'seed','Seed sample: previous product price',NULL,'2026-05-13 20:36:54'),(181,859,'2026-04-24 04:36:54',3.00,8.00,'seed','Seed sample: current product price',NULL,'2026-05-13 20:36:54'),(182,860,'2026-03-15 04:36:54',3.68,9.40,'seed','Seed sample: previous product price',NULL,'2026-05-13 20:36:54'),(183,860,'2026-04-24 04:36:54',4.00,10.00,'seed','Seed sample: current product price',NULL,'2026-05-13 20:36:54'),(184,861,'2026-03-15 04:36:54',4.60,11.28,'seed','Seed sample: previous product price',NULL,'2026-05-13 20:36:54'),(185,861,'2026-04-24 04:36:54',5.00,12.00,'seed','Seed sample: current product price',NULL,'2026-05-13 20:36:54'),(186,862,'2026-03-15 04:36:54',3.68,9.40,'seed','Seed sample: previous product price',NULL,'2026-05-13 20:36:54'),(187,862,'2026-04-24 04:36:54',4.00,10.00,'seed','Seed sample: current product price',NULL,'2026-05-13 20:36:54'),(188,863,'2026-03-15 04:36:54',165.60,329.00,'seed','Seed sample: previous product price',NULL,'2026-05-13 20:36:54'),(189,863,'2026-04-24 04:36:54',180.00,350.00,'seed','Seed sample: current product price',NULL,'2026-05-13 20:36:54'),(190,864,'2026-03-15 04:36:54',5.52,14.10,'seed','Seed sample: previous product price',NULL,'2026-05-13 20:36:54'),(191,864,'2026-04-24 04:36:54',6.00,15.00,'seed','Seed sample: current product price',NULL,'2026-05-13 20:36:54'),(192,865,'2026-03-15 04:36:54',294.40,488.80,'seed','Seed sample: previous product price',NULL,'2026-05-13 20:36:54'),(193,865,'2026-04-24 04:36:54',320.00,520.00,'seed','Seed sample: current product price',NULL,'2026-05-13 20:36:54'),(194,866,'2026-03-15 04:36:54',901.60,1109.20,'seed','Seed sample: previous product price',NULL,'2026-05-13 20:36:54'),(195,866,'2026-04-24 04:36:54',980.00,1180.00,'seed','Seed sample: current product price',NULL,'2026-05-13 20:36:54'),(196,867,'2026-03-15 04:36:54',1030.40,1269.00,'seed','Seed sample: previous product price',NULL,'2026-05-13 20:36:54'),(197,867,'2026-04-24 04:36:54',1120.00,1350.00,'seed','Seed sample: current product price',NULL,'2026-05-13 20:36:54'),(198,868,'2026-03-15 04:36:54',1067.20,1316.00,'seed','Seed sample: previous product price',NULL,'2026-05-13 20:36:54'),(199,868,'2026-04-24 04:36:54',1160.00,1400.00,'seed','Seed sample: current product price',NULL,'2026-05-13 20:36:54'),(200,869,'2026-03-15 04:36:54',193.20,300.80,'seed','Seed sample: previous product price',NULL,'2026-05-13 20:36:54'),(201,869,'2026-04-24 04:36:54',210.00,320.00,'seed','Seed sample: current product price',NULL,'2026-05-13 20:36:54'),(202,870,'2026-03-15 04:36:54',165.60,282.00,'seed','Seed sample: previous product price',NULL,'2026-05-13 20:36:54'),(203,870,'2026-04-24 04:36:54',180.00,300.00,'seed','Seed sample: current product price',NULL,'2026-05-13 20:36:54'),(204,871,'2026-03-15 04:36:54',87.40,141.00,'seed','Seed sample: previous product price',NULL,'2026-05-13 20:36:54'),(205,871,'2026-04-24 04:36:54',95.00,150.00,'seed','Seed sample: current product price',NULL,'2026-05-13 20:36:54'),(206,872,'2026-03-15 04:36:54',32.20,65.80,'seed','Seed sample: previous product price',NULL,'2026-05-13 20:36:54'),(207,872,'2026-04-24 04:36:54',35.00,70.00,'seed','Seed sample: current product price',NULL,'2026-05-13 20:36:54'),(208,873,'2026-03-15 04:36:54',32.20,65.80,'seed','Seed sample: previous product price',NULL,'2026-05-13 20:36:54'),(209,873,'2026-04-24 04:36:54',35.00,70.00,'seed','Seed sample: current product price',NULL,'2026-05-13 20:36:54'),(210,874,'2026-03-15 04:36:54',38.64,79.90,'seed','Seed sample: previous product price',NULL,'2026-05-13 20:36:54'),(211,874,'2026-04-24 04:36:54',42.00,85.00,'seed','Seed sample: current product price',NULL,'2026-05-13 20:36:54'),(212,875,'2026-03-15 04:36:54',41.40,84.60,'seed','Seed sample: previous product price',NULL,'2026-05-13 20:36:54'),(213,875,'2026-04-24 04:36:54',45.00,90.00,'seed','Seed sample: current product price',NULL,'2026-05-13 20:36:54'),(214,876,'2026-03-15 04:36:54',257.60,394.80,'seed','Seed sample: previous product price',NULL,'2026-05-13 20:36:54'),(215,876,'2026-04-24 04:36:54',280.00,420.00,'seed','Seed sample: current product price',NULL,'2026-05-13 20:36:54'),(216,877,'2026-03-15 04:36:54',69.00,117.50,'seed','Seed sample: previous product price',NULL,'2026-05-13 20:36:54'),(217,877,'2026-04-24 04:36:54',75.00,125.00,'seed','Seed sample: current product price',NULL,'2026-05-13 20:36:54'),(218,878,'2026-03-15 04:36:54',50.60,89.30,'seed','Seed sample: previous product price',NULL,'2026-05-13 20:36:54'),(219,878,'2026-04-24 04:36:54',55.00,95.00,'seed','Seed sample: current product price',NULL,'2026-05-13 20:36:54'),(220,879,'2026-03-15 04:36:54',44.16,79.90,'seed','Seed sample: previous product price',NULL,'2026-05-13 20:36:54'),(221,879,'2026-04-24 04:36:54',48.00,85.00,'seed','Seed sample: current product price',NULL,'2026-05-13 20:36:54'),(222,880,'2026-03-15 04:36:54',59.80,103.40,'seed','Seed sample: previous product price',NULL,'2026-05-13 20:36:54'),(223,880,'2026-04-24 04:36:54',65.00,110.00,'seed','Seed sample: current product price',NULL,'2026-05-13 20:36:54'),(224,881,'2026-03-15 04:36:54',16.56,32.90,'seed','Seed sample: previous product price',NULL,'2026-05-13 20:36:54'),(225,881,'2026-04-24 04:36:54',18.00,35.00,'seed','Seed sample: current product price',NULL,'2026-05-13 20:36:54'),(226,882,'2026-03-15 04:36:54',13.80,28.20,'seed','Seed sample: previous product price',NULL,'2026-05-13 20:36:54'),(227,882,'2026-04-24 04:36:54',15.00,30.00,'seed','Seed sample: current product price',NULL,'2026-05-13 20:36:54'),(228,883,'2026-03-15 04:36:54',20.24,42.30,'seed','Seed sample: previous product price',NULL,'2026-05-13 20:36:54'),(229,883,'2026-04-24 04:36:54',22.00,45.00,'seed','Seed sample: current product price',NULL,'2026-05-13 20:36:54'),(230,884,'2026-03-15 04:36:54',69.00,126.90,'seed','Seed sample: previous product price',NULL,'2026-05-13 20:36:54'),(231,884,'2026-04-24 04:36:54',75.00,135.00,'seed','Seed sample: current product price',NULL,'2026-05-13 20:36:54'),(232,885,'2026-03-15 04:36:54',12.88,26.32,'seed','Seed sample: previous product price',NULL,'2026-05-13 20:36:54'),(233,885,'2026-04-24 04:36:54',14.00,28.00,'seed','Seed sample: current product price',NULL,'2026-05-13 20:36:54'),(234,886,'2026-03-15 04:36:54',32.20,65.80,'seed','Seed sample: previous product price',NULL,'2026-05-13 20:36:54'),(235,886,'2026-04-24 04:36:54',35.00,70.00,'seed','Seed sample: current product price',NULL,'2026-05-13 20:36:54'),(236,887,'2026-03-15 04:36:54',23.00,47.00,'seed','Seed sample: previous product price',NULL,'2026-05-13 20:36:54'),(237,887,'2026-04-24 04:36:54',25.00,50.00,'seed','Seed sample: current product price',NULL,'2026-05-13 20:36:54'),(238,888,'2026-03-15 04:36:54',50.60,89.30,'seed','Seed sample: previous product price',NULL,'2026-05-13 20:36:54'),(239,888,'2026-04-24 04:36:54',55.00,95.00,'seed','Seed sample: current product price',NULL,'2026-05-13 20:36:54'),(240,889,'2026-03-15 04:36:54',78.20,141.00,'seed','Seed sample: previous product price',NULL,'2026-05-13 20:36:54'),(241,889,'2026-04-24 04:36:54',85.00,150.00,'seed','Seed sample: current product price',NULL,'2026-05-13 20:36:54');
/*!40000 ALTER TABLE `product_price_history` ENABLE KEYS */;
UNLOCK TABLES;

--
-- Table structure for table `products`
--

DROP TABLE IF EXISTS `products`;
/*!40101 SET @saved_cs_client     = @@character_set_client */;
/*!50503 SET character_set_client = utf8mb4 */;
CREATE TABLE `products` (
  `id` int NOT NULL AUTO_INCREMENT,
  `sku` varchar(100) DEFAULT NULL,
  `name` varchar(150) NOT NULL,
  `category` enum('school_supply','id_supplies','id_services','printing','photocopy','other') NOT NULL DEFAULT 'school_supply',
  `product_group` enum('product','igp','service') NOT NULL DEFAULT 'product',
  `type` enum('item','service') NOT NULL DEFAULT 'item',
  `cost_price` decimal(12,2) NOT NULL DEFAULT '0.00',
  `selling_price` decimal(12,2) NOT NULL DEFAULT '0.00',
  `stock_qty` int NOT NULL DEFAULT '0',
  `low_stock_threshold` int NOT NULL DEFAULT '5',
  `is_active` tinyint(1) NOT NULL DEFAULT '1',
  `created_at` timestamp NULL DEFAULT CURRENT_TIMESTAMP,
  PRIMARY KEY (`id`),
  UNIQUE KEY `sku` (`sku`),
  KEY `idx_products_active_name` (`is_active`,`name`),
  KEY `idx_products_active_category` (`is_active`,`category`),
  KEY `idx_products_active_group` (`is_active`,`product_group`),
  KEY `idx_products_active_sku` (`is_active`,`sku`)
) ENGINE=InnoDB AUTO_INCREMENT=7081 DEFAULT CHARSET=utf8mb4 COLLATE=utf8mb4_0900_ai_ci;
/*!40101 SET character_set_client = @saved_cs_client */;

--
-- Dumping data for table `products`
--

LOCK TABLES `products` WRITE;
/*!40000 ALTER TABLE `products` DISABLE KEYS */;
INSERT INTO `products` VALUES (1,'ID-LACE-001','ID Lace','id_supplies','product','item',10.00,20.00,0,10,1,'2026-05-13 15:11:58'),(2,'ID-CARD-001','ID Card','id_supplies','product','item',20.00,40.00,0,10,1,'2026-05-13 15:11:58'),(3,'ID-PRINT-001','ID Printing','id_services','service','service',15.00,35.00,0,0,1,'2026-05-13 15:11:58'),(4,'ID-REPLACE-001','ID Replacement','id_services','service','service',25.00,60.00,0,0,1,'2026-05-13 15:11:58'),(442,'SEED-PRINT-BW','Black and White Print','printing','service','service',1.00,2.00,0,0,1,'2026-05-13 16:05:17'),(444,'SEED-PRINT-COLOR','Colored Print','printing','service','service',5.00,5.00,0,0,1,'2026-05-13 16:05:17'),(773,'SEED-A4-REAM','A4 Bond Paper Ream','school_supply','product','item',185.00,240.00,41,12,1,'2026-05-13 20:36:54'),(774,'SEED-SHORT-REAM','Short Bond Paper Ream','school_supply','product','item',175.00,225.00,38,10,1,'2026-05-13 20:36:54'),(775,'SEED-YELLOW-PAD','Yellow Pad Paper','school_supply','product','item',24.00,38.00,96,25,1,'2026-05-13 20:36:54'),(776,'SEED-INTER-PAD','Intermediate Pad Paper','school_supply','product','item',18.00,30.00,72,20,1,'2026-05-13 20:36:54'),(777,'SEED-NOTE-A4','A4 Spiral Notebook','school_supply','product','item',22.00,42.00,62,20,1,'2026-05-13 20:36:54'),(778,'SEED-PEN-BLK','Black Ballpen','school_supply','product','item',7.50,12.00,177,35,1,'2026-05-13 20:36:54'),(779,'SEED-PEN-BLU','Blue Ballpen','school_supply','product','item',7.50,12.00,158,35,1,'2026-05-13 20:36:54'),(780,'SEED-PENCIL-HB','HB Pencil','school_supply','product','item',4.00,8.00,120,30,1,'2026-05-13 20:36:54'),(781,'SEED-FOLDER-LONG','Long Folder','school_supply','product','item',5.00,10.00,88,20,1,'2026-05-13 20:36:54'),(782,'SEED-ENVELOPE-BRN','Brown Envelope','school_supply','product','item',4.50,9.00,102,20,1,'2026-05-13 20:36:54'),(783,'SEED-CORR-TAPE','Correction Tape','school_supply','product','item',22.00,38.00,14,15,1,'2026-05-13 20:36:54'),(784,'SEED-ID-LACE','ID Lace','id_supplies','product','item',9.00,20.00,8,20,1,'2026-05-13 20:36:54'),(785,'SEED-ID-CARD','PVC ID Card','id_supplies','product','item',18.00,40.00,16,15,1,'2026-05-13 20:36:54'),(786,'SEED-ID-JACKET','ID Jacket','id_supplies','product','item',6.00,15.00,58,15,1,'2026-05-13 20:36:54'),(787,'SEED-ID-HOLDER','Hard ID Holder','id_supplies','product','item',12.00,28.00,22,15,1,'2026-05-13 20:36:54'),(788,'SEED-ID-PRINT','ID Printing','id_services','service','service',18.00,40.00,0,0,1,'2026-05-13 20:36:54'),(789,'SEED-ID-REPLACE','ID Replacement','id_services','service','service',28.00,65.00,0,0,1,'2026-05-13 20:36:54'),(790,'SEED-ID-PHOTO','ID Photo Capture','id_services','service','service',5.00,25.00,0,0,1,'2026-05-13 20:36:54'),(793,'SEED-LAMINATE','Document Lamination','printing','service','service',12.00,30.00,0,0,1,'2026-05-13 20:36:54'),(794,'SEED-PHOTO-BW','Photocopy - Black and White','photocopy','service','service',0.75,2.00,0,0,1,'2026-05-13 20:36:54'),(795,'SEED-PHOTO-COLOR','Photocopy - Color','photocopy','service','service',3.00,5.00,0,0,1,'2026-05-13 20:36:54'),(796,'SEED-TILAPIA-KG','Fresh Tilapia per kg','other','igp','item',95.00,150.00,45,10,1,'2026-05-13 20:36:54'),(797,'SEED-CATFISH-KG','Fresh Catfish per kg','other','igp','item',90.00,145.00,18,10,1,'2026-05-13 20:36:54'),(798,'SEED-VEG-SEEDLING','Vegetable Seedling Tray','other','igp','item',45.00,85.00,9,15,1,'2026-05-13 20:36:54'),(799,'SEED-NOTEBOOKS','Notebooks','school_supply','product','item',20.00,35.00,100,20,1,'2026-05-13 20:36:54'),(800,'SEED-WRITING-PADS','Writing pads','school_supply','product','item',15.00,25.00,100,20,1,'2026-05-13 20:36:54'),(801,'SEED-YELLOW-LEGAL','Yellow legal pads','school_supply','product','item',25.00,40.00,80,20,1,'2026-05-13 20:36:54'),(802,'SEED-LOOSE-BOND','Loose bond paper','school_supply','product','item',0.50,1.00,494,100,1,'2026-05-13 20:36:54'),(803,'SEED-COLOR-PAPER','Multi-colored paper','school_supply','product','item',1.00,2.00,400,50,1,'2026-05-13 20:36:54'),(804,'SEED-FOLDER-ENV','Folder envelopes','school_supply','product','item',8.00,15.00,150,30,1,'2026-05-13 20:36:54'),(805,'SEED-PLASTIC-FOLDER','Plastic folders','school_supply','product','item',10.00,20.00,100,20,1,'2026-05-13 20:36:54'),(806,'SEED-CLEAR-ENV','Clear plastic envelopes','school_supply','product','item',12.00,25.00,100,20,1,'2026-05-13 20:36:54'),(807,'SEED-EXP-FOLDER','Expanding file folders','school_supply','product','item',30.00,55.00,50,10,1,'2026-05-13 20:36:54'),(808,'SEED-DOC-SLEEVES','Colored document sleeves','school_supply','product','item',5.00,10.00,200,40,1,'2026-05-13 20:36:54'),(809,'SEED-RING-BINDER','Ring binders','school_supply','product','item',80.00,150.00,40,10,1,'2026-05-13 20:36:54'),(810,'SEED-RECORD-BOOK','Record books','school_supply','product','item',45.00,80.00,60,15,1,'2026-05-13 20:36:54'),(811,'SEED-INDEX-CARDS','Index cards','school_supply','product','item',10.00,20.00,100,20,1,'2026-05-13 20:36:54'),(812,'SEED-STICKY-NOTES','Sticky notes','school_supply','product','item',15.00,30.00,150,30,1,'2026-05-13 20:36:54'),(813,'SEED-HIGHLIGHTER','Highlighters','school_supply','product','item',18.00,35.00,120,20,1,'2026-05-13 20:36:54'),(814,'SEED-MARKERS','Markers','school_supply','product','item',25.00,50.00,100,20,1,'2026-05-13 20:36:54'),(815,'SEED-GLUE-STICK','Glue sticks','school_supply','product','item',15.00,28.00,100,20,1,'2026-05-13 20:36:54'),(816,'SEED-BINDER-CLIP','Binder clips','school_supply','product','item',2.00,5.00,298,50,1,'2026-05-13 20:36:54'),(817,'SEED-PAPER-CLIP','Paper clips','school_supply','product','item',0.50,1.50,500,100,1,'2026-05-13 20:36:54'),(818,'SEED-CHALK','Chalk','school_supply','product','item',10.00,20.00,100,20,1,'2026-05-13 20:36:54'),(819,'SEED-PRINT-PACK','Printer paper packs','school_supply','product','item',180.00,250.00,50,10,1,'2026-05-13 20:36:54'),(820,'SEED-STICKER-PPR','Glossy sticker paper','school_supply','product','item',30.00,60.00,80,20,1,'2026-05-13 20:36:54'),(821,'SEED-LONG-BOND','Long bond paper','school_supply','product','item',185.00,240.00,40,10,1,'2026-05-13 20:36:54'),(822,'SEED-PLASTIC-COVER','Colored plastic covers','school_supply','product','item',15.00,30.00,100,20,1,'2026-05-13 20:36:54'),(823,'SEED-BASKET','Storage baskets','school_supply','product','item',50.00,95.00,30,5,1,'2026-05-13 20:36:54'),(824,'SEED-PLASTIC-ORG','Plastic organizers','school_supply','product','item',120.00,200.00,20,5,1,'2026-05-13 20:36:54'),(825,'SEED-STORAGE-BOX','Carton storage boxes','school_supply','product','item',40.00,75.00,40,10,1,'2026-05-13 20:36:54'),(826,'SEED-FACE-MASK','Face masks','other','product','item',25.00,50.00,100,20,1,'2026-05-13 20:36:54'),(827,'SEED-WET-WIPES','Wet wipes','other','product','item',20.00,40.00,100,20,1,'2026-05-13 20:36:54'),(828,'SEED-ALCOHOL','Alcohol bottle','other','product','item',35.00,65.00,77,20,1,'2026-05-13 20:36:54'),(829,'SEED-PACK-BAG','Plastic packaging bags','school_supply','product','item',2.00,5.00,500,100,1,'2026-05-13 20:36:54'),(830,'SEED-STRESS-001','Graphing Notebook','school_supply','product','item',32.00,58.00,179,20,1,'2026-05-13 20:36:54'),(831,'SEED-STRESS-002','Composition Notebook','school_supply','product','item',18.00,35.00,39,16,1,'2026-05-13 20:36:54'),(832,'SEED-STRESS-003','Laboratory Notebook','school_supply','product','item',42.00,80.00,65,29,1,'2026-05-13 20:36:54'),(833,'SEED-STRESS-004','Quiz Notebook','school_supply','product','item',12.00,25.00,20,33,1,'2026-05-13 20:36:54'),(834,'SEED-STRESS-005','Drawing Pad','school_supply','product','item',35.00,65.00,211,8,1,'2026-05-13 20:36:54'),(835,'SEED-STRESS-006','Illustration Board','school_supply','product','item',28.00,55.00,74,8,1,'2026-05-13 20:36:54'),(836,'SEED-STRESS-007','Manila Paper','school_supply','product','item',5.00,10.00,58,15,1,'2026-05-13 20:36:54'),(837,'SEED-STRESS-008','Cartolina','school_supply','product','item',7.00,15.00,82,19,1,'2026-05-13 20:36:54'),(838,'SEED-STRESS-009','Construction Paper Pack','school_supply','product','item',18.00,35.00,49,16,1,'2026-05-13 20:36:54'),(839,'SEED-STRESS-010','Oslo Paper Pack','school_supply','product','item',22.00,42.00,67,19,1,'2026-05-13 20:36:54'),(840,'SEED-STRESS-011','Certificate Paper','school_supply','product','item',4.00,8.00,70,24,1,'2026-05-13 20:36:54'),(841,'SEED-STRESS-012','Whiteboard Marker Black','school_supply','product','item',28.00,55.00,132,20,1,'2026-05-13 20:36:54'),(842,'SEED-STRESS-013','Whiteboard Marker Blue','school_supply','product','item',28.00,55.00,65,23,1,'2026-05-13 20:36:54'),(843,'SEED-STRESS-014','Permanent Marker Black','school_supply','product','item',20.00,40.00,162,13,1,'2026-05-13 20:36:54'),(844,'SEED-STRESS-015','Permanent Marker Red','school_supply','product','item',20.00,40.00,194,29,1,'2026-05-13 20:36:54'),(845,'SEED-STRESS-016','Eraser','school_supply','product','item',6.00,12.00,145,18,1,'2026-05-13 20:36:54'),(846,'SEED-STRESS-017','Pencil Sharpener','school_supply','product','item',8.00,18.00,154,34,1,'2026-05-13 20:36:54'),(847,'SEED-STRESS-018','Ruler 12 inch','school_supply','product','item',9.00,20.00,37,31,1,'2026-05-13 20:36:54'),(848,'SEED-STRESS-019','Protractor','school_supply','product','item',8.00,18.00,57,33,1,'2026-05-13 20:36:54'),(849,'SEED-STRESS-020','Compass','school_supply','product','item',25.00,50.00,112,20,1,'2026-05-13 20:36:54'),(850,'SEED-STRESS-021','Scientific Calculator Battery','other','product','item',35.00,65.00,40,9,1,'2026-05-13 20:36:54'),(851,'SEED-STRESS-022','USB Flash Drive 16GB','other','product','item',150.00,260.00,141,25,1,'2026-05-13 20:36:54'),(852,'SEED-STRESS-023','USB Flash Drive 32GB','other','product','item',220.00,380.00,63,20,1,'2026-05-13 20:36:54'),(853,'SEED-STRESS-024','Printer Ink Black Refill','other','product','item',165.00,260.00,18,34,1,'2026-05-13 20:36:54'),(854,'SEED-STRESS-025','Printer Ink Cyan Refill','other','product','item',165.00,260.00,124,32,1,'2026-05-13 20:36:54'),(855,'SEED-STRESS-026','Printer Ink Magenta Refill','other','product','item',165.00,260.00,19,30,1,'2026-05-13 20:36:54'),(856,'SEED-STRESS-027','Printer Ink Yellow Refill','other','product','item',165.00,260.00,98,31,1,'2026-05-13 20:36:54'),(857,'SEED-STRESS-028','Thermal Receipt Roll','other','product','item',28.00,50.00,205,14,1,'2026-05-13 20:36:54'),(858,'SEED-STRESS-029','Barcode Label Roll','other','product','item',95.00,160.00,44,20,1,'2026-05-13 20:36:54'),(859,'SEED-STRESS-030','ID Clip','id_supplies','product','item',3.00,8.00,195,34,1,'2026-05-13 20:36:54'),(860,'SEED-STRESS-031','ID Strap Hook','id_supplies','product','item',4.00,10.00,138,26,1,'2026-05-13 20:36:54'),(861,'SEED-STRESS-032','ID Card Sleeve','id_supplies','product','item',5.00,12.00,186,19,1,'2026-05-13 20:36:54'),(862,'SEED-STRESS-033','Lanyard Buckle','id_supplies','product','item',4.00,10.00,192,31,1,'2026-05-13 20:36:54'),(863,'SEED-STRESS-034','PVC Card Pack','id_supplies','product','item',180.00,350.00,195,31,1,'2026-05-13 20:36:54'),(864,'SEED-STRESS-035','Toga Name Tag','id_supplies','product','item',6.00,15.00,162,30,1,'2026-05-13 20:36:54'),(865,'SEED-STRESS-036','Tilapia Fingerlings Pack','other','igp','item',320.00,520.00,134,23,1,'2026-05-13 20:36:54'),(866,'SEED-STRESS-037','Fish Feed Starter Sack','other','igp','item',980.00,1180.00,128,35,1,'2026-05-13 20:36:54'),(867,'SEED-STRESS-038','Fish Feed Grower Sack','other','igp','item',1120.00,1350.00,168,32,1,'2026-05-13 20:36:54'),(868,'SEED-STRESS-039','Fish Feed Finisher Sack','other','igp','item',1160.00,1400.00,150,33,1,'2026-05-13 20:36:54'),(869,'SEED-STRESS-040','Pond Lime Sack','other','igp','item',210.00,320.00,119,27,1,'2026-05-13 20:36:54'),(870,'SEED-STRESS-041','Fish Net Small','other','igp','item',180.00,300.00,68,14,1,'2026-05-13 20:36:54'),(871,'SEED-STRESS-042','Harvest Crate','other','igp','item',95.00,150.00,121,9,1,'2026-05-13 20:36:54'),(872,'SEED-STRESS-043','Vegetable Seeds Pechay','other','igp','item',35.00,70.00,37,31,1,'2026-05-13 20:36:54'),(873,'SEED-STRESS-044','Vegetable Seeds Mustasa','other','igp','item',35.00,70.00,122,33,1,'2026-05-13 20:36:54'),(874,'SEED-STRESS-045','Vegetable Seeds Okra','other','igp','item',42.00,85.00,36,17,1,'2026-05-13 20:36:54'),(875,'SEED-STRESS-046','Seedling Pot Pack','other','igp','item',45.00,90.00,73,8,1,'2026-05-13 20:36:54'),(876,'SEED-STRESS-047','Organic Fertilizer Sack','other','igp','item',280.00,420.00,38,30,1,'2026-05-13 20:36:54'),(877,'SEED-STRESS-048','Garden Soil Sack','other','igp','item',75.00,125.00,220,29,1,'2026-05-13 20:36:54'),(878,'SEED-STRESS-049','Disinfectant Bottle','other','product','item',55.00,95.00,34,19,1,'2026-05-13 20:36:54'),(879,'SEED-STRESS-050','Hand Soap Refill','other','product','item',48.00,85.00,160,17,1,'2026-05-13 20:36:54'),(880,'SEED-STRESS-051','Trash Bag Roll','other','product','item',65.00,110.00,23,22,1,'2026-05-13 20:36:54'),(881,'SEED-STRESS-052','Packaging Tape','school_supply','product','item',18.00,35.00,182,35,1,'2026-05-13 20:36:54'),(882,'SEED-STRESS-053','Masking Tape','school_supply','product','item',15.00,30.00,179,25,1,'2026-05-13 20:36:54'),(883,'SEED-STRESS-054','Double Sided Tape','school_supply','product','item',22.00,45.00,21,9,1,'2026-05-13 20:36:54'),(884,'SEED-STRESS-055','Stapler','school_supply','product','item',75.00,135.00,171,23,1,'2026-05-13 20:36:54'),(885,'SEED-STRESS-056','Staple Wire','school_supply','product','item',14.00,28.00,125,16,1,'2026-05-13 20:36:54'),(886,'SEED-STRESS-057','Scissors','school_supply','product','item',35.00,70.00,75,12,1,'2026-05-13 20:36:54'),(887,'SEED-STRESS-058','Cutter Knife','school_supply','product','item',25.00,50.00,129,30,1,'2026-05-13 20:36:54'),(888,'SEED-STRESS-059','Clearbook 20 Pockets','school_supply','product','item',55.00,95.00,209,34,1,'2026-05-13 20:36:54'),(889,'SEED-STRESS-060','Clearbook 40 Pockets','school_supply','product','item',85.00,150.00,193,17,1,'2026-05-13 20:36:54');
/*!40000 ALTER TABLE `products` ENABLE KEYS */;
UNLOCK TABLES;
/*!50003 SET @saved_cs_client      = @@character_set_client */ ;
/*!50003 SET @saved_cs_results     = @@character_set_results */ ;
/*!50003 SET @saved_col_connection = @@collation_connection */ ;
/*!50003 SET character_set_client  = utf8mb4 */ ;
/*!50003 SET character_set_results = utf8mb4 */ ;
/*!50003 SET collation_connection  = utf8mb4_general_ci */ ;
/*!50003 SET @saved_sql_mode       = @@sql_mode */ ;
/*!50003 SET sql_mode              = 'ONLY_FULL_GROUP_BY,STRICT_TRANS_TABLES,NO_ZERO_IN_DATE,NO_ZERO_DATE,ERROR_FOR_DIVISION_BY_ZERO,NO_ENGINE_SUBSTITUTION' */ ;
DELIMITER ;;
/*!50003 CREATE*/ /*!50003 TRIGGER `trg_products_validate_insert` BEFORE INSERT ON `products` FOR EACH ROW BEGIN
                IF NEW.cost_price < 0 OR NEW.selling_price < 0 OR NEW.stock_qty < 0 OR NEW.low_stock_threshold < 0 THEN
                    SIGNAL SQLSTATE '45000' SET MESSAGE_TEXT = 'Product numeric fields cannot be negative';
                END IF;
                IF NEW.category IN ('printing', 'photocopy', 'id_services') OR NEW.product_group = 'service' THEN
                    SET NEW.type = 'service';
                    SET NEW.product_group = 'service';
                END IF;
                IF NEW.type = 'service' THEN
                    SET NEW.product_group = 'service';
                    SET NEW.stock_qty = 0;
                END IF;
            END */;;
DELIMITER ;
/*!50003 SET sql_mode              = @saved_sql_mode */ ;
/*!50003 SET character_set_client  = @saved_cs_client */ ;
/*!50003 SET character_set_results = @saved_cs_results */ ;
/*!50003 SET collation_connection  = @saved_col_connection */ ;
/*!50003 SET @saved_cs_client      = @@character_set_client */ ;
/*!50003 SET @saved_cs_results     = @@character_set_results */ ;
/*!50003 SET @saved_col_connection = @@collation_connection */ ;
/*!50003 SET character_set_client  = utf8mb4 */ ;
/*!50003 SET character_set_results = utf8mb4 */ ;
/*!50003 SET collation_connection  = utf8mb4_general_ci */ ;
/*!50003 SET @saved_sql_mode       = @@sql_mode */ ;
/*!50003 SET sql_mode              = 'ONLY_FULL_GROUP_BY,STRICT_TRANS_TABLES,NO_ZERO_IN_DATE,NO_ZERO_DATE,ERROR_FOR_DIVISION_BY_ZERO,NO_ENGINE_SUBSTITUTION' */ ;
DELIMITER ;;
/*!50003 CREATE*/ /*!50003 TRIGGER `trg_products_validate_update` BEFORE UPDATE ON `products` FOR EACH ROW BEGIN
                IF NEW.cost_price < 0 OR NEW.selling_price < 0 OR NEW.stock_qty < 0 OR NEW.low_stock_threshold < 0 THEN
                    SIGNAL SQLSTATE '45000' SET MESSAGE_TEXT = 'Product numeric fields cannot be negative';
                END IF;
                IF NEW.category IN ('printing', 'photocopy', 'id_services') OR NEW.product_group = 'service' THEN
                    SET NEW.type = 'service';
                    SET NEW.product_group = 'service';
                END IF;
                IF NEW.type = 'service' THEN
                    SET NEW.product_group = 'service';
                    SET NEW.stock_qty = 0;
                END IF;
            END */;;
DELIMITER ;
/*!50003 SET sql_mode              = @saved_sql_mode */ ;
/*!50003 SET character_set_client  = @saved_cs_client */ ;
/*!50003 SET character_set_results = @saved_cs_results */ ;
/*!50003 SET collation_connection  = @saved_col_connection */ ;

--
-- Table structure for table `project_account_meta`
--

DROP TABLE IF EXISTS `project_account_meta`;
/*!40101 SET @saved_cs_client     = @@character_set_client */;
/*!50503 SET character_set_client = utf8mb4 */;
CREATE TABLE `project_account_meta` (
  `id` int NOT NULL AUTO_INCREMENT,
  `account_id` int NOT NULL,
  `meta_key` varchar(80) NOT NULL,
  `meta_value` varchar(255) DEFAULT NULL,
  `created_at` timestamp NULL DEFAULT CURRENT_TIMESTAMP,
  `updated_at` timestamp NULL DEFAULT CURRENT_TIMESTAMP ON UPDATE CURRENT_TIMESTAMP,
  PRIMARY KEY (`id`),
  UNIQUE KEY `uq_project_account_meta` (`account_id`,`meta_key`),
  KEY `idx_project_account_meta_key` (`meta_key`),
  CONSTRAINT `fk_project_account_meta_account` FOREIGN KEY (`account_id`) REFERENCES `project_accounts` (`id`) ON DELETE CASCADE
) ENGINE=InnoDB AUTO_INCREMENT=60 DEFAULT CHARSET=utf8mb4 COLLATE=utf8mb4_0900_ai_ci;
/*!40101 SET character_set_client = @saved_cs_client */;

--
-- Dumping data for table `project_account_meta`
--

LOCK TABLES `project_account_meta` WRITE;
/*!40000 ALTER TABLE `project_account_meta` DISABLE KEYS */;
INSERT INTO `project_account_meta` VALUES (1,5,'toga_status','released','2026-05-13 15:11:58','2026-05-13 15:11:58'),(2,5,'deposit_amount','500.00','2026-05-13 15:11:58','2026-05-13 15:11:58'),(3,5,'fee_amount','150.00','2026-05-13 15:11:58','2026-05-13 15:11:58'),(4,5,'program','BSIT','2026-05-13 15:11:58','2026-05-13 15:11:58'),(5,6,'toga_status','returned','2026-05-13 15:11:58','2026-05-13 15:11:58'),(6,6,'return_date','2026-05-09','2026-05-13 15:11:58','2026-05-13 15:11:58'),(7,6,'deposit_amount','500.00','2026-05-13 15:11:58','2026-05-13 15:11:58'),(8,6,'fee_amount','150.00','2026-05-13 15:11:58','2026-05-13 15:11:58'),(9,6,'program','BSED','2026-05-13 15:11:58','2026-05-13 15:11:58'),(10,19,'toga_status','released','2026-05-13 20:36:55','2026-05-13 20:36:55'),(11,19,'deposit_amount','500.00','2026-05-13 20:36:55','2026-05-13 20:36:55'),(12,19,'fee_amount','150.00','2026-05-13 20:36:55','2026-05-13 20:36:55'),(13,19,'program','BSIT','2026-05-13 20:36:55','2026-05-13 20:36:55'),(14,19,'return_date',NULL,'2026-05-13 20:36:55','2026-05-13 20:36:55'),(15,20,'toga_status','returned','2026-05-13 20:36:55','2026-05-13 20:36:55'),(16,20,'deposit_amount','500.00','2026-05-13 20:36:55','2026-05-13 20:36:55'),(17,20,'fee_amount','150.00','2026-05-13 20:36:55','2026-05-13 20:36:55'),(18,20,'program','BSED','2026-05-13 20:36:55','2026-05-13 20:36:55'),(19,20,'return_date','2026-05-11','2026-05-13 20:36:55','2026-05-13 20:36:55'),(20,21,'toga_status','released','2026-05-13 20:36:55','2026-05-13 20:36:55'),(21,21,'deposit_amount','500.00','2026-05-13 20:36:55','2026-05-13 20:36:55'),(22,21,'fee_amount','150.00','2026-05-13 20:36:55','2026-05-13 20:36:55'),(23,21,'program','BSBA','2026-05-13 20:36:55','2026-05-13 20:36:55'),(24,21,'return_date',NULL,'2026-05-13 20:36:55','2026-05-13 20:36:55'),(25,22,'toga_status','returned','2026-05-13 20:36:55','2026-05-13 20:36:55'),(26,22,'deposit_amount','500.00','2026-05-13 20:36:55','2026-05-13 20:36:55'),(27,22,'fee_amount','150.00','2026-05-13 20:36:55','2026-05-13 20:36:55'),(28,22,'program','BSA','2026-05-13 20:36:55','2026-05-13 20:36:55'),(29,22,'return_date','2026-05-04','2026-05-13 20:36:55','2026-05-13 20:36:55'),(30,23,'toga_status','released','2026-05-13 20:36:55','2026-05-13 20:36:55'),(31,23,'deposit_amount','500.00','2026-05-13 20:36:55','2026-05-13 20:36:55'),(32,23,'fee_amount','150.00','2026-05-13 20:36:55','2026-05-13 20:36:55'),(33,23,'program','BEED','2026-05-13 20:36:55','2026-05-13 20:36:55'),(34,23,'return_date',NULL,'2026-05-13 20:36:55','2026-05-13 20:36:55'),(35,24,'toga_status','forfeited','2026-05-13 20:36:55','2026-05-13 20:36:55'),(36,24,'deposit_amount','500.00','2026-05-13 20:36:55','2026-05-13 20:36:55'),(37,24,'fee_amount','150.00','2026-05-13 20:36:55','2026-05-13 20:36:55'),(38,24,'program','BSCRIM','2026-05-13 20:36:55','2026-05-13 20:36:55'),(39,24,'return_date','2026-04-30','2026-05-13 20:36:55','2026-05-13 20:36:55'),(40,25,'toga_status','released','2026-05-13 20:36:55','2026-05-13 20:36:55'),(41,25,'deposit_amount','500.00','2026-05-13 20:36:55','2026-05-13 20:36:55'),(42,25,'fee_amount','150.00','2026-05-13 20:36:55','2026-05-13 20:36:55'),(43,25,'program','BSHM','2026-05-13 20:36:55','2026-05-13 20:36:55'),(44,25,'return_date',NULL,'2026-05-13 20:36:55','2026-05-13 20:36:55'),(45,26,'toga_status','returned','2026-05-13 20:36:55','2026-05-13 20:36:55'),(46,26,'deposit_amount','500.00','2026-05-13 20:36:55','2026-05-13 20:36:55'),(47,26,'fee_amount','150.00','2026-05-13 20:36:55','2026-05-13 20:36:55'),(48,26,'program','BSCS','2026-05-13 20:36:55','2026-05-13 20:36:55'),(49,26,'return_date','2026-05-13','2026-05-13 20:36:55','2026-05-13 20:36:55'),(50,27,'toga_status','released','2026-05-13 20:36:55','2026-05-13 20:36:55'),(51,27,'deposit_amount','500.00','2026-05-13 20:36:55','2026-05-13 20:36:55'),(52,27,'fee_amount','150.00','2026-05-13 20:36:55','2026-05-13 20:36:55'),(53,27,'program','BSED','2026-05-13 20:36:55','2026-05-13 20:36:55'),(54,27,'return_date',NULL,'2026-05-13 20:36:55','2026-05-13 20:36:55'),(55,28,'toga_status','released','2026-05-13 20:36:55','2026-05-13 20:36:55'),(56,28,'deposit_amount','500.00','2026-05-13 20:36:55','2026-05-13 20:36:55'),(57,28,'fee_amount','150.00','2026-05-13 20:36:55','2026-05-13 20:36:55'),(58,28,'program','BSIT','2026-05-13 20:36:55','2026-05-13 20:36:55'),(59,28,'return_date',NULL,'2026-05-13 20:36:55','2026-05-13 20:36:55');
/*!40000 ALTER TABLE `project_account_meta` ENABLE KEYS */;
UNLOCK TABLES;

--
-- Table structure for table `project_accounts`
--

DROP TABLE IF EXISTS `project_accounts`;
/*!40101 SET @saved_cs_client     = @@character_set_client */;
/*!50503 SET character_set_client = utf8mb4 */;
CREATE TABLE `project_accounts` (
  `id` int NOT NULL AUTO_INCREMENT,
  `category_id` int NOT NULL,
  `person_id` int DEFAULT NULL,
  `account_name` varchar(150) NOT NULL,
  `code` varchar(80) DEFAULT NULL,
  `contact_name` varchar(120) DEFAULT NULL,
  `start_date` date DEFAULT NULL,
  `next_due_date` date DEFAULT NULL,
  `expected_amount` decimal(12,2) DEFAULT NULL,
  `status` enum('active','inactive') NOT NULL DEFAULT 'active',
  `notes` varchar(255) DEFAULT NULL,
  `created_at` timestamp NULL DEFAULT CURRENT_TIMESTAMP,
  PRIMARY KEY (`id`),
  KEY `idx_project_account_due` (`next_due_date`),
  KEY `idx_project_account_person` (`person_id`),
  KEY `idx_project_account_category_status` (`category_id`,`status`),
  KEY `idx_project_account_name_code` (`account_name`,`code`),
  CONSTRAINT `fk_project_account_category` FOREIGN KEY (`category_id`) REFERENCES `project_categories` (`id`)
) ENGINE=InnoDB AUTO_INCREMENT=29 DEFAULT CHARSET=utf8mb4 COLLATE=utf8mb4_0900_ai_ci;
/*!40101 SET character_set_client = @saved_cs_client */;

--
-- Dumping data for table `project_accounts`
--

LOCK TABLES `project_accounts` WRITE;
/*!40000 ALTER TABLE `project_accounts` DISABLE KEYS */;
INSERT INTO `project_accounts` VALUES (1,1,NULL,'Pond A','FP-A','Farm Unit','2026-01-13',NULL,NULL,'active','Tilapia production pond','2026-05-13 15:11:58'),(2,1,NULL,'Pond B','FP-B','Farm Unit','2026-02-12',NULL,NULL,'active','Fingerling monitoring pond','2026-05-13 15:11:58'),(3,2,1,'Canteen Stall 1','STALL-01','Maria Santos','2025-11-14','2026-05-10',3500.00,'active','Monthly rental account','2026-05-13 15:11:58'),(4,2,2,'Printing Kiosk','KIOSK-02','Juan Dizon','2025-12-14','2026-05-31',2500.00,'active','Monthly rental account','2026-05-13 15:11:58'),(5,3,3,'Ana Dela Cruz','2026-001','BSIT','2026-05-11',NULL,650.00,'active','Demo toga release','2026-05-13 15:11:58'),(6,3,4,'Mark Reyes','2026-002','BSED','2026-05-01',NULL,650.00,'inactive','Demo returned toga','2026-05-13 15:11:58'),(7,1,12,'Tilapia Pond A','SEED-FP-A','Farm Unit','2025-11-15',NULL,60000.00,'active','Seed sample: tilapia production pond','2026-05-13 20:36:55'),(8,1,12,'Catfish Pond B','SEED-FP-B','Farm Unit','2025-12-15',NULL,52000.00,'active','Seed sample: catfish grow-out pond','2026-05-13 20:36:55'),(9,1,12,'Fingerling Nursery','SEED-FP-N','Farm Unit','2026-01-14',NULL,28000.00,'active','Seed sample: fingerling nursery pond','2026-05-13 20:36:55'),(10,2,32,'Canteen Stall A1','SEED-STALL-A1','Dela Paz Canteen Services','2025-09-16','2026-05-07',3500.00,'active','Seed sample: overdue monthly stall rental','2026-05-13 20:36:55'),(11,2,33,'Printing Kiosk B2','SEED-STALL-B2','Bongabong Printing Kiosk','2025-10-06','2026-05-22',2800.00,'active','Seed sample: active monthly kiosk rental','2026-05-13 20:36:55'),(12,2,35,'Laundry Corner C3','SEED-STALL-C3','Campus Laundry Cooperative','2025-10-26','2026-05-28',2200.00,'active','Seed sample: active laundry rental','2026-05-13 20:36:55'),(13,2,32,'Snack Booth D4','SEED-STALL-D4','Dela Paz Canteen Services','2025-10-16','2026-05-12',2500.00,'active','Seed sample: overdue snack booth rental','2026-05-13 20:36:55'),(14,4,13,'Business Center POS','SEED-BC-POS','Business Center','2025-05-14',NULL,NULL,'active','Seed sample: business center income tracker','2026-05-13 20:36:55'),(15,5,14,'Printing Service Unit','SEED-PRINT-UNIT','Business Center','2025-05-14',NULL,NULL,'active','Seed sample: printing service tracker','2026-05-13 20:36:55'),(16,6,13,'Photocopy Service Unit','SEED-PHOTO-UNIT','Business Center','2025-05-14',NULL,NULL,'active','Seed sample: photocopy service tracker','2026-05-13 20:36:55'),(17,680,17,'Campus Catering Unit','SEED-CATER-UNIT','Administration','2026-02-13',NULL,NULL,'active','Seed sample: event catering tracker','2026-05-13 20:36:55'),(18,681,35,'Toga Laundry Unit','SEED-LAUNDRY-UNIT','External Partner','2026-02-13',NULL,NULL,'active','Seed sample: toga laundry tracker','2026-05-13 20:36:55'),(19,3,21,'Ana Dela Cruz','SEED-TG-001','BSIT','2026-05-10',NULL,650.00,'active','Seed sample: toga rental release','2026-05-13 20:36:55'),(20,3,22,'Mark Reyes','SEED-TG-002','BSED','2026-04-26',NULL,650.00,'inactive','Seed sample: toga rental release','2026-05-13 20:36:55'),(21,3,23,'Liza Mendoza','SEED-TG-003','BSBA','2026-05-02',NULL,650.00,'active','Seed sample: toga rental release','2026-05-13 20:36:55'),(22,3,24,'Carlo Rivera','SEED-TG-004','BSA','2026-04-20',NULL,650.00,'inactive','Seed sample: toga rental release','2026-05-13 20:36:55'),(23,3,25,'Nina Santos','SEED-TG-005','BEED','2026-05-07',NULL,650.00,'active','Seed sample: toga rental release','2026-05-13 20:36:55'),(24,3,26,'Jerome Aquino','SEED-TG-006','BSCRIM','2026-04-14',NULL,650.00,'inactive','Seed sample: toga rental release','2026-05-13 20:36:55'),(25,3,27,'Patricia Gomez','SEED-TG-007','BSHM','2026-05-12',NULL,650.00,'active','Seed sample: toga rental release','2026-05-13 20:36:55'),(26,3,28,'Rafael Lim','SEED-TG-008','BSCS','2026-04-29',NULL,650.00,'inactive','Seed sample: toga rental release','2026-05-13 20:36:55'),(27,3,29,'Camille Navarro','SEED-TG-009','BSED','2026-05-05',NULL,650.00,'active','Seed sample: toga rental release','2026-05-13 20:36:55'),(28,3,30,'Miguel Ortega','SEED-TG-010','BSIT','2026-05-08',NULL,650.00,'active','Seed sample: toga rental release','2026-05-13 20:36:55');
/*!40000 ALTER TABLE `project_accounts` ENABLE KEYS */;
UNLOCK TABLES;

--
-- Table structure for table `project_categories`
--

DROP TABLE IF EXISTS `project_categories`;
/*!40101 SET @saved_cs_client     = @@character_set_client */;
/*!50503 SET character_set_client = utf8mb4 */;
CREATE TABLE `project_categories` (
  `id` int NOT NULL AUTO_INCREMENT,
  `slug` varchar(80) NOT NULL,
  `name` varchar(120) NOT NULL,
  `description` varchar(255) DEFAULT NULL,
  `is_active` tinyint(1) NOT NULL DEFAULT '1',
  `created_at` timestamp NULL DEFAULT CURRENT_TIMESTAMP,
  PRIMARY KEY (`id`),
  UNIQUE KEY `slug` (`slug`)
) ENGINE=InnoDB AUTO_INCREMENT=4749 DEFAULT CHARSET=utf8mb4 COLLATE=utf8mb4_0900_ai_ci;
/*!40101 SET character_set_client = @saved_cs_client */;

--
-- Dumping data for table `project_categories`
--

LOCK TABLES `project_categories` WRITE;
/*!40000 ALTER TABLE `project_categories` DISABLE KEYS */;
INSERT INTO `project_categories` VALUES (1,'fishpond','Fishpond','Fishpond monitoring, harvest tracking, and fishpond expenses/income.',1,'2026-05-13 15:11:58'),(2,'rental','Rental and Stalls','School stall/canteen rentals and renewal payment monitoring.',1,'2026-05-13 15:11:58'),(3,'toga','Toga','Toga release, deposit, return, and forfeiture monitoring.',1,'2026-05-13 15:11:58'),(4,'business-center','Business Center','Business Center operations, services, income, expenses, and monitoring.',1,'2026-05-13 15:11:58'),(5,'printing','Printing Services','Printing service activity tracked as a project category.',1,'2026-05-13 15:11:58'),(6,'photocopy','Photocopy Services','Photocopy service activity tracked as a project category.',1,'2026-05-13 15:11:58'),(7,'proposal-management','Proposal Management','Submitted proposals, approval follow-up, and implementation monitoring.',1,'2026-05-13 15:11:58'),(680,'catering','Catering Services','Campus event catering requests and income tracking.',1,'2026-05-13 20:36:54'),(681,'laundry','Laundry Services','Uniform and toga laundry service tracking.',1,'2026-05-13 20:36:54');
/*!40000 ALTER TABLE `project_categories` ENABLE KEYS */;
UNLOCK TABLES;

--
-- Table structure for table `project_entries`
--

DROP TABLE IF EXISTS `project_entries`;
/*!40101 SET @saved_cs_client     = @@character_set_client */;
/*!50503 SET character_set_client = utf8mb4 */;
CREATE TABLE `project_entries` (
  `id` int NOT NULL AUTO_INCREMENT,
  `category_id` int NOT NULL,
  `account_id` int DEFAULT NULL,
  `entry_datetime` datetime NOT NULL DEFAULT CURRENT_TIMESTAMP,
  `entry_type` enum('income','expense','production','harvest','payment','monitoring','other') NOT NULL DEFAULT 'monitoring',
  `quantity` decimal(12,2) DEFAULT NULL,
  `unit` varchar(30) DEFAULT NULL,
  `amount` decimal(12,2) NOT NULL DEFAULT '0.00',
  `reference_no` varchar(100) DEFAULT NULL,
  `notes` varchar(255) DEFAULT NULL,
  `created_by` int DEFAULT NULL,
  `created_at` timestamp NULL DEFAULT CURRENT_TIMESTAMP,
  PRIMARY KEY (`id`),
  KEY `idx_project_entries_datetime` (`entry_datetime`),
  KEY `idx_project_entries_category` (`category_id`),
  KEY `idx_project_entries_category_datetime` (`category_id`,`entry_datetime`),
  KEY `fk_project_entry_account` (`account_id`),
  KEY `fk_project_entry_user` (`created_by`),
  CONSTRAINT `fk_project_entry_account` FOREIGN KEY (`account_id`) REFERENCES `project_accounts` (`id`) ON DELETE SET NULL,
  CONSTRAINT `fk_project_entry_category` FOREIGN KEY (`category_id`) REFERENCES `project_categories` (`id`),
  CONSTRAINT `fk_project_entry_user` FOREIGN KEY (`created_by`) REFERENCES `users` (`id`) ON DELETE SET NULL
) ENGINE=InnoDB AUTO_INCREMENT=78 DEFAULT CHARSET=utf8mb4 COLLATE=utf8mb4_0900_ai_ci;
/*!40101 SET character_set_client = @saved_cs_client */;

--
-- Dumping data for table `project_entries`
--

LOCK TABLES `project_entries` WRITE;
/*!40000 ALTER TABLE `project_entries` DISABLE KEYS */;
INSERT INTO `project_entries` VALUES (1,1,1,'2026-05-07 10:00:00','expense',12.00,'sacks',2200.00,'DEMO-FP-001','Commercial feeds',NULL,'2026-05-13 15:11:58'),(2,1,2,'2026-05-08 10:00:00','monitoring',NULL,NULL,0.00,NULL,'Water level inspection',NULL,'2026-05-13 15:11:58'),(3,1,1,'2026-05-10 10:00:00','harvest',85.00,'kg',12750.00,'DEMO-FP-002','Tilapia harvest',NULL,'2026-05-13 15:11:58'),(4,2,3,'2026-05-11 10:00:00','payment',NULL,NULL,3500.00,'DEMO-R-001','Monthly stall rent',NULL,'2026-05-13 15:11:58'),(5,2,4,'2026-05-12 10:00:00','payment',NULL,NULL,2500.00,'DEMO-R-002','Monthly kiosk rent',NULL,'2026-05-13 15:11:58'),(6,3,5,'2026-05-11 10:00:00','payment',NULL,NULL,650.00,'DEMO-T-001','Toga release fee/deposit',NULL,'2026-05-13 15:11:58'),(7,3,6,'2026-05-01 10:00:00','payment',NULL,NULL,650.00,'DEMO-T-002','Toga release fee/deposit',NULL,'2026-05-13 15:11:58'),(8,3,6,'2026-05-09 10:00:00','expense',NULL,NULL,500.00,NULL,'Deposit refund after return',NULL,'2026-05-13 15:11:58'),(9,1,8,'2026-03-30 07:45:00','monitoring',9.30,'pH',0.00,'SEED-FP-MON-20260330','Seed sample: pond water quality and feeding observation',2,'2026-05-13 20:36:55'),(10,1,8,'2026-04-01 07:45:00','monitoring',8.30,'pH',0.00,'SEED-FP-MON-20260401','Seed sample: pond water quality and feeding observation',2,'2026-05-13 20:36:55'),(11,1,8,'2026-04-03 07:45:00','monitoring',8.20,'pH',0.00,'SEED-FP-MON-20260403','Seed sample: pond water quality and feeding observation',2,'2026-05-13 20:36:55'),(12,1,8,'2026-04-05 07:45:00','monitoring',8.30,'pH',0.00,'SEED-FP-MON-20260405','Seed sample: pond water quality and feeding observation',2,'2026-05-13 20:36:55'),(13,1,8,'2026-04-07 07:45:00','monitoring',9.30,'pH',0.00,'SEED-FP-MON-20260407','Seed sample: pond water quality and feeding observation',2,'2026-05-13 20:36:55'),(14,1,8,'2026-04-07 09:30:00','expense',6.00,'sacks',3646.00,'SEED-FP-EXP-20260407','Seed sample: fish feeds and pond maintenance supplies',1,'2026-05-13 20:36:55'),(15,1,8,'2026-04-09 07:45:00','monitoring',8.90,'pH',0.00,'SEED-FP-MON-20260409','Seed sample: pond water quality and feeding observation',2,'2026-05-13 20:36:55'),(16,1,8,'2026-04-11 07:45:00','monitoring',8.40,'pH',0.00,'SEED-FP-MON-20260411','Seed sample: pond water quality and feeding observation',2,'2026-05-13 20:36:55'),(17,1,8,'2026-04-13 07:45:00','monitoring',8.50,'pH',0.00,'SEED-FP-MON-20260413','Seed sample: pond water quality and feeding observation',2,'2026-05-13 20:36:55'),(18,1,8,'2026-04-15 07:45:00','monitoring',8.10,'pH',0.00,'SEED-FP-MON-20260415','Seed sample: pond water quality and feeding observation',2,'2026-05-13 20:36:55'),(19,1,8,'2026-04-17 07:45:00','monitoring',9.30,'pH',0.00,'SEED-FP-MON-20260417','Seed sample: pond water quality and feeding observation',2,'2026-05-13 20:36:55'),(20,1,8,'2026-04-19 07:45:00','monitoring',8.50,'pH',0.00,'SEED-FP-MON-20260419','Seed sample: pond water quality and feeding observation',2,'2026-05-13 20:36:55'),(21,1,8,'2026-04-21 07:45:00','monitoring',7.90,'pH',0.00,'SEED-FP-MON-20260421','Seed sample: pond water quality and feeding observation',2,'2026-05-13 20:36:55'),(22,1,8,'2026-04-21 09:30:00','expense',4.00,'sacks',2265.00,'SEED-FP-EXP-20260421','Seed sample: fish feeds and pond maintenance supplies',1,'2026-05-13 20:36:55'),(23,1,8,'2026-04-23 07:45:00','monitoring',8.40,'pH',0.00,'SEED-FP-MON-20260423','Seed sample: pond water quality and feeding observation',2,'2026-05-13 20:36:55'),(24,1,8,'2026-04-25 07:45:00','monitoring',9.40,'pH',0.00,'SEED-FP-MON-20260425','Seed sample: pond water quality and feeding observation',2,'2026-05-13 20:36:55'),(25,1,8,'2026-04-27 07:45:00','monitoring',8.30,'pH',0.00,'SEED-FP-MON-20260427','Seed sample: pond water quality and feeding observation',2,'2026-05-13 20:36:55'),(26,1,8,'2026-04-29 07:45:00','monitoring',8.90,'pH',0.00,'SEED-FP-MON-20260429','Seed sample: pond water quality and feeding observation',2,'2026-05-13 20:36:55'),(27,1,8,'2026-05-01 07:45:00','monitoring',8.00,'pH',0.00,'SEED-FP-MON-20260501','Seed sample: pond water quality and feeding observation',2,'2026-05-13 20:36:55'),(28,1,8,'2026-05-03 07:45:00','monitoring',8.80,'pH',0.00,'SEED-FP-MON-20260503','Seed sample: pond water quality and feeding observation',2,'2026-05-13 20:36:55'),(29,1,8,'2026-05-05 07:45:00','monitoring',9.20,'pH',0.00,'SEED-FP-MON-20260505','Seed sample: pond water quality and feeding observation',2,'2026-05-13 20:36:55'),(30,1,8,'2026-05-07 07:45:00','monitoring',9.10,'pH',0.00,'SEED-FP-MON-20260507','Seed sample: pond water quality and feeding observation',2,'2026-05-13 20:36:55'),(31,1,8,'2026-05-07 09:30:00','expense',7.00,'sacks',3826.00,'SEED-FP-EXP-20260507','Seed sample: fish feeds and pond maintenance supplies',1,'2026-05-13 20:36:55'),(32,1,8,'2026-05-09 07:45:00','monitoring',9.40,'pH',0.00,'SEED-FP-MON-20260509','Seed sample: pond water quality and feeding observation',2,'2026-05-13 20:36:55'),(33,1,8,'2026-05-11 07:45:00','monitoring',8.40,'pH',0.00,'SEED-FP-MON-20260511','Seed sample: pond water quality and feeding observation',2,'2026-05-13 20:36:55'),(34,1,8,'2026-05-13 07:45:00','monitoring',8.00,'pH',0.00,'SEED-FP-MON-20260513','Seed sample: pond water quality and feeding observation',2,'2026-05-13 20:36:55'),(35,1,7,'2026-04-09 10:15:00','harvest',102.00,'kg',14892.00,'SEED-FP-HARV-20260409','Seed sample: tilapia harvest income',1,'2026-05-13 20:36:55'),(36,1,7,'2026-04-23 10:15:00','harvest',79.00,'kg',12166.00,'SEED-FP-HARV-20260423','Seed sample: tilapia harvest income',1,'2026-05-13 20:36:55'),(37,1,7,'2026-05-07 10:15:00','harvest',114.00,'kg',15846.00,'SEED-FP-HARV-20260507','Seed sample: tilapia harvest income',1,'2026-05-13 20:36:55'),(38,1,7,'2026-05-14 10:15:00','harvest',106.00,'kg',14522.00,'SEED-FP-HARV-20260514','Seed sample: tilapia harvest income',1,'2026-05-13 20:36:55'),(39,2,10,'2026-03-05 14:00:00','payment',NULL,NULL,3500.00,'SEED-RENT-PAY-STALL-A1-202603','Seed sample: monthly rental collection',1,'2026-05-13 20:36:55'),(40,2,10,'2026-04-05 14:00:00','payment',NULL,NULL,3500.00,'SEED-RENT-PAY-STALL-A1-202604','Seed sample: monthly rental collection',1,'2026-05-13 20:36:55'),(41,2,11,'2026-03-06 14:00:00','payment',NULL,NULL,2800.00,'SEED-RENT-PAY-STALL-B2-202603','Seed sample: monthly rental collection',1,'2026-05-13 20:36:55'),(42,2,11,'2026-04-06 14:00:00','payment',NULL,NULL,2800.00,'SEED-RENT-PAY-STALL-B2-202604','Seed sample: monthly rental collection',1,'2026-05-13 20:36:55'),(43,2,11,'2026-05-06 14:00:00','payment',NULL,NULL,2800.00,'SEED-RENT-PAY-STALL-B2-202605','Seed sample: monthly rental collection',1,'2026-05-13 20:36:55'),(44,2,12,'2026-03-07 14:00:00','payment',NULL,NULL,2200.00,'SEED-RENT-PAY-STALL-C3-202603','Seed sample: monthly rental collection',1,'2026-05-13 20:36:55'),(45,2,12,'2026-04-07 14:00:00','payment',NULL,NULL,2200.00,'SEED-RENT-PAY-STALL-C3-202604','Seed sample: monthly rental collection',1,'2026-05-13 20:36:55'),(46,2,12,'2026-05-07 14:00:00','payment',NULL,NULL,2200.00,'SEED-RENT-PAY-STALL-C3-202605','Seed sample: monthly rental collection',1,'2026-05-13 20:36:55'),(47,2,13,'2026-03-08 14:00:00','payment',NULL,NULL,2500.00,'SEED-RENT-PAY-STALL-D4-202603','Seed sample: monthly rental collection',1,'2026-05-13 20:36:55'),(48,2,13,'2026-04-08 14:00:00','payment',NULL,NULL,2500.00,'SEED-RENT-PAY-STALL-D4-202604','Seed sample: monthly rental collection',1,'2026-05-13 20:36:55'),(49,2,13,'2026-05-08 14:00:00','payment',NULL,NULL,2500.00,'SEED-RENT-PAY-STALL-D4-202605','Seed sample: monthly rental collection',1,'2026-05-13 20:36:55'),(50,3,19,'2026-04-17 11:00:00','payment',NULL,NULL,650.00,'SEED-TOGA-PAY-SEED-TG-001','Seed sample: toga fee and deposit collection',2,'2026-05-13 20:36:55'),(51,3,20,'2026-04-19 11:00:00','payment',NULL,NULL,650.00,'SEED-TOGA-PAY-SEED-TG-002','Seed sample: toga fee and deposit collection',2,'2026-05-13 20:36:55'),(52,3,21,'2026-05-06 11:00:00','payment',NULL,NULL,650.00,'SEED-TOGA-PAY-SEED-TG-003','Seed sample: toga fee and deposit collection',2,'2026-05-13 20:36:55'),(53,3,22,'2026-05-02 11:00:00','payment',NULL,NULL,650.00,'SEED-TOGA-PAY-SEED-TG-004','Seed sample: toga fee and deposit collection',2,'2026-05-13 20:36:55'),(54,3,23,'2026-04-26 11:00:00','payment',NULL,NULL,650.00,'SEED-TOGA-PAY-SEED-TG-005','Seed sample: toga fee and deposit collection',2,'2026-05-13 20:36:55'),(55,3,24,'2026-05-09 11:00:00','payment',NULL,NULL,650.00,'SEED-TOGA-PAY-SEED-TG-006','Seed sample: toga fee and deposit collection',2,'2026-05-13 20:36:55'),(56,3,25,'2026-04-18 11:00:00','payment',NULL,NULL,650.00,'SEED-TOGA-PAY-SEED-TG-007','Seed sample: toga fee and deposit collection',2,'2026-05-13 20:36:55'),(57,3,26,'2026-04-21 11:00:00','payment',NULL,NULL,650.00,'SEED-TOGA-PAY-SEED-TG-008','Seed sample: toga fee and deposit collection',2,'2026-05-13 20:36:55'),(58,3,27,'2026-04-23 11:00:00','payment',NULL,NULL,650.00,'SEED-TOGA-PAY-SEED-TG-009','Seed sample: toga fee and deposit collection',2,'2026-05-13 20:36:55'),(59,3,28,'2026-04-24 11:00:00','payment',NULL,NULL,650.00,'SEED-TOGA-PAY-SEED-TG-010','Seed sample: toga fee and deposit collection',2,'2026-05-13 20:36:55'),(60,4,14,'2026-04-04 16:45:00','income',NULL,NULL,2692.00,'SEED-BC-INC-20260404','Seed sample: business center service income',1,'2026-05-13 20:36:55'),(61,5,15,'2026-04-04 15:30:00','expense',NULL,NULL,1678.00,'SEED-PRT-EXP-20260404','Seed sample: toner and paper expense',1,'2026-05-13 20:36:55'),(62,4,14,'2026-04-09 16:45:00','income',NULL,NULL,2342.00,'SEED-BC-INC-20260409','Seed sample: business center service income',1,'2026-05-13 20:36:55'),(63,5,15,'2026-04-09 15:30:00','expense',NULL,NULL,773.00,'SEED-PRT-EXP-20260409','Seed sample: toner and paper expense',1,'2026-05-13 20:36:55'),(64,4,14,'2026-04-14 16:45:00','income',NULL,NULL,7682.00,'SEED-BC-INC-20260414','Seed sample: business center service income',1,'2026-05-13 20:36:55'),(65,5,15,'2026-04-14 15:30:00','expense',NULL,NULL,1537.00,'SEED-PRT-EXP-20260414','Seed sample: toner and paper expense',1,'2026-05-13 20:36:55'),(66,4,14,'2026-04-19 16:45:00','income',NULL,NULL,5959.00,'SEED-BC-INC-20260419','Seed sample: business center service income',1,'2026-05-13 20:36:55'),(67,5,15,'2026-04-19 15:30:00','expense',NULL,NULL,411.00,'SEED-PRT-EXP-20260419','Seed sample: toner and paper expense',1,'2026-05-13 20:36:55'),(68,4,14,'2026-04-24 16:45:00','income',NULL,NULL,7429.00,'SEED-BC-INC-20260424','Seed sample: business center service income',1,'2026-05-13 20:36:55'),(69,5,15,'2026-04-24 15:30:00','expense',NULL,NULL,1504.00,'SEED-PRT-EXP-20260424','Seed sample: toner and paper expense',1,'2026-05-13 20:36:55'),(70,4,14,'2026-04-29 16:45:00','income',NULL,NULL,3643.00,'SEED-BC-INC-20260429','Seed sample: business center service income',1,'2026-05-13 20:36:55'),(71,5,15,'2026-04-29 15:30:00','expense',NULL,NULL,941.00,'SEED-PRT-EXP-20260429','Seed sample: toner and paper expense',1,'2026-05-13 20:36:55'),(72,4,14,'2026-05-04 16:45:00','income',NULL,NULL,6582.00,'SEED-BC-INC-20260504','Seed sample: business center service income',1,'2026-05-13 20:36:55'),(73,5,15,'2026-05-04 15:30:00','expense',NULL,NULL,1011.00,'SEED-PRT-EXP-20260504','Seed sample: toner and paper expense',1,'2026-05-13 20:36:55'),(74,4,14,'2026-05-09 16:45:00','income',NULL,NULL,2597.00,'SEED-BC-INC-20260509','Seed sample: business center service income',1,'2026-05-13 20:36:55'),(75,5,15,'2026-05-09 15:30:00','expense',NULL,NULL,1755.00,'SEED-PRT-EXP-20260509','Seed sample: toner and paper expense',1,'2026-05-13 20:36:55'),(76,4,14,'2026-05-14 16:45:00','income',NULL,NULL,3698.00,'SEED-BC-INC-20260514','Seed sample: business center service income',1,'2026-05-13 20:36:55'),(77,5,15,'2026-05-14 15:30:00','expense',NULL,NULL,1651.00,'SEED-PRT-EXP-20260514','Seed sample: toner and paper expense',1,'2026-05-13 20:36:55');
/*!40000 ALTER TABLE `project_entries` ENABLE KEYS */;
UNLOCK TABLES;

--
-- Table structure for table `project_entry_meta`
--

DROP TABLE IF EXISTS `project_entry_meta`;
/*!40101 SET @saved_cs_client     = @@character_set_client */;
/*!50503 SET character_set_client = utf8mb4 */;
CREATE TABLE `project_entry_meta` (
  `id` int NOT NULL AUTO_INCREMENT,
  `entry_id` int NOT NULL,
  `meta_key` varchar(80) NOT NULL,
  `meta_value` varchar(255) DEFAULT NULL,
  `created_at` timestamp NULL DEFAULT CURRENT_TIMESTAMP,
  `updated_at` timestamp NULL DEFAULT CURRENT_TIMESTAMP ON UPDATE CURRENT_TIMESTAMP,
  PRIMARY KEY (`id`),
  UNIQUE KEY `uq_project_entry_meta` (`entry_id`,`meta_key`),
  KEY `idx_project_entry_meta_key` (`meta_key`),
  CONSTRAINT `fk_project_entry_meta_entry` FOREIGN KEY (`entry_id`) REFERENCES `project_entries` (`id`) ON DELETE CASCADE
) ENGINE=InnoDB AUTO_INCREMENT=9 DEFAULT CHARSET=utf8mb4 COLLATE=utf8mb4_0900_ai_ci;
/*!40101 SET character_set_client = @saved_cs_client */;

--
-- Dumping data for table `project_entry_meta`
--

LOCK TABLES `project_entry_meta` WRITE;
/*!40000 ALTER TABLE `project_entry_meta` DISABLE KEYS */;
INSERT INTO `project_entry_meta` VALUES (1,1,'demo_seed','1','2026-05-13 15:11:58','2026-05-13 15:11:58'),(2,2,'demo_seed','1','2026-05-13 15:11:58','2026-05-13 15:11:58'),(3,3,'demo_seed','1','2026-05-13 15:11:58','2026-05-13 15:11:58'),(4,4,'demo_seed','1','2026-05-13 15:11:58','2026-05-13 15:11:58'),(5,5,'demo_seed','1','2026-05-13 15:11:58','2026-05-13 15:11:58'),(6,6,'demo_seed','1','2026-05-13 15:11:58','2026-05-13 15:11:58'),(7,7,'demo_seed','1','2026-05-13 15:11:58','2026-05-13 15:11:58'),(8,8,'demo_seed','1','2026-05-13 15:11:58','2026-05-13 15:11:58');
/*!40000 ALTER TABLE `project_entry_meta` ENABLE KEYS */;
UNLOCK TABLES;

--
-- Table structure for table `proposals`
--

DROP TABLE IF EXISTS `proposals`;
/*!40101 SET @saved_cs_client     = @@character_set_client */;
/*!50503 SET character_set_client = utf8mb4 */;
CREATE TABLE `proposals` (
  `id` int NOT NULL AUTO_INCREMENT,
  `proposer_id` int DEFAULT NULL,
  `title` varchar(180) NOT NULL,
  `proposer_name` varchar(120) NOT NULL,
  `department` varchar(120) DEFAULT NULL,
  `submitted_at` datetime NOT NULL DEFAULT CURRENT_TIMESTAMP,
  `status` enum('submitted','under_review','approved','rejected','needs_revision','cancelled','implemented') NOT NULL DEFAULT 'submitted',
  `estimated_budget` decimal(12,2) NOT NULL DEFAULT '0.00',
  `target_date` date DEFAULT NULL,
  `summary` text,
  `admin_notes` text,
  `created_by` int DEFAULT NULL,
  `reviewed_by` int DEFAULT NULL,
  `reviewed_at` datetime DEFAULT NULL,
  `created_at` timestamp NULL DEFAULT CURRENT_TIMESTAMP,
  PRIMARY KEY (`id`),
  KEY `idx_proposals_status` (`status`,`submitted_at`),
  KEY `idx_proposals_proposer` (`proposer_id`),
  KEY `fk_proposal_created_by` (`created_by`),
  KEY `fk_proposal_reviewed_by` (`reviewed_by`),
  CONSTRAINT `fk_proposal_created_by` FOREIGN KEY (`created_by`) REFERENCES `users` (`id`) ON DELETE SET NULL,
  CONSTRAINT `fk_proposal_reviewed_by` FOREIGN KEY (`reviewed_by`) REFERENCES `users` (`id`) ON DELETE SET NULL
) ENGINE=InnoDB AUTO_INCREMENT=13 DEFAULT CHARSET=utf8mb4 COLLATE=utf8mb4_0900_ai_ci;
/*!40101 SET character_set_client = @saved_cs_client */;

--
-- Dumping data for table `proposals`
--

LOCK TABLES `proposals` WRITE;
/*!40000 ALTER TABLE `proposals` DISABLE KEYS */;
INSERT INTO `proposals` VALUES (1,12,'Fishpond aerator procurement','Pedro Lopez','Fishpond Operations','2026-05-10 04:36:55','submitted',85000.00,'2026-06-28','Request for two paddle wheel aerators for Pond A and Pond B.','Seed sample: Pending proposal record.',2,NULL,NULL,'2026-05-13 20:36:55'),(2,13,'Business Center queue number display','Carmen Reyes','Business Center','2026-05-07 04:36:55','under_review',42000.00,'2026-07-13','Install a small queue display to reduce counter congestion.','Seed sample: Pending proposal record.',2,NULL,NULL,'2026-05-13 20:36:55'),(3,11,'Inventory barcode labeling rollout','Rosa Garcia','Inventory Management','2026-05-04 04:36:55','approved',38000.00,'2026-06-18','Barcode labels and scanner setup for faster stock counts.','Seed sample: Reviewed proposal record.',2,1,'2026-05-06 04:36:55','2026-05-13 20:36:55'),(4,14,'POS receipt printer replacement','Juan Fernandez','IT Support','2026-05-01 04:36:55','approved',26000.00,'2026-06-13','Replace aging thermal printers used by the POS counter.','Seed sample: Reviewed proposal record.',2,1,'2026-05-03 04:36:55','2026-05-13 20:36:55'),(5,15,'Toga claim scheduling desk','Isabel Torres','Student Services','2026-04-28 04:36:55','implemented',18000.00,'2026-06-03','Dedicated toga claim desk during graduation season.','Seed sample: Reviewed proposal record.',2,1,'2026-04-30 04:36:55','2026-05-13 20:36:55'),(6,17,'Campus entrepreneurship mini fair','Sofia Diaz','Administration','2026-04-25 04:36:55','under_review',125000.00,'2026-08-12','Mini fair for student and campus income-generating projects.','Seed sample: Pending proposal record.',2,NULL,NULL,'2026-05-13 20:36:55'),(7,23,'Student printing discount hour','Liza Mendoza','BSBA','2026-04-22 04:36:55','submitted',12000.00,'2026-06-08','Pilot discounted printing hour for student organizations.','Seed sample: Pending proposal record.',2,NULL,NULL,'2026-05-13 20:36:55'),(8,25,'Document request pickup shelves','Nina Santos','BEED','2026-04-19 04:36:55','rejected',15000.00,'2026-06-23','Install pickup shelves near the Business Center counter.','Seed sample: Reviewed proposal record.',2,1,'2026-04-21 04:36:55','2026-05-13 20:36:55'),(9,18,'Additional ID card supply buffer','Mark Anthony Villanueva','Procurement','2026-04-16 04:36:55','approved',55000.00,'2026-05-29','Maintain a buffer stock of PVC cards and ID laces.','Seed sample: Reviewed proposal record.',2,1,'2026-04-18 04:36:55','2026-05-13 20:36:55'),(10,35,'Toga laundry intake tracking','Campus Laundry Cooperative','External Partner','2026-04-13 04:36:55','submitted',30000.00,'2026-07-03','Improve laundry intake and return tracking for toga rentals.','Seed sample: Pending proposal record.',2,NULL,NULL,'2026-05-13 20:36:55'),(11,9,'Monthly project income review template','Maria Lourdes Santos','Production and Business Operation','2026-04-10 04:36:55','implemented',10000.00,'2026-05-24','Standardize project income review attachments.','Seed sample: Reviewed proposal record.',2,1,'2026-04-12 04:36:55','2026-05-13 20:36:55'),(12,10,'Cash collection drop box upgrade','Antonio Cruz','Finance Department','2026-04-07 04:36:55','under_review',72000.00,'2026-07-28','Upgrade secured cash drop box for end-of-day collections.','Seed sample: Pending proposal record.',2,NULL,NULL,'2026-05-13 20:36:55');
/*!40000 ALTER TABLE `proposals` ENABLE KEYS */;
UNLOCK TABLES;

--
-- Table structure for table `sale_headers`
--

DROP TABLE IF EXISTS `sale_headers`;
/*!40101 SET @saved_cs_client     = @@character_set_client */;
/*!50503 SET character_set_client = utf8mb4 */;
CREATE TABLE `sale_headers` (
  `id` int NOT NULL AUTO_INCREMENT,
  `or_number` varchar(100) DEFAULT NULL,
  `sale_date` datetime NOT NULL DEFAULT CURRENT_TIMESTAMP,
  `person_id` int DEFAULT NULL,
  `total_amount` decimal(12,2) NOT NULL DEFAULT '0.00',
  `total_cost` decimal(12,2) NOT NULL DEFAULT '0.00',
  `total_profit` decimal(12,2) NOT NULL DEFAULT '0.00',
  `payment_status` enum('unpaid','partial','paid','void') NOT NULL DEFAULT 'paid',
  `notes` varchar(255) DEFAULT NULL,
  `created_by` int DEFAULT NULL,
  `created_at` timestamp NULL DEFAULT CURRENT_TIMESTAMP,
  `updated_at` timestamp NULL DEFAULT CURRENT_TIMESTAMP ON UPDATE CURRENT_TIMESTAMP,
  PRIMARY KEY (`id`),
  UNIQUE KEY `uq_sale_headers_or_number` (`or_number`),
  KEY `idx_sale_headers_date` (`sale_date`),
  KEY `idx_sale_headers_person` (`person_id`),
  KEY `idx_sale_headers_created_by` (`created_by`),
  CONSTRAINT `fk_sale_headers_created_by` FOREIGN KEY (`created_by`) REFERENCES `users` (`id`) ON DELETE SET NULL,
  CONSTRAINT `fk_sale_headers_person` FOREIGN KEY (`person_id`) REFERENCES `people` (`id`) ON DELETE SET NULL
) ENGINE=InnoDB AUTO_INCREMENT=518 DEFAULT CHARSET=utf8mb4 COLLATE=utf8mb4_0900_ai_ci;
/*!40101 SET character_set_client = @saved_cs_client */;

--
-- Dumping data for table `sale_headers`
--

LOCK TABLES `sale_headers` WRITE;
/*!40000 ALTER TABLE `sale_headers` DISABLE KEYS */;
INSERT INTO `sale_headers` VALUES (1,'0000-0005','2026-05-14 04:28:25',NULL,507.00,337.00,170.00,'paid','A4 Bond Paper Ream x1 | A4 Spiral Notebook x1 | Alcohol bottle x1 | Barcode Label Roll x1',1,'2026-05-14 04:28:25','2026-05-14 14:42:14'),(2,'0000-0011','2026-05-14 06:52:22',NULL,172.00,102.50,69.50,'paid','Black Ballpen x1 | Barcode Label Roll x1',1,'2026-05-14 06:52:22','2026-05-14 14:42:14'),(3,'0000-0014','2026-05-14 07:09:53',NULL,160.00,95.00,65.00,'paid','Barcode Label Roll x1',1,'2026-05-14 07:09:53','2026-05-14 14:42:14'),(4,'0000-0016','2026-05-14 07:10:39',NULL,9.00,4.50,4.50,'paid','Brown Envelope x1',1,'2026-05-14 07:10:39','2026-05-14 14:42:14'),(5,'0000-0021','2026-05-14 13:02:05',NULL,225.00,130.00,95.00,'paid','Alcohol bottle x1 | Barcode Label Roll x1',1,'2026-05-14 13:02:05','2026-05-14 14:42:14'),(6,'0000-0022','2026-05-14 13:08:15',NULL,145.00,78.50,66.50,'paid','A4 Spiral Notebook x1 | Black Ballpen x1 | Blue Ballpen x1 | Brown Envelope x1 | Binder clips x1 | Alcohol bottle x1',1,'2026-05-14 13:08:15','2026-05-14 14:42:14'),(7,'DEMO-S004','2026-05-10 09:30:00',NULL,315.00,135.00,180.00,'paid','Demo sale for dashboard visibility',NULL,'2026-05-13 15:11:58','2026-05-14 14:42:14'),(8,'DEMO-S007','2026-05-13 09:30:00',NULL,120.00,50.00,70.00,'paid','Demo sale for dashboard visibility',NULL,'2026-05-13 15:11:58','2026-05-14 14:42:14'),(9,'SEED-OR-20260330-001','2026-03-30 16:29:00',NULL,1680.00,1295.00,385.00,'paid','Seed sample: POS transaction',2,'2026-05-13 20:36:54','2026-05-14 14:42:14'),(10,'SEED-OR-20260330-002','2026-03-30 08:50:00',NULL,280.00,126.00,154.00,'paid','Seed sample: POS transaction',1,'2026-05-13 20:36:54','2026-05-14 14:42:14'),(11,'SEED-OR-20260330-003','2026-03-30 15:42:00',NULL,1360.00,510.00,850.00,'paid','Seed sample: POS transaction',2,'2026-05-13 20:36:54','2026-05-14 14:42:14'),(12,'SEED-OR-20260330-004','2026-03-30 10:50:00',NULL,24.00,15.00,9.00,'paid','Seed sample: POS transaction',2,'2026-05-13 20:36:54','2026-05-14 14:42:14'),(13,'SEED-OR-20260330-005','2026-03-30 15:58:00',NULL,1680.00,1295.00,385.00,'paid','Seed sample: POS transaction',2,'2026-05-13 20:36:54','2026-05-14 14:42:14'),(14,'SEED-OR-20260330-006','2026-03-30 15:43:00',NULL,1125.00,875.00,250.00,'paid','Seed sample: POS transaction',1,'2026-05-13 20:36:54','2026-05-14 14:42:14'),(15,'SEED-OR-20260330-007','2026-03-30 14:43:00',NULL,2430.00,972.00,1458.00,'paid','Seed sample: POS transaction',1,'2026-05-13 20:36:54','2026-05-14 14:42:14'),(16,'SEED-OR-20260330-008','2026-03-30 14:45:00',NULL,42.00,22.00,20.00,'paid','Seed sample: POS transaction',2,'2026-05-13 20:36:54','2026-05-14 14:42:14'),(17,'SEED-OR-20260330-009','2026-03-30 12:34:00',NULL,1625.00,700.00,925.00,'paid','Seed sample: POS transaction',1,'2026-05-13 20:36:54','2026-05-14 14:42:14'),(18,'SEED-OR-20260331-001','2026-03-31 12:21:00',NULL,408.00,153.00,255.00,'paid','Seed sample: POS transaction',1,'2026-05-13 20:36:54','2026-05-14 14:42:14'),(19,'SEED-OR-20260331-002','2026-03-31 10:05:00',NULL,468.00,195.00,273.00,'paid','Seed sample: POS transaction',2,'2026-05-13 20:36:54','2026-05-14 14:42:14'),(20,'SEED-OR-20260331-003','2026-03-31 15:09:00',NULL,1680.00,1295.00,385.00,'paid','Seed sample: POS transaction',2,'2026-05-13 20:36:54','2026-05-14 14:42:14'),(21,'SEED-OR-20260331-004','2026-03-31 09:02:00',NULL,126.00,66.00,60.00,'paid','Seed sample: POS transaction',2,'2026-05-13 20:36:54','2026-05-14 14:42:14'),(22,'SEED-OR-20260331-005','2026-03-31 15:52:00',NULL,168.00,88.00,80.00,'paid','Seed sample: POS transaction',2,'2026-05-13 20:36:54','2026-05-14 14:42:14'),(23,'SEED-OR-20260331-006','2026-03-31 11:16:00',NULL,750.00,475.00,275.00,'paid','Seed sample: POS transaction',1,'2026-05-13 20:36:54','2026-05-14 14:42:14'),(24,'SEED-OR-20260331-007','2026-03-31 16:41:00',NULL,1160.00,522.00,638.00,'paid','Seed sample: POS transaction',1,'2026-05-13 20:36:54','2026-05-14 14:42:14'),(25,'SEED-OR-20260401-001','2026-04-01 08:07:00',NULL,36.00,22.50,13.50,'paid','Seed sample: POS transaction',1,'2026-05-13 20:36:54','2026-05-14 14:42:14'),(26,'SEED-OR-20260401-002','2026-04-01 16:28:00',NULL,216.00,90.00,126.00,'paid','Seed sample: POS transaction',2,'2026-05-13 20:36:54','2026-05-14 14:42:14'),(27,'SEED-OR-20260401-003','2026-04-01 14:18:00',NULL,210.00,110.00,100.00,'paid','Seed sample: POS transaction',2,'2026-05-13 20:36:54','2026-05-14 14:42:14'),(28,'SEED-OR-20260401-004','2026-04-01 11:12:00',NULL,60.00,25.00,35.00,'paid','Seed sample: POS transaction',2,'2026-05-13 20:36:54','2026-05-14 14:42:14'),(29,'SEED-OR-20260401-005','2026-04-01 11:39:00',NULL,324.00,108.00,216.00,'paid','Seed sample: POS transaction',1,'2026-05-13 20:36:54','2026-05-14 14:42:14'),(30,'SEED-OR-20260401-006','2026-04-01 14:53:00',NULL,1050.00,665.00,385.00,'paid','Seed sample: POS transaction',2,'2026-05-13 20:36:54','2026-05-14 14:42:14'),(31,'SEED-OR-20260401-007','2026-04-01 15:22:00',NULL,141.00,47.00,94.00,'paid','Seed sample: POS transaction',1,'2026-05-13 20:36:54','2026-05-14 14:42:14'),(32,'SEED-OR-20260402-001','2026-04-02 11:11:00',NULL,294.00,154.00,140.00,'paid','Seed sample: POS transaction',2,'2026-05-13 20:36:54','2026-05-14 14:42:14'),(33,'SEED-OR-20260402-002','2026-04-02 14:53:00',NULL,1200.00,760.00,440.00,'paid','Seed sample: POS transaction',1,'2026-05-13 20:36:54','2026-05-14 14:42:14'),(34,'SEED-OR-20260402-003','2026-04-02 11:44:00',NULL,1560.00,702.00,858.00,'paid','Seed sample: POS transaction',1,'2026-05-13 20:36:54','2026-05-14 14:42:14'),(35,'SEED-OR-20260402-004','2026-04-02 16:45:00',NULL,40.00,18.00,22.00,'paid','Seed sample: POS transaction',1,'2026-05-13 20:36:54','2026-05-14 14:42:14'),(36,'SEED-OR-20260402-005','2026-04-02 14:40:00',NULL,5720.00,2464.00,3256.00,'paid','Seed sample: POS transaction',2,'2026-05-13 20:36:54','2026-05-14 14:42:14'),(37,'SEED-OR-20260402-006','2026-04-02 08:48:00',NULL,88.00,33.00,55.00,'paid','Seed sample: POS transaction',2,'2026-05-13 20:36:54','2026-05-14 14:42:14'),(38,'SEED-OR-20260402-007','2026-04-02 13:56:00',NULL,752.00,282.00,470.00,'paid','Seed sample: POS transaction',1,'2026-05-13 20:36:54','2026-05-14 14:42:14'),(39,'SEED-OR-20260402-008','2026-04-02 09:32:00',NULL,1430.00,616.00,814.00,'paid','Seed sample: POS transaction',2,'2026-05-13 20:36:54','2026-05-14 14:42:14'),(40,'SEED-OR-20260402-009','2026-04-02 09:02:00',NULL,321.00,107.00,214.00,'paid','Seed sample: POS transaction',2,'2026-05-13 20:36:54','2026-05-14 14:42:14'),(41,'SEED-OR-20260403-001','2026-04-03 12:50:00',NULL,480.00,370.00,110.00,'paid','Seed sample: POS transaction',2,'2026-05-13 20:36:54','2026-05-14 14:42:14'),(42,'SEED-OR-20260403-002','2026-04-03 08:56:00',NULL,60.00,37.50,22.50,'paid','Seed sample: POS transaction',1,'2026-05-13 20:36:54','2026-05-14 14:42:14'),(43,'SEED-OR-20260403-003','2026-04-03 16:14:00',NULL,12.00,7.50,4.50,'paid','Seed sample: POS transaction',2,'2026-05-13 20:36:54','2026-05-14 14:42:14'),(44,'SEED-OR-20260403-004','2026-04-03 15:22:00',NULL,168.00,88.00,80.00,'paid','Seed sample: POS transaction',1,'2026-05-13 20:36:54','2026-05-14 14:42:14'),(45,'SEED-OR-20260403-005','2026-04-03 15:48:00',NULL,2800.00,1260.00,1540.00,'paid','Seed sample: POS transaction',1,'2026-05-13 20:36:54','2026-05-14 14:42:14'),(46,'SEED-OR-20260403-006','2026-04-03 16:42:00',NULL,453.00,151.00,302.00,'paid','Seed sample: POS transaction',2,'2026-05-13 20:36:54','2026-05-14 14:42:14'),(47,'SEED-OR-20260403-007','2026-04-03 13:48:00',NULL,480.00,370.00,110.00,'paid','Seed sample: POS transaction',1,'2026-05-13 20:36:54','2026-05-14 14:42:14'),(48,'SEED-OR-20260403-008','2026-04-03 12:19:00',NULL,64.00,24.00,40.00,'paid','Seed sample: POS transaction',1,'2026-05-13 20:36:54','2026-05-14 14:42:14'),(49,'SEED-OR-20260404-001','2026-04-04 15:57:00',NULL,258.00,86.00,172.00,'paid','Seed sample: POS transaction',2,'2026-05-13 20:36:54','2026-05-14 14:42:14'),(50,'SEED-OR-20260404-002','2026-04-04 16:25:00',NULL,96.00,60.00,36.00,'paid','Seed sample: POS transaction',2,'2026-05-13 20:36:54','2026-05-14 14:42:14'),(51,'SEED-OR-20260404-003','2026-04-04 08:29:00',NULL,294.00,154.00,140.00,'paid','Seed sample: POS transaction',1,'2026-05-13 20:36:54','2026-05-14 14:42:14'),(52,'SEED-OR-20260404-004','2026-04-04 12:26:00',NULL,920.00,414.00,506.00,'paid','Seed sample: POS transaction',1,'2026-05-13 20:36:54','2026-05-14 14:42:14'),(53,'SEED-OR-20260404-005','2026-04-04 08:02:00',NULL,168.00,63.00,105.00,'paid','Seed sample: POS transaction',1,'2026-05-13 20:36:54','2026-05-14 14:42:14'),(54,'SEED-OR-20260405-001','2026-04-05 08:29:00',NULL,648.00,243.00,405.00,'paid','Seed sample: POS transaction',1,'2026-05-13 20:36:54','2026-05-14 14:42:14'),(55,'SEED-OR-20260405-002','2026-04-05 09:46:00',NULL,266.00,168.00,98.00,'paid','Seed sample: POS transaction',2,'2026-05-13 20:36:54','2026-05-14 14:42:14'),(56,'SEED-OR-20260405-003','2026-04-05 11:32:00',NULL,12.00,7.50,4.50,'paid','Seed sample: POS transaction',1,'2026-05-13 20:36:54','2026-05-14 14:42:14'),(57,'SEED-OR-20260405-004','2026-04-05 16:25:00',NULL,300.00,190.00,110.00,'paid','Seed sample: POS transaction',2,'2026-05-13 20:36:54','2026-05-14 14:42:14'),(58,'SEED-OR-20260405-005','2026-04-05 13:45:00',NULL,1680.00,1295.00,385.00,'paid','Seed sample: POS transaction',2,'2026-05-13 20:36:54','2026-05-14 14:42:14'),(59,'SEED-OR-20260406-001','2026-04-06 10:30:00',NULL,160.00,72.00,88.00,'paid','Seed sample: POS transaction',2,'2026-05-13 20:36:54','2026-05-14 14:42:14'),(60,'SEED-OR-20260406-002','2026-04-06 08:57:00',NULL,4485.00,1932.00,2553.00,'paid','Seed sample: POS transaction',1,'2026-05-13 20:36:54','2026-05-14 14:42:14'),(61,'SEED-OR-20260406-003','2026-04-06 16:22:00',NULL,1290.00,516.00,774.00,'paid','Seed sample: POS transaction',2,'2026-05-13 20:36:54','2026-05-14 14:42:14'),(62,'SEED-OR-20260406-004','2026-04-06 15:39:00',NULL,12.00,7.50,4.50,'paid','Seed sample: POS transaction',1,'2026-05-13 20:36:54','2026-05-14 14:42:14'),(63,'SEED-OR-20260406-005','2026-04-06 09:20:00',NULL,816.00,340.00,476.00,'paid','Seed sample: POS transaction',2,'2026-05-13 20:36:54','2026-05-14 14:42:14'),(64,'SEED-OR-20260407-001','2026-04-07 16:18:00',NULL,290.00,180.00,110.00,'paid','Seed sample: POS transaction',1,'2026-05-13 20:36:54','2026-05-14 14:42:14'),(65,'SEED-OR-20260407-002','2026-04-07 14:19:00',NULL,201.00,67.00,134.00,'paid','Seed sample: POS transaction',2,'2026-05-13 20:36:54','2026-05-14 14:42:14'),(66,'SEED-OR-20260407-003','2026-04-07 16:10:00',NULL,1015.00,630.00,385.00,'paid','Seed sample: POS transaction',2,'2026-05-13 20:36:54','2026-05-14 14:42:14'),(67,'SEED-OR-20260407-004','2026-04-07 13:10:00',NULL,24.00,15.00,9.00,'paid','Seed sample: POS transaction',2,'2026-05-13 20:36:54','2026-05-14 14:42:14'),(68,'SEED-OR-20260407-005','2026-04-07 16:07:00',NULL,1050.00,665.00,385.00,'paid','Seed sample: POS transaction',1,'2026-05-13 20:36:54','2026-05-14 14:42:14'),(69,'SEED-OR-20260407-006','2026-04-07 12:08:00',NULL,429.00,143.00,286.00,'paid','Seed sample: POS transaction',1,'2026-05-13 20:36:54','2026-05-14 14:42:14'),(70,'SEED-OR-20260407-007','2026-04-07 11:08:00',NULL,108.00,36.00,72.00,'paid','Seed sample: POS transaction',2,'2026-05-13 20:36:54','2026-05-14 14:42:14'),(71,'SEED-OR-20260408-001','2026-04-08 16:17:00',NULL,1350.00,1050.00,300.00,'paid','Seed sample: POS transaction',2,'2026-05-13 20:36:54','2026-05-14 14:42:14'),(72,'SEED-OR-20260408-002','2026-04-08 10:44:00',NULL,36.00,22.50,13.50,'paid','Seed sample: POS transaction',2,'2026-05-13 20:36:54','2026-05-14 14:42:14'),(73,'SEED-OR-20260408-003','2026-04-08 13:21:00',NULL,344.00,129.00,215.00,'paid','Seed sample: POS transaction',1,'2026-05-13 20:36:54','2026-05-14 14:42:14'),(74,'SEED-OR-20260408-004','2026-04-08 13:21:00',NULL,36.00,22.50,13.50,'paid','Seed sample: POS transaction',1,'2026-05-13 20:36:54','2026-05-14 14:42:14'),(75,'SEED-OR-20260408-005','2026-04-08 15:31:00',NULL,100.00,45.00,55.00,'paid','Seed sample: POS transaction',1,'2026-05-13 20:36:54','2026-05-14 14:42:14'),(76,'SEED-OR-20260409-001','2026-04-09 13:36:00',NULL,1020.00,425.00,595.00,'paid','Seed sample: POS transaction',2,'2026-05-13 20:36:54','2026-05-14 14:42:14'),(77,'SEED-OR-20260409-002','2026-04-09 11:26:00',NULL,744.00,310.00,434.00,'paid','Seed sample: POS transaction',1,'2026-05-13 20:36:54','2026-05-14 14:42:14'),(78,'SEED-OR-20260409-003','2026-04-09 16:15:00',NULL,180.00,60.00,120.00,'paid','Seed sample: POS transaction',2,'2026-05-13 20:36:54','2026-05-14 14:42:14'),(79,'SEED-OR-20260409-004','2026-04-09 15:27:00',NULL,396.00,132.00,264.00,'paid','Seed sample: POS transaction',2,'2026-05-13 20:36:54','2026-05-14 14:42:14'),(80,'SEED-OR-20260409-005','2026-04-09 13:04:00',NULL,435.00,270.00,165.00,'paid','Seed sample: POS transaction',1,'2026-05-13 20:36:54','2026-05-14 14:42:14'),(81,'SEED-OR-20260409-006','2026-04-09 12:17:00',NULL,320.00,144.00,176.00,'paid','Seed sample: POS transaction',1,'2026-05-13 20:36:54','2026-05-14 14:42:14'),(82,'SEED-OR-20260410-001','2026-04-10 16:44:00',NULL,3120.00,1404.00,1716.00,'paid','Seed sample: POS transaction',2,'2026-05-13 20:36:54','2026-05-14 14:42:14'),(83,'SEED-OR-20260410-002','2026-04-10 16:18:00',NULL,24.00,15.00,9.00,'paid','Seed sample: POS transaction',2,'2026-05-13 20:36:54','2026-05-14 14:42:14'),(84,'SEED-OR-20260410-003','2026-04-10 09:14:00',NULL,120.00,54.00,66.00,'paid','Seed sample: POS transaction',1,'2026-05-13 20:36:54','2026-05-14 14:42:14'),(85,'SEED-OR-20260410-004','2026-04-10 10:05:00',NULL,228.00,144.00,84.00,'paid','Seed sample: POS transaction',1,'2026-05-13 20:36:54','2026-05-14 14:42:14'),(86,'SEED-OR-20260411-001','2026-04-11 15:00:00',NULL,40.00,18.00,22.00,'paid','Seed sample: POS transaction',2,'2026-05-13 20:36:54','2026-05-14 14:42:14'),(87,'SEED-OR-20260411-002','2026-04-11 09:15:00',NULL,1050.00,665.00,385.00,'paid','Seed sample: POS transaction',1,'2026-05-13 20:36:54','2026-05-14 14:42:14'),(88,'SEED-OR-20260411-003','2026-04-11 13:55:00',NULL,489.00,163.00,326.00,'paid','Seed sample: POS transaction',2,'2026-05-13 20:36:54','2026-05-14 14:42:14'),(89,'SEED-OR-20260411-004','2026-04-11 12:19:00',NULL,60.00,22.50,37.50,'paid','Seed sample: POS transaction',1,'2026-05-13 20:36:54','2026-05-14 14:42:14'),(90,'SEED-OR-20260411-005','2026-04-11 15:52:00',NULL,870.00,348.00,522.00,'paid','Seed sample: POS transaction',1,'2026-05-13 20:36:54','2026-05-14 14:42:14'),(91,'SEED-OR-20260411-006','2026-04-11 14:47:00',NULL,1125.00,875.00,250.00,'paid','Seed sample: POS transaction',2,'2026-05-13 20:36:54','2026-05-14 14:42:14'),(92,'SEED-OR-20260411-007','2026-04-11 12:39:00',NULL,12.00,7.50,4.50,'paid','Seed sample: POS transaction',1,'2026-05-13 20:36:54','2026-05-14 14:42:14'),(93,'SEED-OR-20260411-008','2026-04-11 16:58:00',NULL,84.00,52.50,31.50,'paid','Seed sample: POS transaction',2,'2026-05-13 20:36:54','2026-05-14 14:42:14'),(94,'SEED-OR-20260412-001','2026-04-12 14:52:00',NULL,160.00,72.00,88.00,'paid','Seed sample: POS transaction',1,'2026-05-13 20:36:54','2026-05-14 14:42:14'),(95,'SEED-OR-20260412-002','2026-04-12 08:40:00',NULL,228.00,144.00,84.00,'paid','Seed sample: POS transaction',1,'2026-05-13 20:36:54','2026-05-14 14:42:14'),(96,'SEED-OR-20260412-003','2026-04-12 15:56:00',NULL,1015.00,630.00,385.00,'paid','Seed sample: POS transaction',1,'2026-05-13 20:36:54','2026-05-14 14:42:14'),(97,'SEED-OR-20260412-004','2026-04-12 10:55:00',NULL,80.00,36.00,44.00,'paid','Seed sample: POS transaction',1,'2026-05-13 20:36:54','2026-05-14 14:42:14'),(98,'SEED-OR-20260412-005','2026-04-12 13:31:00',NULL,165.00,55.00,110.00,'paid','Seed sample: POS transaction',1,'2026-05-13 20:36:54','2026-05-14 14:42:14'),(99,'SEED-OR-20260413-001','2026-04-13 08:55:00',NULL,360.00,120.00,240.00,'paid','Seed sample: POS transaction',1,'2026-05-13 20:36:54','2026-05-14 14:42:14'),(100,'SEED-OR-20260413-002','2026-04-13 09:03:00',NULL,675.00,525.00,150.00,'paid','Seed sample: POS transaction',1,'2026-05-13 20:36:54','2026-05-14 14:42:14'),(101,'SEED-OR-20260413-003','2026-04-13 15:12:00',NULL,12.00,7.50,4.50,'paid','Seed sample: POS transaction',1,'2026-05-13 20:36:54','2026-05-14 14:42:14'),(102,'SEED-OR-20260413-004','2026-04-13 16:41:00',NULL,48.00,30.00,18.00,'paid','Seed sample: POS transaction',1,'2026-05-13 20:36:54','2026-05-14 14:42:14'),(103,'SEED-OR-20260413-005','2026-04-13 16:13:00',NULL,266.00,168.00,98.00,'paid','Seed sample: POS transaction',1,'2026-05-13 20:36:54','2026-05-14 14:42:14'),(104,'SEED-OR-20260414-001','2026-04-14 09:02:00',NULL,12.00,7.50,4.50,'paid','Seed sample: POS transaction',1,'2026-05-13 20:36:54','2026-05-14 14:42:14'),(105,'SEED-OR-20260414-002','2026-04-14 12:28:00',NULL,150.00,95.00,55.00,'paid','Seed sample: POS transaction',1,'2026-05-13 20:36:54','2026-05-14 14:42:14'),(106,'SEED-OR-20260414-003','2026-04-14 13:32:00',NULL,126.00,66.00,60.00,'paid','Seed sample: POS transaction',2,'2026-05-13 20:36:54','2026-05-14 14:42:14'),(107,'SEED-OR-20260414-004','2026-04-14 11:50:00',NULL,1350.00,1050.00,300.00,'paid','Seed sample: POS transaction',1,'2026-05-13 20:36:54','2026-05-14 14:42:14'),(108,'SEED-OR-20260414-005','2026-04-14 15:42:00',NULL,120.00,54.00,66.00,'paid','Seed sample: POS transaction',2,'2026-05-13 20:36:54','2026-05-14 14:42:14'),(109,'SEED-OR-20260414-006','2026-04-14 15:03:00',NULL,38.00,24.00,14.00,'paid','Seed sample: POS transaction',2,'2026-05-13 20:36:54','2026-05-14 14:42:14'),(110,'SEED-OR-20260414-007','2026-04-14 11:12:00',NULL,210.00,78.75,131.25,'paid','Seed sample: POS transaction',1,'2026-05-13 20:36:54','2026-05-14 14:42:14'),(111,'SEED-OR-20260415-001','2026-04-15 10:12:00',NULL,40.00,18.00,22.00,'paid','Seed sample: POS transaction',1,'2026-05-13 20:36:54','2026-05-14 14:42:14'),(112,'SEED-OR-20260415-002','2026-04-15 11:47:00',NULL,304.00,192.00,112.00,'paid','Seed sample: POS transaction',2,'2026-05-13 20:36:54','2026-05-14 14:42:14'),(113,'SEED-OR-20260415-003','2026-04-15 09:58:00',NULL,1015.00,630.00,385.00,'paid','Seed sample: POS transaction',2,'2026-05-13 20:36:54','2026-05-14 14:42:14'),(114,'SEED-OR-20260415-004','2026-04-15 15:30:00',NULL,2160.00,972.00,1188.00,'paid','Seed sample: POS transaction',1,'2026-05-13 20:36:54','2026-05-14 14:42:14'),(115,'SEED-OR-20260415-005','2026-04-15 15:09:00',NULL,80.00,36.00,44.00,'paid','Seed sample: POS transaction',2,'2026-05-13 20:36:54','2026-05-14 14:42:14'),(116,'SEED-OR-20260415-006','2026-04-15 16:53:00',NULL,252.00,132.00,120.00,'paid','Seed sample: POS transaction',1,'2026-05-13 20:36:54','2026-05-14 14:42:14'),(117,'SEED-OR-20260415-007','2026-04-15 10:02:00',NULL,148.00,55.50,92.50,'paid','Seed sample: POS transaction',1,'2026-05-13 20:36:54','2026-05-14 14:42:14'),(118,'SEED-OR-20260415-008','2026-04-15 14:54:00',NULL,720.00,555.00,165.00,'paid','Seed sample: POS transaction',1,'2026-05-13 20:36:54','2026-05-14 14:42:14'),(119,'SEED-OR-20260416-001','2026-04-16 13:43:00',NULL,750.00,475.00,275.00,'paid','Seed sample: POS transaction',2,'2026-05-13 20:36:54','2026-05-14 14:42:14'),(120,'SEED-OR-20260416-002','2026-04-16 09:59:00',NULL,648.00,270.00,378.00,'paid','Seed sample: POS transaction',2,'2026-05-13 20:36:54','2026-05-14 14:42:14'),(121,'SEED-OR-20260416-003','2026-04-16 16:49:00',NULL,100.00,45.00,55.00,'paid','Seed sample: POS transaction',1,'2026-05-13 20:36:54','2026-05-14 14:42:14'),(122,'SEED-OR-20260416-004','2026-04-16 13:56:00',NULL,230.00,86.25,143.75,'paid','Seed sample: POS transaction',2,'2026-05-13 20:36:54','2026-05-14 14:42:14'),(123,'SEED-OR-20260416-005','2026-04-16 09:15:00',NULL,1920.00,1480.00,440.00,'paid','Seed sample: POS transaction',2,'2026-05-13 20:36:54','2026-05-14 14:42:14'),(124,'SEED-OR-20260416-006','2026-04-16 13:05:00',NULL,1050.00,665.00,385.00,'paid','Seed sample: POS transaction',2,'2026-05-13 20:36:54','2026-05-14 14:42:14'),(125,'SEED-OR-20260416-007','2026-04-16 15:05:00',NULL,84.00,52.50,31.50,'paid','Seed sample: POS transaction',2,'2026-05-13 20:36:54','2026-05-14 14:42:14'),(126,'SEED-OR-20260417-001','2026-04-17 12:33:00',NULL,1232.00,462.00,770.00,'paid','Seed sample: POS transaction',2,'2026-05-13 20:36:54','2026-05-14 14:42:14'),(127,'SEED-OR-20260417-002','2026-04-17 08:22:00',NULL,258.00,86.00,172.00,'paid','Seed sample: POS transaction',2,'2026-05-13 20:36:54','2026-05-14 14:42:14'),(128,'SEED-OR-20260417-003','2026-04-17 09:30:00',NULL,2730.00,1176.00,1554.00,'paid','Seed sample: POS transaction',1,'2026-05-13 20:36:54','2026-05-14 14:42:14'),(129,'SEED-OR-20260417-004','2026-04-17 08:23:00',NULL,80.00,36.00,44.00,'paid','Seed sample: POS transaction',2,'2026-05-13 20:36:54','2026-05-14 14:42:14'),(130,'SEED-OR-20260417-005','2026-04-17 13:54:00',NULL,3040.00,1368.00,1672.00,'paid','Seed sample: POS transaction',1,'2026-05-13 20:36:54','2026-05-14 14:42:14'),(131,'SEED-OR-20260417-006','2026-04-17 08:35:00',NULL,750.00,475.00,275.00,'paid','Seed sample: POS transaction',2,'2026-05-13 20:36:54','2026-05-14 14:42:14'),(132,'SEED-OR-20260417-007','2026-04-17 12:56:00',NULL,240.00,108.00,132.00,'paid','Seed sample: POS transaction',2,'2026-05-13 20:36:54','2026-05-14 14:42:14'),(133,'SEED-OR-20260417-008','2026-04-17 16:43:00',NULL,48.00,30.00,18.00,'paid','Seed sample: POS transaction',2,'2026-05-13 20:36:54','2026-05-14 14:42:14'),(134,'SEED-OR-20260418-001','2026-04-18 12:32:00',NULL,84.00,52.50,31.50,'paid','Seed sample: POS transaction',1,'2026-05-13 20:36:54','2026-05-14 14:42:14'),(135,'SEED-OR-20260418-002','2026-04-18 11:43:00',NULL,336.00,112.00,224.00,'paid','Seed sample: POS transaction',1,'2026-05-13 20:36:54','2026-05-14 14:42:14'),(136,'SEED-OR-20260418-003','2026-04-18 10:06:00',NULL,725.00,450.00,275.00,'paid','Seed sample: POS transaction',2,'2026-05-13 20:36:54','2026-05-14 14:42:14'),(137,'SEED-OR-20260418-004','2026-04-18 14:19:00',NULL,165.00,55.00,110.00,'paid','Seed sample: POS transaction',2,'2026-05-13 20:36:54','2026-05-14 14:42:14'),(138,'SEED-OR-20260418-005','2026-04-18 13:32:00',NULL,3040.00,1368.00,1672.00,'paid','Seed sample: POS transaction',1,'2026-05-13 20:36:54','2026-05-14 14:42:14'),(139,'SEED-OR-20260418-006','2026-04-18 08:40:00',NULL,225.00,175.00,50.00,'paid','Seed sample: POS transaction',2,'2026-05-13 20:36:54','2026-05-14 14:42:14'),(140,'SEED-OR-20260418-007','2026-04-18 10:34:00',NULL,88.00,33.00,55.00,'paid','Seed sample: POS transaction',1,'2026-05-13 20:36:54','2026-05-14 14:42:14'),(141,'SEED-OR-20260419-001','2026-04-19 14:21:00',NULL,294.00,154.00,140.00,'paid','Seed sample: POS transaction',1,'2026-05-13 20:36:54','2026-05-14 14:42:14'),(142,'SEED-OR-20260419-002','2026-04-19 09:14:00',NULL,280.00,126.00,154.00,'paid','Seed sample: POS transaction',1,'2026-05-13 20:36:54','2026-05-14 14:42:14'),(143,'SEED-OR-20260419-003','2026-04-19 09:52:00',NULL,396.00,165.00,231.00,'paid','Seed sample: POS transaction',1,'2026-05-13 20:36:54','2026-05-14 14:42:14'),(144,'SEED-OR-20260419-004','2026-04-19 16:33:00',NULL,650.00,280.00,370.00,'paid','Seed sample: POS transaction',1,'2026-05-13 20:36:54','2026-05-14 14:42:14'),(145,'SEED-OR-20260419-005','2026-04-19 16:47:00',NULL,266.00,168.00,98.00,'paid','Seed sample: POS transaction',1,'2026-05-13 20:36:54','2026-05-14 14:42:14'),(146,'SEED-OR-20260419-006','2026-04-19 16:18:00',NULL,123.00,41.00,82.00,'paid','Seed sample: POS transaction',1,'2026-05-13 20:36:54','2026-05-14 14:42:14'),(147,'SEED-OR-20260419-007','2026-04-19 14:42:00',NULL,1200.00,760.00,440.00,'paid','Seed sample: POS transaction',2,'2026-05-13 20:36:54','2026-05-14 14:42:14'),(148,'SEED-OR-20260420-001','2026-04-20 08:39:00',NULL,1575.00,1225.00,350.00,'paid','Seed sample: POS transaction',1,'2026-05-13 20:36:54','2026-05-14 14:42:14'),(149,'SEED-OR-20260420-002','2026-04-20 08:59:00',NULL,632.00,237.00,395.00,'paid','Seed sample: POS transaction',2,'2026-05-13 20:36:54','2026-05-14 14:42:14'),(150,'SEED-OR-20260420-003','2026-04-20 14:56:00',NULL,320.00,144.00,176.00,'paid','Seed sample: POS transaction',1,'2026-05-13 20:36:54','2026-05-14 14:42:14'),(151,'SEED-OR-20260420-004','2026-04-20 16:10:00',NULL,42.00,22.00,20.00,'paid','Seed sample: POS transaction',1,'2026-05-13 20:36:54','2026-05-14 14:42:14'),(152,'SEED-OR-20260421-001','2026-04-21 15:49:00',NULL,132.00,44.00,88.00,'paid','Seed sample: POS transaction',1,'2026-05-13 20:36:54','2026-05-14 14:42:14'),(153,'SEED-OR-20260421-002','2026-04-21 16:13:00',NULL,294.00,110.25,183.75,'paid','Seed sample: POS transaction',2,'2026-05-13 20:36:54','2026-05-14 14:42:14'),(154,'SEED-OR-20260421-003','2026-04-21 09:57:00',NULL,960.00,740.00,220.00,'paid','Seed sample: POS transaction',1,'2026-05-13 20:36:54','2026-05-14 14:42:14'),(155,'SEED-OR-20260421-004','2026-04-21 12:49:00',NULL,200.00,90.00,110.00,'paid','Seed sample: POS transaction',2,'2026-05-13 20:36:54','2026-05-14 14:42:14'),(156,'SEED-OR-20260421-005','2026-04-21 13:14:00',NULL,1710.00,684.00,1026.00,'paid','Seed sample: POS transaction',1,'2026-05-13 20:36:54','2026-05-14 14:42:14'),(157,'SEED-OR-20260421-006','2026-04-21 13:57:00',NULL,1680.00,1295.00,385.00,'paid','Seed sample: POS transaction',2,'2026-05-13 20:36:54','2026-05-14 14:42:14'),(158,'SEED-OR-20260421-007','2026-04-21 16:09:00',NULL,2070.00,828.00,1242.00,'paid','Seed sample: POS transaction',2,'2026-05-13 20:36:54','2026-05-14 14:42:14'),(159,'SEED-OR-20260421-008','2026-04-21 12:05:00',NULL,60.00,37.50,22.50,'paid','Seed sample: POS transaction',1,'2026-05-13 20:36:54','2026-05-14 14:42:14'),(160,'SEED-OR-20260421-009','2026-04-21 15:39:00',NULL,3315.00,1428.00,1887.00,'paid','Seed sample: POS transaction',1,'2026-05-13 20:36:54','2026-05-14 14:42:14'),(161,'SEED-OR-20260422-001','2026-04-22 15:50:00',NULL,984.00,369.00,615.00,'paid','Seed sample: POS transaction',2,'2026-05-13 20:36:54','2026-05-14 14:42:14'),(162,'SEED-OR-20260422-002','2026-04-22 14:59:00',NULL,300.00,100.00,200.00,'paid','Seed sample: POS transaction',1,'2026-05-13 20:36:54','2026-05-14 14:42:14'),(163,'SEED-OR-20260422-003','2026-04-22 15:02:00',NULL,24.00,15.00,9.00,'paid','Seed sample: POS transaction',1,'2026-05-13 20:36:54','2026-05-14 14:42:14'),(164,'SEED-OR-20260422-004','2026-04-22 09:31:00',NULL,840.00,378.00,462.00,'paid','Seed sample: POS transaction',1,'2026-05-13 20:36:54','2026-05-14 14:42:14'),(165,'SEED-OR-20260422-005','2026-04-22 13:27:00',NULL,960.00,360.00,600.00,'paid','Seed sample: POS transaction',2,'2026-05-13 20:36:54','2026-05-14 14:42:14'),(166,'SEED-OR-20260422-006','2026-04-22 15:21:00',NULL,200.00,90.00,110.00,'paid','Seed sample: POS transaction',2,'2026-05-13 20:36:54','2026-05-14 14:42:14'),(167,'SEED-OR-20260422-007','2026-04-22 09:38:00',NULL,24.00,15.00,9.00,'paid','Seed sample: POS transaction',2,'2026-05-13 20:36:54','2026-05-14 14:42:14'),(168,'SEED-OR-20260422-008','2026-04-22 13:23:00',NULL,190.00,71.25,118.75,'paid','Seed sample: POS transaction',2,'2026-05-13 20:36:54','2026-05-14 14:42:14'),(169,'SEED-OR-20260423-001','2026-04-23 09:01:00',NULL,1350.00,1050.00,300.00,'paid','Seed sample: POS transaction',1,'2026-05-13 20:36:54','2026-05-14 14:42:14'),(170,'SEED-OR-20260423-002','2026-04-23 12:21:00',NULL,252.00,132.00,120.00,'paid','Seed sample: POS transaction',1,'2026-05-13 20:36:54','2026-05-14 14:42:14'),(171,'SEED-OR-20260423-003','2026-04-23 10:46:00',NULL,2370.00,948.00,1422.00,'paid','Seed sample: POS transaction',1,'2026-05-13 20:36:54','2026-05-14 14:42:14'),(172,'SEED-OR-20260423-004','2026-04-23 08:51:00',NULL,24.00,15.00,9.00,'paid','Seed sample: POS transaction',1,'2026-05-13 20:36:54','2026-05-14 14:42:14'),(173,'SEED-OR-20260423-005','2026-04-23 11:10:00',NULL,240.00,185.00,55.00,'paid','Seed sample: POS transaction',2,'2026-05-13 20:36:54','2026-05-14 14:42:14'),(174,'SEED-OR-20260423-006','2026-04-23 13:00:00',NULL,480.00,192.00,288.00,'paid','Seed sample: POS transaction',2,'2026-05-13 20:36:54','2026-05-14 14:42:14'),(175,'SEED-OR-20260424-001','2026-04-24 09:37:00',NULL,1680.00,1295.00,385.00,'paid','Seed sample: POS transaction',1,'2026-05-13 20:36:54','2026-05-14 14:42:14'),(176,'SEED-OR-20260424-002','2026-04-24 08:46:00',NULL,84.00,44.00,40.00,'paid','Seed sample: POS transaction',1,'2026-05-13 20:36:54','2026-05-14 14:42:14'),(177,'SEED-OR-20260424-003','2026-04-24 16:03:00',NULL,736.00,276.00,460.00,'paid','Seed sample: POS transaction',2,'2026-05-13 20:36:54','2026-05-14 14:42:14'),(178,'SEED-OR-20260424-004','2026-04-24 10:17:00',NULL,2080.00,936.00,1144.00,'paid','Seed sample: POS transaction',2,'2026-05-13 20:36:54','2026-05-14 14:42:14'),(179,'SEED-OR-20260425-001','2026-04-25 09:50:00',NULL,2160.00,864.00,1296.00,'paid','Seed sample: POS transaction',1,'2026-05-13 20:36:54','2026-05-14 14:42:14'),(180,'SEED-OR-20260425-002','2026-04-25 15:32:00',NULL,20.00,9.00,11.00,'paid','Seed sample: POS transaction',1,'2026-05-13 20:36:54','2026-05-14 14:42:14'),(181,'SEED-OR-20260425-003','2026-04-25 16:11:00',NULL,140.00,63.00,77.00,'paid','Seed sample: POS transaction',1,'2026-05-13 20:36:54','2026-05-14 14:42:14'),(182,'SEED-OR-20260425-004','2026-04-25 09:01:00',NULL,435.00,270.00,165.00,'paid','Seed sample: POS transaction',1,'2026-05-13 20:36:54','2026-05-14 14:42:14'),(183,'SEED-OR-20260426-001','2026-04-26 11:42:00',NULL,304.00,192.00,112.00,'paid','Seed sample: POS transaction',1,'2026-05-13 20:36:54','2026-05-14 14:42:14'),(184,'SEED-OR-20260426-002','2026-04-26 11:01:00',NULL,725.00,450.00,275.00,'paid','Seed sample: POS transaction',2,'2026-05-13 20:36:54','2026-05-14 14:42:14'),(185,'SEED-OR-20260426-003','2026-04-26 15:00:00',NULL,477.00,159.00,318.00,'paid','Seed sample: POS transaction',2,'2026-05-13 20:36:54','2026-05-14 14:42:14'),(186,'SEED-OR-20260426-004','2026-04-26 11:23:00',NULL,1376.00,516.00,860.00,'paid','Seed sample: POS transaction',2,'2026-05-13 20:36:54','2026-05-14 14:42:14'),(187,'SEED-OR-20260427-001','2026-04-27 12:47:00',NULL,168.00,88.00,80.00,'paid','Seed sample: POS transaction',1,'2026-05-13 20:36:54','2026-05-14 14:42:14'),(188,'SEED-OR-20260427-002','2026-04-27 09:55:00',NULL,435.00,270.00,165.00,'paid','Seed sample: POS transaction',2,'2026-05-13 20:36:54','2026-05-14 14:42:14'),(189,'SEED-OR-20260427-003','2026-04-27 09:19:00',NULL,1050.00,665.00,385.00,'paid','Seed sample: POS transaction',1,'2026-05-13 20:36:54','2026-05-14 14:42:14'),(190,'SEED-OR-20260427-004','2026-04-27 10:18:00',NULL,36.00,22.50,13.50,'paid','Seed sample: POS transaction',1,'2026-05-13 20:36:54','2026-05-14 14:42:14'),(191,'SEED-OR-20260427-005','2026-04-27 08:57:00',NULL,900.00,700.00,200.00,'paid','Seed sample: POS transaction',1,'2026-05-13 20:36:54','2026-05-14 14:42:14'),(192,'SEED-OR-20260427-006','2026-04-27 08:25:00',NULL,1200.00,760.00,440.00,'paid','Seed sample: POS transaction',2,'2026-05-13 20:36:54','2026-05-14 14:42:14'),(193,'SEED-OR-20260427-007','2026-04-27 08:54:00',NULL,132.00,55.00,77.00,'paid','Seed sample: POS transaction',2,'2026-05-13 20:36:54','2026-05-14 14:42:14'),(194,'SEED-OR-20260428-001','2026-04-28 10:17:00',NULL,2240.00,1008.00,1232.00,'paid','Seed sample: POS transaction',2,'2026-05-13 20:36:54','2026-05-14 14:42:14'),(195,'SEED-OR-20260428-002','2026-04-28 10:18:00',NULL,168.00,88.00,80.00,'paid','Seed sample: POS transaction',2,'2026-05-13 20:36:54','2026-05-14 14:42:14'),(196,'SEED-OR-20260428-003','2026-04-28 14:29:00',NULL,48.00,30.00,18.00,'paid','Seed sample: POS transaction',2,'2026-05-13 20:36:54','2026-05-14 14:42:14'),(197,'SEED-OR-20260428-004','2026-04-28 13:47:00',NULL,640.00,288.00,352.00,'paid','Seed sample: POS transaction',1,'2026-05-13 20:36:54','2026-05-14 14:42:14'),(198,'SEED-OR-20260428-005','2026-04-28 08:33:00',NULL,84.00,44.00,40.00,'paid','Seed sample: POS transaction',2,'2026-05-13 20:36:54','2026-05-14 14:42:14'),(199,'SEED-OR-20260428-006','2026-04-28 11:52:00',NULL,5525.00,2380.00,3145.00,'paid','Seed sample: POS transaction',1,'2026-05-13 20:36:54','2026-05-14 14:42:14'),(200,'SEED-OR-20260428-007','2026-04-28 15:48:00',NULL,870.00,540.00,330.00,'paid','Seed sample: POS transaction',2,'2026-05-13 20:36:54','2026-05-14 14:42:14'),(201,'SEED-OR-20260428-008','2026-04-28 11:08:00',NULL,40.00,18.00,22.00,'paid','Seed sample: POS transaction',1,'2026-05-13 20:36:54','2026-05-14 14:42:14'),(202,'SEED-OR-20260428-009','2026-04-28 12:42:00',NULL,1500.00,600.00,900.00,'paid','Seed sample: POS transaction',2,'2026-05-13 20:36:54','2026-05-14 14:42:14'),(203,'SEED-OR-20260429-001','2026-04-29 10:47:00',NULL,372.00,155.00,217.00,'paid','Seed sample: POS transaction',2,'2026-05-13 20:36:54','2026-05-14 14:42:14'),(204,'SEED-OR-20260429-002','2026-04-29 09:07:00',NULL,900.00,700.00,200.00,'paid','Seed sample: POS transaction',1,'2026-05-13 20:36:54','2026-05-14 14:42:14'),(205,'SEED-OR-20260429-003','2026-04-29 09:49:00',NULL,1048.00,393.00,655.00,'paid','Seed sample: POS transaction',2,'2026-05-13 20:36:54','2026-05-14 14:42:14'),(206,'SEED-OR-20260429-004','2026-04-29 16:21:00',NULL,160.00,72.00,88.00,'paid','Seed sample: POS transaction',2,'2026-05-13 20:36:54','2026-05-14 14:42:14'),(207,'SEED-OR-20260429-005','2026-04-29 11:05:00',NULL,160.00,72.00,88.00,'paid','Seed sample: POS transaction',1,'2026-05-13 20:36:54','2026-05-14 14:42:14'),(208,'SEED-OR-20260429-006','2026-04-29 12:58:00',NULL,218.00,81.75,136.25,'paid','Seed sample: POS transaction',1,'2026-05-13 20:36:54','2026-05-14 14:42:14'),(209,'SEED-OR-20260429-007','2026-04-29 11:03:00',NULL,725.00,450.00,275.00,'paid','Seed sample: POS transaction',1,'2026-05-13 20:36:54','2026-05-14 14:42:14'),(210,'SEED-OR-20260430-001','2026-04-30 11:38:00',NULL,1440.00,1110.00,330.00,'paid','Seed sample: POS transaction',2,'2026-05-13 20:36:54','2026-05-14 14:42:14'),(211,'SEED-OR-20260430-002','2026-04-30 10:51:00',NULL,2460.00,984.00,1476.00,'paid','Seed sample: POS transaction',1,'2026-05-13 20:36:54','2026-05-14 14:42:14'),(212,'SEED-OR-20260430-003','2026-04-30 10:17:00',NULL,1015.00,630.00,385.00,'paid','Seed sample: POS transaction',1,'2026-05-13 20:36:54','2026-05-14 14:42:14'),(213,'SEED-OR-20260430-004','2026-04-30 08:45:00',NULL,2960.00,1332.00,1628.00,'paid','Seed sample: POS transaction',1,'2026-05-13 20:36:54','2026-05-14 14:42:14'),(214,'SEED-OR-20260430-005','2026-04-30 09:02:00',NULL,48.00,30.00,18.00,'paid','Seed sample: POS transaction',1,'2026-05-13 20:36:54','2026-05-14 14:42:14'),(215,'SEED-OR-20260430-006','2026-04-30 15:54:00',NULL,20.00,9.00,11.00,'paid','Seed sample: POS transaction',2,'2026-05-13 20:36:54','2026-05-14 14:42:14'),(216,'SEED-OR-20260430-007','2026-04-30 08:35:00',NULL,456.00,171.00,285.00,'paid','Seed sample: POS transaction',1,'2026-05-13 20:36:54','2026-05-14 14:42:14'),(217,'SEED-OR-20260501-001','2026-05-01 15:24:00',NULL,1050.00,665.00,385.00,'paid','Seed sample: POS transaction',1,'2026-05-13 20:36:54','2026-05-14 14:42:14'),(218,'SEED-OR-20260501-002','2026-05-01 12:57:00',NULL,76.00,48.00,28.00,'paid','Seed sample: POS transaction',1,'2026-05-13 20:36:54','2026-05-14 14:42:14'),(219,'SEED-OR-20260501-003','2026-05-01 09:28:00',NULL,1200.00,760.00,440.00,'paid','Seed sample: POS transaction',2,'2026-05-13 20:36:54','2026-05-14 14:42:14'),(220,'SEED-OR-20260501-004','2026-05-01 15:40:00',NULL,960.00,740.00,220.00,'paid','Seed sample: POS transaction',2,'2026-05-13 20:36:54','2026-05-14 14:42:14'),(221,'SEED-OR-20260501-005','2026-05-01 08:55:00',NULL,76.00,48.00,28.00,'paid','Seed sample: POS transaction',1,'2026-05-13 20:36:54','2026-05-14 14:42:14'),(222,'SEED-OR-20260502-001','2026-05-02 12:13:00',NULL,240.00,108.00,132.00,'paid','Seed sample: POS transaction',2,'2026-05-13 20:36:54','2026-05-14 14:42:14'),(223,'SEED-OR-20260502-002','2026-05-02 15:52:00',NULL,992.00,372.00,620.00,'paid','Seed sample: POS transaction',2,'2026-05-13 20:36:54','2026-05-14 14:42:14'),(224,'SEED-OR-20260502-003','2026-05-02 11:46:00',NULL,900.00,375.00,525.00,'paid','Seed sample: POS transaction',1,'2026-05-13 20:36:54','2026-05-14 14:42:14'),(225,'SEED-OR-20260502-004','2026-05-02 15:35:00',NULL,2535.00,1092.00,1443.00,'paid','Seed sample: POS transaction',2,'2026-05-13 20:36:54','2026-05-14 14:42:14'),(226,'SEED-OR-20260502-005','2026-05-02 14:24:00',NULL,145.00,90.00,55.00,'paid','Seed sample: POS transaction',1,'2026-05-13 20:36:54','2026-05-14 14:42:14'),(227,'SEED-OR-20260502-006','2026-05-02 15:48:00',NULL,816.00,340.00,476.00,'paid','Seed sample: POS transaction',1,'2026-05-13 20:36:54','2026-05-14 14:42:14'),(228,'SEED-OR-20260502-007','2026-05-02 16:09:00',NULL,1088.00,408.00,680.00,'paid','Seed sample: POS transaction',2,'2026-05-13 20:36:54','2026-05-14 14:42:14'),(229,'SEED-OR-20260502-008','2026-05-02 14:07:00',NULL,36.00,22.50,13.50,'paid','Seed sample: POS transaction',1,'2026-05-13 20:36:54','2026-05-14 14:42:14'),(230,'SEED-OR-20260502-009','2026-05-02 09:00:00',NULL,84.00,44.00,40.00,'paid','Seed sample: POS transaction',2,'2026-05-13 20:36:54','2026-05-14 14:42:14'),(231,'SEED-OR-20260503-001','2026-05-03 08:19:00',NULL,122.00,45.75,76.25,'paid','Seed sample: POS transaction',2,'2026-05-13 20:36:54','2026-05-14 14:42:14'),(232,'SEED-OR-20260503-002','2026-05-03 11:36:00',NULL,1408.00,528.00,880.00,'paid','Seed sample: POS transaction',2,'2026-05-13 20:36:54','2026-05-14 14:42:14'),(233,'SEED-OR-20260503-003','2026-05-03 13:57:00',NULL,40.00,18.00,22.00,'paid','Seed sample: POS transaction',1,'2026-05-13 20:36:54','2026-05-14 14:42:14'),(234,'SEED-OR-20260503-004','2026-05-03 11:12:00',NULL,190.00,120.00,70.00,'paid','Seed sample: POS transaction',1,'2026-05-13 20:36:54','2026-05-14 14:42:14'),(235,'SEED-OR-20260503-005','2026-05-03 13:14:00',NULL,24.00,15.00,9.00,'paid','Seed sample: POS transaction',1,'2026-05-13 20:36:54','2026-05-14 14:42:14'),(236,'SEED-OR-20260503-006','2026-05-03 16:02:00',NULL,160.00,72.00,88.00,'paid','Seed sample: POS transaction',2,'2026-05-13 20:36:54','2026-05-14 14:42:14'),(237,'SEED-OR-20260503-007','2026-05-03 08:25:00',NULL,624.00,260.00,364.00,'paid','Seed sample: POS transaction',2,'2026-05-13 20:36:54','2026-05-14 14:42:14'),(238,'SEED-OR-20260503-008','2026-05-03 16:45:00',NULL,632.00,237.00,395.00,'paid','Seed sample: POS transaction',2,'2026-05-13 20:36:54','2026-05-14 14:42:14'),(239,'SEED-OR-20260503-009','2026-05-03 11:05:00',NULL,1050.00,665.00,385.00,'paid','Seed sample: POS transaction',2,'2026-05-13 20:36:54','2026-05-14 14:42:14'),(240,'SEED-OR-20260504-001','2026-05-04 11:46:00',NULL,72.00,45.00,27.00,'paid','Seed sample: POS transaction',2,'2026-05-13 20:36:54','2026-05-14 14:42:14'),(241,'SEED-OR-20260504-002','2026-05-04 12:24:00',NULL,266.00,168.00,98.00,'paid','Seed sample: POS transaction',2,'2026-05-13 20:36:54','2026-05-14 14:42:14'),(242,'SEED-OR-20260504-003','2026-05-04 11:13:00',NULL,1008.00,378.00,630.00,'paid','Seed sample: POS transaction',2,'2026-05-13 20:36:54','2026-05-14 14:42:14'),(243,'SEED-OR-20260504-004','2026-05-04 09:59:00',NULL,1770.00,708.00,1062.00,'paid','Seed sample: POS transaction',2,'2026-05-13 20:36:54','2026-05-14 14:42:14'),(244,'SEED-OR-20260504-005','2026-05-04 09:52:00',NULL,36.00,22.50,13.50,'paid','Seed sample: POS transaction',1,'2026-05-13 20:36:54','2026-05-14 14:42:14'),(245,'SEED-OR-20260504-006','2026-05-04 16:24:00',NULL,447.00,149.00,298.00,'paid','Seed sample: POS transaction',2,'2026-05-13 20:36:54','2026-05-14 14:42:14'),(246,'SEED-OR-20260504-007','2026-05-04 11:46:00',NULL,318.00,106.00,212.00,'paid','Seed sample: POS transaction',2,'2026-05-13 20:36:54','2026-05-14 14:42:14'),(247,'SEED-OR-20260504-008','2026-05-04 09:13:00',NULL,12.00,7.50,4.50,'paid','Seed sample: POS transaction',1,'2026-05-13 20:36:54','2026-05-14 14:42:14'),(248,'SEED-OR-20260504-009','2026-05-04 08:01:00',NULL,240.00,108.00,132.00,'paid','Seed sample: POS transaction',2,'2026-05-13 20:36:54','2026-05-14 14:42:14'),(249,'SEED-OR-20260505-001','2026-05-05 14:27:00',NULL,2760.00,1242.00,1518.00,'paid','Seed sample: POS transaction',1,'2026-05-13 20:36:54','2026-05-14 14:42:14'),(250,'SEED-OR-20260505-002','2026-05-05 15:22:00',NULL,2400.00,960.00,1440.00,'paid','Seed sample: POS transaction',1,'2026-05-13 20:36:54','2026-05-14 14:42:14'),(251,'SEED-OR-20260505-003','2026-05-05 10:14:00',NULL,435.00,270.00,165.00,'paid','Seed sample: POS transaction',1,'2026-05-13 20:36:54','2026-05-14 14:42:14'),(252,'SEED-OR-20260505-004','2026-05-05 12:48:00',NULL,252.00,132.00,120.00,'paid','Seed sample: POS transaction',2,'2026-05-13 20:36:54','2026-05-14 14:42:14'),(253,'SEED-OR-20260505-005','2026-05-05 13:30:00',NULL,2520.00,1134.00,1386.00,'paid','Seed sample: POS transaction',1,'2026-05-13 20:36:54','2026-05-14 14:42:14'),(254,'SEED-OR-20260505-006','2026-05-05 09:06:00',NULL,200.00,75.00,125.00,'paid','Seed sample: POS transaction',1,'2026-05-13 20:36:54','2026-05-14 14:42:14'),(255,'SEED-OR-20260505-007','2026-05-05 12:51:00',NULL,450.00,285.00,165.00,'paid','Seed sample: POS transaction',2,'2026-05-13 20:36:54','2026-05-14 14:42:14'),(256,'SEED-OR-20260506-001','2026-05-06 09:34:00',NULL,182.00,68.25,113.75,'paid','Seed sample: POS transaction',1,'2026-05-13 20:36:54','2026-05-14 14:42:14'),(257,'SEED-OR-20260506-002','2026-05-06 14:58:00',NULL,580.00,360.00,220.00,'paid','Seed sample: POS transaction',2,'2026-05-13 20:36:54','2026-05-14 14:42:14'),(258,'SEED-OR-20260506-003','2026-05-06 09:31:00',NULL,304.00,192.00,112.00,'paid','Seed sample: POS transaction',2,'2026-05-13 20:36:54','2026-05-14 14:42:14'),(259,'SEED-OR-20260506-004','2026-05-06 14:29:00',NULL,568.00,213.00,355.00,'paid','Seed sample: POS transaction',2,'2026-05-13 20:36:54','2026-05-14 14:42:14'),(260,'SEED-OR-20260506-005','2026-05-06 10:33:00',NULL,190.00,120.00,70.00,'paid','Seed sample: POS transaction',2,'2026-05-13 20:36:54','2026-05-14 14:42:14'),(261,'SEED-OR-20260506-006','2026-05-06 15:57:00',NULL,40.00,18.00,22.00,'paid','Seed sample: POS transaction',1,'2026-05-13 20:36:54','2026-05-14 14:42:14'),(262,'SEED-OR-20260506-007','2026-05-06 11:51:00',NULL,462.00,154.00,308.00,'paid','Seed sample: POS transaction',1,'2026-05-13 20:36:54','2026-05-14 14:42:14'),(263,'SEED-OR-20260506-008','2026-05-06 14:36:00',NULL,147.00,49.00,98.00,'paid','Seed sample: POS transaction',1,'2026-05-13 20:36:54','2026-05-14 14:42:14'),(264,'SEED-OR-20260506-009','2026-05-06 13:10:00',NULL,60.00,37.50,22.50,'paid','Seed sample: POS transaction',2,'2026-05-13 20:36:54','2026-05-14 14:42:14'),(265,'SEED-OR-20260507-001','2026-05-07 10:10:00',NULL,840.00,350.00,490.00,'paid','Seed sample: POS transaction',1,'2026-05-13 20:36:54','2026-05-14 14:42:14'),(266,'SEED-OR-20260507-002','2026-05-07 16:13:00',NULL,1770.00,708.00,1062.00,'paid','Seed sample: POS transaction',1,'2026-05-13 20:36:54','2026-05-14 14:42:14'),(267,'SEED-OR-20260507-003','2026-05-07 12:28:00',NULL,100.00,45.00,55.00,'paid','Seed sample: POS transaction',1,'2026-05-13 20:36:54','2026-05-14 14:42:14'),(268,'SEED-OR-20260507-004','2026-05-07 08:53:00',NULL,84.00,44.00,40.00,'paid','Seed sample: POS transaction',2,'2026-05-13 20:36:54','2026-05-14 14:42:14'),(269,'SEED-OR-20260507-005','2026-05-07 11:46:00',NULL,280.00,126.00,154.00,'paid','Seed sample: POS transaction',2,'2026-05-13 20:36:54','2026-05-14 14:42:14'),(270,'SEED-OR-20260507-006','2026-05-07 10:34:00',NULL,5005.00,2156.00,2849.00,'paid','Seed sample: POS transaction',1,'2026-05-13 20:36:54','2026-05-14 14:42:14'),(271,'SEED-OR-20260508-001','2026-05-08 10:07:00',NULL,520.00,234.00,286.00,'paid','Seed sample: POS transaction',2,'2026-05-13 20:36:54','2026-05-14 14:42:14'),(272,'SEED-OR-20260508-002','2026-05-08 09:04:00',NULL,266.00,168.00,98.00,'paid','Seed sample: POS transaction',1,'2026-05-13 20:36:54','2026-05-14 14:42:14'),(273,'SEED-OR-20260508-003','2026-05-08 08:37:00',NULL,2190.00,876.00,1314.00,'paid','Seed sample: POS transaction',1,'2026-05-13 20:36:54','2026-05-14 14:42:14'),(274,'SEED-OR-20260508-004','2026-05-08 14:38:00',NULL,1376.00,516.00,860.00,'paid','Seed sample: POS transaction',2,'2026-05-13 20:36:54','2026-05-14 14:42:14'),(275,'SEED-OR-20260508-005','2026-05-08 13:10:00',NULL,1200.00,925.00,275.00,'paid','Seed sample: POS transaction',1,'2026-05-13 20:36:54','2026-05-14 14:42:14'),(276,'SEED-OR-20260508-006','2026-05-08 09:35:00',NULL,1032.00,430.00,602.00,'paid','Seed sample: POS transaction',2,'2026-05-13 20:36:54','2026-05-14 14:42:14'),(277,'SEED-OR-20260509-001','2026-05-09 14:43:00',NULL,12.00,7.50,4.50,'paid','Seed sample: POS transaction',1,'2026-05-13 20:36:54','2026-05-14 14:42:14'),(278,'SEED-OR-20260509-002','2026-05-09 11:02:00',NULL,336.00,176.00,160.00,'paid','Seed sample: POS transaction',1,'2026-05-13 20:36:54','2026-05-14 14:42:14'),(279,'SEED-OR-20260509-003','2026-05-09 12:29:00',NULL,145.00,90.00,55.00,'paid','Seed sample: POS transaction',1,'2026-05-13 20:36:54','2026-05-14 14:42:14'),(280,'SEED-OR-20260509-004','2026-05-09 09:00:00',NULL,312.00,117.00,195.00,'paid','Seed sample: POS transaction',2,'2026-05-13 20:36:54','2026-05-14 14:42:14'),(281,'SEED-OR-20260509-005','2026-05-09 14:24:00',NULL,40.00,18.00,22.00,'paid','Seed sample: POS transaction',1,'2026-05-13 20:36:54','2026-05-14 14:42:14'),(282,'SEED-OR-20260509-006','2026-05-09 08:06:00',NULL,720.00,555.00,165.00,'paid','Seed sample: POS transaction',1,'2026-05-13 20:36:54','2026-05-14 14:42:14'),(283,'SEED-OR-20260509-007','2026-05-09 15:53:00',NULL,308.00,115.50,192.50,'paid','Seed sample: POS transaction',1,'2026-05-13 20:36:54','2026-05-14 14:42:14'),(284,'SEED-OR-20260510-001','2026-05-10 12:46:00',NULL,744.00,279.00,465.00,'paid','Seed sample: POS transaction',2,'2026-05-13 20:36:54','2026-05-14 14:42:14'),(285,'SEED-OR-20260510-002','2026-05-10 12:26:00',NULL,96.00,60.00,36.00,'paid','Seed sample: POS transaction',2,'2026-05-13 20:36:54','2026-05-14 14:42:14'),(286,'SEED-OR-20260510-003','2026-05-10 13:47:00',NULL,828.00,345.00,483.00,'paid','Seed sample: POS transaction',1,'2026-05-13 20:36:54','2026-05-14 14:42:14'),(287,'SEED-OR-20260510-004','2026-05-10 14:55:00',NULL,24.00,15.00,9.00,'paid','Seed sample: POS transaction',1,'2026-05-13 20:36:54','2026-05-14 14:42:14'),(288,'SEED-OR-20260510-005','2026-05-10 10:13:00',NULL,114.00,72.00,42.00,'paid','Seed sample: POS transaction',2,'2026-05-13 20:36:54','2026-05-14 14:42:14'),(289,'SEED-OR-20260510-006','2026-05-10 09:18:00',NULL,750.00,300.00,450.00,'paid','Seed sample: POS transaction',2,'2026-05-13 20:36:55','2026-05-14 14:42:14'),(290,'SEED-OR-20260510-007','2026-05-10 08:22:00',NULL,732.00,305.00,427.00,'paid','Seed sample: POS transaction',2,'2026-05-13 20:36:55','2026-05-14 14:42:14'),(291,'SEED-OR-20260510-008','2026-05-10 13:24:00',NULL,334.00,125.25,208.75,'paid','Seed sample: POS transaction',2,'2026-05-13 20:36:55','2026-05-14 14:42:14'),(292,'SEED-OR-20260510-009','2026-05-10 15:55:00',NULL,20.00,9.00,11.00,'paid','Seed sample: POS transaction',2,'2026-05-13 20:36:55','2026-05-14 14:42:14'),(293,'SEED-OR-20260511-001','2026-05-11 16:04:00',NULL,240.00,185.00,55.00,'paid','Seed sample: POS transaction',1,'2026-05-13 20:36:55','2026-05-14 14:42:14'),(294,'SEED-OR-20260511-002','2026-05-11 16:55:00',NULL,870.00,540.00,330.00,'paid','Seed sample: POS transaction',1,'2026-05-13 20:36:55','2026-05-14 14:42:14'),(295,'SEED-OR-20260511-003','2026-05-11 08:29:00',NULL,44.00,16.50,27.50,'paid','Seed sample: POS transaction',1,'2026-05-13 20:36:55','2026-05-14 14:42:14'),(296,'SEED-OR-20260511-004','2026-05-11 12:52:00',NULL,288.00,96.00,192.00,'paid','Seed sample: POS transaction',1,'2026-05-13 20:36:55','2026-05-14 14:42:14'),(297,'SEED-OR-20260511-005','2026-05-11 15:57:00',NULL,1920.00,1480.00,440.00,'paid','Seed sample: POS transaction',2,'2026-05-13 20:36:55','2026-05-14 14:42:14'),(298,'SEED-OR-20260511-006','2026-05-11 11:41:00',NULL,720.00,555.00,165.00,'paid','Seed sample: POS transaction',2,'2026-05-13 20:36:55','2026-05-14 14:42:14'),(299,'SEED-OR-20260511-007','2026-05-11 16:27:00',NULL,80.00,36.00,44.00,'paid','Seed sample: POS transaction',1,'2026-05-13 20:36:55','2026-05-14 14:42:14'),(300,'SEED-OR-20260512-001','2026-05-12 12:49:00',NULL,266.00,168.00,98.00,'paid','Seed sample: POS transaction',2,'2026-05-13 20:36:55','2026-05-14 14:42:14'),(301,'SEED-OR-20260512-002','2026-05-12 16:17:00',NULL,1440.00,1110.00,330.00,'paid','Seed sample: POS transaction',1,'2026-05-13 20:36:55','2026-05-14 14:42:14'),(302,'SEED-OR-20260512-003','2026-05-12 15:00:00',NULL,322.00,120.75,201.25,'paid','Seed sample: POS transaction',1,'2026-05-13 20:36:55','2026-05-14 14:42:14'),(303,'SEED-OR-20260512-004','2026-05-12 10:16:00',NULL,2405.00,1036.00,1369.00,'paid','Seed sample: POS transaction',2,'2026-05-13 20:36:55','2026-05-14 14:42:14'),(304,'SEED-OR-20260512-005','2026-05-12 16:38:00',NULL,232.00,87.00,145.00,'paid','Seed sample: POS transaction',1,'2026-05-13 20:36:55','2026-05-14 14:42:14'),(305,'SEED-OR-20260512-006','2026-05-12 14:08:00',NULL,2040.00,816.00,1224.00,'paid','Seed sample: POS transaction',1,'2026-05-13 20:36:55','2026-05-14 14:42:14'),(306,'SEED-OR-20260512-007','2026-05-12 09:24:00',NULL,36.00,22.50,13.50,'paid','Seed sample: POS transaction',2,'2026-05-13 20:36:55','2026-05-14 14:42:14'),(307,'SEED-OR-20260513-001','2026-05-13 10:18:00',NULL,520.00,224.00,296.00,'paid','Seed sample: POS transaction',2,'2026-05-13 20:36:55','2026-05-14 14:42:14'),(308,'SEED-OR-20260513-002','2026-05-13 13:59:00',NULL,160.00,72.00,88.00,'paid','Seed sample: POS transaction',1,'2026-05-13 20:36:55','2026-05-14 14:42:14'),(309,'SEED-OR-20260513-003','2026-05-13 12:17:00',NULL,126.00,66.00,60.00,'paid','Seed sample: POS transaction',1,'2026-05-13 20:36:55','2026-05-14 14:42:14'),(310,'SEED-OR-20260513-004','2026-05-13 15:20:00',NULL,1920.00,1480.00,440.00,'paid','Seed sample: POS transaction',2,'2026-05-13 20:36:55','2026-05-14 14:42:14'),(311,'SEED-OR-20260513-005','2026-05-13 10:00:00',NULL,308.00,115.50,192.50,'paid','Seed sample: POS transaction',1,'2026-05-13 20:36:55','2026-05-14 14:42:14'),(312,'SEED-OR-20260513-006','2026-05-13 10:49:00',NULL,900.00,700.00,200.00,'paid','Seed sample: POS transaction',2,'2026-05-13 20:36:55','2026-05-14 14:42:14'),(313,'SEED-OR-20260513-007','2026-05-13 13:28:00',NULL,528.00,176.00,352.00,'paid','Seed sample: POS transaction',1,'2026-05-13 20:36:55','2026-05-14 14:42:14'),(314,'SEED-OR-20260513-008','2026-05-13 10:21:00',NULL,432.00,162.00,270.00,'paid','Seed sample: POS transaction',1,'2026-05-13 20:36:55','2026-05-14 14:42:14'),(315,'SEED-OR-20260514-001','2026-05-14 14:49:00',NULL,84.00,52.50,31.50,'paid','Seed sample: POS transaction',1,'2026-05-13 20:36:55','2026-05-14 14:42:14'),(316,'SEED-OR-20260514-002','2026-05-14 09:13:00',NULL,1800.00,1400.00,400.00,'paid','Seed sample: POS transaction',2,'2026-05-13 20:36:55','2026-05-14 14:42:14'),(317,'SEED-OR-20260514-003','2026-05-14 16:30:00',NULL,80.00,36.00,44.00,'paid','Seed sample: POS transaction',2,'2026-05-13 20:36:55','2026-05-14 14:42:14'),(318,'SEED-OR-20260514-004','2026-05-14 15:53:00',NULL,252.00,84.00,168.00,'paid','Seed sample: POS transaction',2,'2026-05-13 20:36:55','2026-05-14 14:42:14'),(319,'SEED-OR-20260514-005','2026-05-14 13:44:00',NULL,342.00,114.00,228.00,'paid','Seed sample: POS transaction',1,'2026-05-13 20:36:55','2026-05-14 14:42:14'),(320,'SEED-OR-20260514-006','2026-05-14 10:04:00',NULL,114.00,72.00,42.00,'paid','Seed sample: POS transaction',1,'2026-05-13 20:36:55','2026-05-14 14:42:14'),(321,'SEED-OR-20260514-007','2026-05-14 14:42:00',NULL,145.00,90.00,55.00,'paid','Seed sample: POS transaction',1,'2026-05-13 20:36:55','2026-05-14 14:42:14'),(512,'0000-0023','2026-05-14 14:43:03',NULL,4.00,2.00,2.00,'paid','Priority 2 POS normalization checkout test',1,'2026-05-14 14:43:03','2026-05-14 14:43:03'),(513,'0000-0024','2026-05-14 14:43:51',NULL,2.00,1.00,1.00,'paid','Priority 2 POS normalization receipt test',1,'2026-05-14 14:43:51','2026-05-14 14:43:51'),(514,'0000-0025','2026-05-14 14:52:55',NULL,20.00,9.00,11.00,'paid',NULL,1,'2026-05-14 14:52:55','2026-05-14 14:52:55'),(515,'0000-0026','2026-05-14 14:55:04',NULL,24.00,15.00,9.00,'paid',NULL,1,'2026-05-14 14:55:04','2026-05-14 14:55:04'),(516,'0000-0027','2026-05-14 14:58:40',NULL,7.00,3.50,3.50,'paid','Priority 2 verification multi-item receipt',1,'2026-05-14 14:58:40','2026-05-14 14:58:40'),(517,'0000-0028','2026-05-14 14:59:06',NULL,7.00,3.50,3.50,'paid','Priority 2 verification multi-item receipt',1,'2026-05-14 14:59:06','2026-05-14 14:59:06');
/*!40000 ALTER TABLE `sale_headers` ENABLE KEYS */;
UNLOCK TABLES;

--
-- Table structure for table `sale_items`
--

DROP TABLE IF EXISTS `sale_items`;
/*!40101 SET @saved_cs_client     = @@character_set_client */;
/*!50503 SET character_set_client = utf8mb4 */;
CREATE TABLE `sale_items` (
  `id` int NOT NULL AUTO_INCREMENT,
  `sale_header_id` int NOT NULL,
  `legacy_sale_id` int DEFAULT NULL,
  `product_id` int NOT NULL,
  `quantity` int NOT NULL,
  `unit_price` decimal(12,2) NOT NULL DEFAULT '0.00',
  `unit_cost` decimal(12,2) NOT NULL DEFAULT '0.00',
  `total_amount` decimal(12,2) NOT NULL DEFAULT '0.00',
  `total_cost` decimal(12,2) NOT NULL DEFAULT '0.00',
  `profit` decimal(12,2) NOT NULL DEFAULT '0.00',
  `created_at` timestamp NULL DEFAULT CURRENT_TIMESTAMP,
  PRIMARY KEY (`id`),
  UNIQUE KEY `uq_sale_items_legacy_sale` (`legacy_sale_id`),
  KEY `idx_sale_items_header` (`sale_header_id`),
  KEY `idx_sale_items_product` (`product_id`),
  CONSTRAINT `fk_sale_items_header` FOREIGN KEY (`sale_header_id`) REFERENCES `sale_headers` (`id`) ON DELETE CASCADE,
  CONSTRAINT `fk_sale_items_legacy_sale` FOREIGN KEY (`legacy_sale_id`) REFERENCES `sales` (`id`) ON DELETE SET NULL,
  CONSTRAINT `fk_sale_items_product` FOREIGN KEY (`product_id`) REFERENCES `products` (`id`)
) ENGINE=InnoDB AUTO_INCREMENT=522 DEFAULT CHARSET=utf8mb4 COLLATE=utf8mb4_0900_ai_ci;
/*!40101 SET character_set_client = @saved_cs_client */;

--
-- Dumping data for table `sale_items`
--

LOCK TABLES `sale_items` WRITE;
/*!40000 ALTER TABLE `sale_items` DISABLE KEYS */;
INSERT INTO `sale_items` VALUES (1,7,1,3,9,35.00,15.00,315.00,135.00,180.00,'2026-05-13 15:11:58'),(2,8,2,4,2,60.00,25.00,120.00,50.00,70.00,'2026-05-13 15:11:58'),(3,9,3,773,7,240.00,185.00,1680.00,1295.00,385.00,'2026-05-13 20:36:54'),(4,10,4,788,7,40.00,18.00,280.00,126.00,154.00,'2026-05-13 20:36:54'),(5,11,5,795,170,8.00,3.00,1360.00,510.00,850.00,'2026-05-13 20:36:54'),(6,12,6,778,2,12.00,7.50,24.00,15.00,9.00,'2026-05-13 20:36:54'),(7,13,7,773,7,240.00,185.00,1680.00,1295.00,385.00,'2026-05-13 20:36:54'),(8,14,8,774,5,225.00,175.00,1125.00,875.00,250.00,'2026-05-13 20:36:54'),(9,15,9,793,81,30.00,12.00,2430.00,972.00,1458.00,'2026-05-13 20:36:54'),(10,16,10,777,1,42.00,22.00,42.00,22.00,20.00,'2026-05-13 20:36:54'),(11,17,11,789,25,65.00,28.00,1625.00,700.00,925.00,'2026-05-13 20:36:54'),(12,18,12,795,51,8.00,3.00,408.00,153.00,255.00,'2026-05-13 20:36:54'),(13,19,13,444,39,12.00,5.00,468.00,195.00,273.00,'2026-05-13 20:36:54'),(14,20,14,773,7,240.00,185.00,1680.00,1295.00,385.00,'2026-05-13 20:36:54'),(15,21,15,777,3,42.00,22.00,126.00,66.00,60.00,'2026-05-13 20:36:54'),(16,22,16,777,4,42.00,22.00,168.00,88.00,80.00,'2026-05-13 20:36:54'),(17,23,17,796,5,150.00,95.00,750.00,475.00,275.00,'2026-05-13 20:36:54'),(18,24,18,788,29,40.00,18.00,1160.00,522.00,638.00,'2026-05-13 20:36:54'),(19,25,19,779,3,12.00,7.50,36.00,22.50,13.50,'2026-05-13 20:36:54'),(20,26,20,444,18,12.00,5.00,216.00,90.00,126.00,'2026-05-13 20:36:54'),(21,27,21,777,5,42.00,22.00,210.00,110.00,100.00,'2026-05-13 20:36:54'),(22,28,22,444,5,12.00,5.00,60.00,25.00,35.00,'2026-05-13 20:36:54'),(23,29,23,442,108,3.00,1.00,324.00,108.00,216.00,'2026-05-13 20:36:54'),(24,30,24,796,7,150.00,95.00,1050.00,665.00,385.00,'2026-05-13 20:36:54'),(25,31,25,442,47,3.00,1.00,141.00,47.00,94.00,'2026-05-13 20:36:54'),(26,32,26,777,7,42.00,22.00,294.00,154.00,140.00,'2026-05-13 20:36:54'),(27,33,27,796,8,150.00,95.00,1200.00,760.00,440.00,'2026-05-13 20:36:54'),(28,34,28,788,39,40.00,18.00,1560.00,702.00,858.00,'2026-05-13 20:36:54'),(29,35,29,784,2,20.00,9.00,40.00,18.00,22.00,'2026-05-13 20:36:54'),(30,36,30,789,88,65.00,28.00,5720.00,2464.00,3256.00,'2026-05-13 20:36:54'),(31,37,31,794,44,2.00,0.75,88.00,33.00,55.00,'2026-05-13 20:36:54'),(32,38,32,795,94,8.00,3.00,752.00,282.00,470.00,'2026-05-13 20:36:54'),(33,39,33,789,22,65.00,28.00,1430.00,616.00,814.00,'2026-05-13 20:36:54'),(34,40,34,442,107,3.00,1.00,321.00,107.00,214.00,'2026-05-13 20:36:54'),(35,41,35,773,2,240.00,185.00,480.00,370.00,110.00,'2026-05-13 20:36:54'),(36,42,36,778,5,12.00,7.50,60.00,37.50,22.50,'2026-05-13 20:36:54'),(37,43,37,779,1,12.00,7.50,12.00,7.50,4.50,'2026-05-13 20:36:54'),(38,44,38,777,4,42.00,22.00,168.00,88.00,80.00,'2026-05-13 20:36:54'),(39,45,39,788,70,40.00,18.00,2800.00,1260.00,1540.00,'2026-05-13 20:36:54'),(40,46,40,442,151,3.00,1.00,453.00,151.00,302.00,'2026-05-13 20:36:54'),(41,47,41,773,2,240.00,185.00,480.00,370.00,110.00,'2026-05-13 20:36:54'),(42,48,42,794,32,2.00,0.75,64.00,24.00,40.00,'2026-05-13 20:36:54'),(43,49,43,442,86,3.00,1.00,258.00,86.00,172.00,'2026-05-13 20:36:54'),(44,50,44,779,8,12.00,7.50,96.00,60.00,36.00,'2026-05-13 20:36:54'),(45,51,45,777,7,42.00,22.00,294.00,154.00,140.00,'2026-05-13 20:36:54'),(46,52,46,788,23,40.00,18.00,920.00,414.00,506.00,'2026-05-13 20:36:54'),(47,53,47,794,84,2.00,0.75,168.00,63.00,105.00,'2026-05-13 20:36:54'),(48,54,48,795,81,8.00,3.00,648.00,243.00,405.00,'2026-05-13 20:36:54'),(49,55,49,775,7,38.00,24.00,266.00,168.00,98.00,'2026-05-13 20:36:54'),(50,56,50,778,1,12.00,7.50,12.00,7.50,4.50,'2026-05-13 20:36:54'),(51,57,51,796,2,150.00,95.00,300.00,190.00,110.00,'2026-05-13 20:36:54'),(52,58,52,773,7,240.00,185.00,1680.00,1295.00,385.00,'2026-05-13 20:36:54'),(53,59,53,784,8,20.00,9.00,160.00,72.00,88.00,'2026-05-13 20:36:54'),(54,60,54,789,69,65.00,28.00,4485.00,1932.00,2553.00,'2026-05-13 20:36:54'),(55,61,55,793,43,30.00,12.00,1290.00,516.00,774.00,'2026-05-13 20:36:54'),(56,62,56,779,1,12.00,7.50,12.00,7.50,4.50,'2026-05-13 20:36:54'),(57,63,57,444,68,12.00,5.00,816.00,340.00,476.00,'2026-05-13 20:36:54'),(58,64,58,797,2,145.00,90.00,290.00,180.00,110.00,'2026-05-13 20:36:54'),(59,65,59,442,67,3.00,1.00,201.00,67.00,134.00,'2026-05-13 20:36:54'),(60,66,60,797,7,145.00,90.00,1015.00,630.00,385.00,'2026-05-13 20:36:54'),(61,67,61,779,2,12.00,7.50,24.00,15.00,9.00,'2026-05-13 20:36:54'),(62,68,62,796,7,150.00,95.00,1050.00,665.00,385.00,'2026-05-13 20:36:54'),(63,69,63,442,143,3.00,1.00,429.00,143.00,286.00,'2026-05-13 20:36:54'),(64,70,64,442,36,3.00,1.00,108.00,36.00,72.00,'2026-05-13 20:36:54'),(65,71,65,774,6,225.00,175.00,1350.00,1050.00,300.00,'2026-05-13 20:36:54'),(66,72,66,779,3,12.00,7.50,36.00,22.50,13.50,'2026-05-13 20:36:54'),(67,73,67,794,172,2.00,0.75,344.00,129.00,215.00,'2026-05-13 20:36:54'),(68,74,68,779,3,12.00,7.50,36.00,22.50,13.50,'2026-05-13 20:36:54'),(69,75,69,784,5,20.00,9.00,100.00,45.00,55.00,'2026-05-13 20:36:54'),(70,76,70,444,85,12.00,5.00,1020.00,425.00,595.00,'2026-05-13 20:36:54'),(71,77,71,444,62,12.00,5.00,744.00,310.00,434.00,'2026-05-13 20:36:54'),(72,78,72,442,60,3.00,1.00,180.00,60.00,120.00,'2026-05-13 20:36:54'),(73,79,73,442,132,3.00,1.00,396.00,132.00,264.00,'2026-05-13 20:36:54'),(74,80,74,797,3,145.00,90.00,435.00,270.00,165.00,'2026-05-13 20:36:54'),(75,81,75,785,8,40.00,18.00,320.00,144.00,176.00,'2026-05-13 20:36:54'),(76,82,76,788,78,40.00,18.00,3120.00,1404.00,1716.00,'2026-05-13 20:36:54'),(77,83,77,779,2,12.00,7.50,24.00,15.00,9.00,'2026-05-13 20:36:54'),(78,84,78,784,6,20.00,9.00,120.00,54.00,66.00,'2026-05-13 20:36:54'),(79,85,79,775,6,38.00,24.00,228.00,144.00,84.00,'2026-05-13 20:36:54'),(80,86,80,785,1,40.00,18.00,40.00,18.00,22.00,'2026-05-13 20:36:54'),(81,87,81,796,7,150.00,95.00,1050.00,665.00,385.00,'2026-05-13 20:36:54'),(82,88,82,442,163,3.00,1.00,489.00,163.00,326.00,'2026-05-13 20:36:54'),(83,89,83,794,30,2.00,0.75,60.00,22.50,37.50,'2026-05-13 20:36:54'),(84,90,84,793,29,30.00,12.00,870.00,348.00,522.00,'2026-05-13 20:36:54'),(85,91,85,774,5,225.00,175.00,1125.00,875.00,250.00,'2026-05-13 20:36:54'),(86,92,86,779,1,12.00,7.50,12.00,7.50,4.50,'2026-05-13 20:36:54'),(87,93,87,779,7,12.00,7.50,84.00,52.50,31.50,'2026-05-13 20:36:54'),(88,94,88,784,8,20.00,9.00,160.00,72.00,88.00,'2026-05-13 20:36:54'),(89,95,89,775,6,38.00,24.00,228.00,144.00,84.00,'2026-05-13 20:36:54'),(90,96,90,797,7,145.00,90.00,1015.00,630.00,385.00,'2026-05-13 20:36:54'),(91,97,91,785,2,40.00,18.00,80.00,36.00,44.00,'2026-05-13 20:36:54'),(92,98,92,442,55,3.00,1.00,165.00,55.00,110.00,'2026-05-13 20:36:54'),(93,99,93,442,120,3.00,1.00,360.00,120.00,240.00,'2026-05-13 20:36:54'),(94,100,94,774,3,225.00,175.00,675.00,525.00,150.00,'2026-05-13 20:36:54'),(95,101,95,778,1,12.00,7.50,12.00,7.50,4.50,'2026-05-13 20:36:54'),(96,102,96,778,4,12.00,7.50,48.00,30.00,18.00,'2026-05-13 20:36:54'),(97,103,97,775,7,38.00,24.00,266.00,168.00,98.00,'2026-05-13 20:36:54'),(98,104,98,778,1,12.00,7.50,12.00,7.50,4.50,'2026-05-13 20:36:54'),(99,105,99,796,1,150.00,95.00,150.00,95.00,55.00,'2026-05-13 20:36:54'),(100,106,100,777,3,42.00,22.00,126.00,66.00,60.00,'2026-05-13 20:36:54'),(101,107,101,774,6,225.00,175.00,1350.00,1050.00,300.00,'2026-05-13 20:36:54'),(102,108,102,784,6,20.00,9.00,120.00,54.00,66.00,'2026-05-13 20:36:54'),(103,109,103,775,1,38.00,24.00,38.00,24.00,14.00,'2026-05-13 20:36:54'),(104,110,104,794,105,2.00,0.75,210.00,78.75,131.25,'2026-05-13 20:36:54'),(105,111,105,784,2,20.00,9.00,40.00,18.00,22.00,'2026-05-13 20:36:54'),(106,112,106,775,8,38.00,24.00,304.00,192.00,112.00,'2026-05-13 20:36:54'),(107,113,107,797,7,145.00,90.00,1015.00,630.00,385.00,'2026-05-13 20:36:54'),(108,114,108,788,54,40.00,18.00,2160.00,972.00,1188.00,'2026-05-13 20:36:54'),(109,115,109,785,2,40.00,18.00,80.00,36.00,44.00,'2026-05-13 20:36:54'),(110,116,110,777,6,42.00,22.00,252.00,132.00,120.00,'2026-05-13 20:36:54'),(111,117,111,794,74,2.00,0.75,148.00,55.50,92.50,'2026-05-13 20:36:54'),(112,118,112,773,3,240.00,185.00,720.00,555.00,165.00,'2026-05-13 20:36:54'),(113,119,113,796,5,150.00,95.00,750.00,475.00,275.00,'2026-05-13 20:36:54'),(114,120,114,444,54,12.00,5.00,648.00,270.00,378.00,'2026-05-13 20:36:54'),(115,121,115,784,5,20.00,9.00,100.00,45.00,55.00,'2026-05-13 20:36:54'),(116,122,116,794,115,2.00,0.75,230.00,86.25,143.75,'2026-05-13 20:36:54'),(117,123,117,773,8,240.00,185.00,1920.00,1480.00,440.00,'2026-05-13 20:36:54'),(118,124,118,796,7,150.00,95.00,1050.00,665.00,385.00,'2026-05-13 20:36:54'),(119,125,119,779,7,12.00,7.50,84.00,52.50,31.50,'2026-05-13 20:36:54'),(120,126,120,795,154,8.00,3.00,1232.00,462.00,770.00,'2026-05-13 20:36:54'),(121,127,121,442,86,3.00,1.00,258.00,86.00,172.00,'2026-05-13 20:36:54'),(122,128,122,789,42,65.00,28.00,2730.00,1176.00,1554.00,'2026-05-13 20:36:54'),(123,129,123,784,4,20.00,9.00,80.00,36.00,44.00,'2026-05-13 20:36:54'),(124,130,124,788,76,40.00,18.00,3040.00,1368.00,1672.00,'2026-05-13 20:36:54'),(125,131,125,796,5,150.00,95.00,750.00,475.00,275.00,'2026-05-13 20:36:54'),(126,132,126,785,6,40.00,18.00,240.00,108.00,132.00,'2026-05-13 20:36:54'),(127,133,127,778,4,12.00,7.50,48.00,30.00,18.00,'2026-05-13 20:36:54'),(128,134,128,779,7,12.00,7.50,84.00,52.50,31.50,'2026-05-13 20:36:54'),(129,135,129,442,112,3.00,1.00,336.00,112.00,224.00,'2026-05-13 20:36:54'),(130,136,130,797,5,145.00,90.00,725.00,450.00,275.00,'2026-05-13 20:36:54'),(131,137,131,442,55,3.00,1.00,165.00,55.00,110.00,'2026-05-13 20:36:54'),(132,138,132,788,76,40.00,18.00,3040.00,1368.00,1672.00,'2026-05-13 20:36:54'),(133,139,133,774,1,225.00,175.00,225.00,175.00,50.00,'2026-05-13 20:36:54'),(134,140,134,794,44,2.00,0.75,88.00,33.00,55.00,'2026-05-13 20:36:54'),(135,141,135,777,7,42.00,22.00,294.00,154.00,140.00,'2026-05-13 20:36:54'),(136,142,136,785,7,40.00,18.00,280.00,126.00,154.00,'2026-05-13 20:36:54'),(137,143,137,444,33,12.00,5.00,396.00,165.00,231.00,'2026-05-13 20:36:54'),(138,144,138,789,10,65.00,28.00,650.00,280.00,370.00,'2026-05-13 20:36:54'),(139,145,139,775,7,38.00,24.00,266.00,168.00,98.00,'2026-05-13 20:36:54'),(140,146,140,442,41,3.00,1.00,123.00,41.00,82.00,'2026-05-13 20:36:54'),(141,147,141,796,8,150.00,95.00,1200.00,760.00,440.00,'2026-05-13 20:36:54'),(142,148,142,774,7,225.00,175.00,1575.00,1225.00,350.00,'2026-05-13 20:36:54'),(143,149,143,795,79,8.00,3.00,632.00,237.00,395.00,'2026-05-13 20:36:54'),(144,150,144,785,8,40.00,18.00,320.00,144.00,176.00,'2026-05-13 20:36:54'),(145,151,145,777,1,42.00,22.00,42.00,22.00,20.00,'2026-05-13 20:36:54'),(146,152,146,442,44,3.00,1.00,132.00,44.00,88.00,'2026-05-13 20:36:54'),(147,153,147,794,147,2.00,0.75,294.00,110.25,183.75,'2026-05-13 20:36:54'),(148,154,148,773,4,240.00,185.00,960.00,740.00,220.00,'2026-05-13 20:36:54'),(149,155,149,788,5,40.00,18.00,200.00,90.00,110.00,'2026-05-13 20:36:54'),(150,156,150,793,57,30.00,12.00,1710.00,684.00,1026.00,'2026-05-13 20:36:54'),(151,157,151,773,7,240.00,185.00,1680.00,1295.00,385.00,'2026-05-13 20:36:54'),(152,158,152,793,69,30.00,12.00,2070.00,828.00,1242.00,'2026-05-13 20:36:54'),(153,159,153,778,5,12.00,7.50,60.00,37.50,22.50,'2026-05-13 20:36:54'),(154,160,154,789,51,65.00,28.00,3315.00,1428.00,1887.00,'2026-05-13 20:36:54'),(155,161,155,795,123,8.00,3.00,984.00,369.00,615.00,'2026-05-13 20:36:54'),(156,162,156,442,100,3.00,1.00,300.00,100.00,200.00,'2026-05-13 20:36:54'),(157,163,157,779,2,12.00,7.50,24.00,15.00,9.00,'2026-05-13 20:36:54'),(158,164,158,788,21,40.00,18.00,840.00,378.00,462.00,'2026-05-13 20:36:54'),(159,165,159,795,120,8.00,3.00,960.00,360.00,600.00,'2026-05-13 20:36:54'),(160,166,160,785,5,40.00,18.00,200.00,90.00,110.00,'2026-05-13 20:36:54'),(161,167,161,778,2,12.00,7.50,24.00,15.00,9.00,'2026-05-13 20:36:54'),(162,168,162,794,95,2.00,0.75,190.00,71.25,118.75,'2026-05-13 20:36:54'),(163,169,163,774,6,225.00,175.00,1350.00,1050.00,300.00,'2026-05-13 20:36:54'),(164,170,164,777,6,42.00,22.00,252.00,132.00,120.00,'2026-05-13 20:36:54'),(165,171,165,793,79,30.00,12.00,2370.00,948.00,1422.00,'2026-05-13 20:36:54'),(166,172,166,778,2,12.00,7.50,24.00,15.00,9.00,'2026-05-13 20:36:54'),(167,173,167,773,1,240.00,185.00,240.00,185.00,55.00,'2026-05-13 20:36:54'),(168,174,168,793,16,30.00,12.00,480.00,192.00,288.00,'2026-05-13 20:36:54'),(169,175,169,773,7,240.00,185.00,1680.00,1295.00,385.00,'2026-05-13 20:36:54'),(170,176,170,777,2,42.00,22.00,84.00,44.00,40.00,'2026-05-13 20:36:54'),(171,177,171,795,92,8.00,3.00,736.00,276.00,460.00,'2026-05-13 20:36:54'),(172,178,172,788,52,40.00,18.00,2080.00,936.00,1144.00,'2026-05-13 20:36:54'),(173,179,173,793,72,30.00,12.00,2160.00,864.00,1296.00,'2026-05-13 20:36:54'),(174,180,174,784,1,20.00,9.00,20.00,9.00,11.00,'2026-05-13 20:36:54'),(175,181,175,784,7,20.00,9.00,140.00,63.00,77.00,'2026-05-13 20:36:54'),(176,182,176,797,3,145.00,90.00,435.00,270.00,165.00,'2026-05-13 20:36:54'),(177,183,177,775,8,38.00,24.00,304.00,192.00,112.00,'2026-05-13 20:36:54'),(178,184,178,797,5,145.00,90.00,725.00,450.00,275.00,'2026-05-13 20:36:54'),(179,185,179,442,159,3.00,1.00,477.00,159.00,318.00,'2026-05-13 20:36:54'),(180,186,180,795,172,8.00,3.00,1376.00,516.00,860.00,'2026-05-13 20:36:54'),(181,187,181,777,4,42.00,22.00,168.00,88.00,80.00,'2026-05-13 20:36:54'),(182,188,182,797,3,145.00,90.00,435.00,270.00,165.00,'2026-05-13 20:36:54'),(183,189,183,796,7,150.00,95.00,1050.00,665.00,385.00,'2026-05-13 20:36:54'),(184,190,184,778,3,12.00,7.50,36.00,22.50,13.50,'2026-05-13 20:36:54'),(185,191,185,774,4,225.00,175.00,900.00,700.00,200.00,'2026-05-13 20:36:54'),(186,192,186,796,8,150.00,95.00,1200.00,760.00,440.00,'2026-05-13 20:36:54'),(187,193,187,444,11,12.00,5.00,132.00,55.00,77.00,'2026-05-13 20:36:54'),(188,194,188,788,56,40.00,18.00,2240.00,1008.00,1232.00,'2026-05-13 20:36:54'),(189,195,189,777,4,42.00,22.00,168.00,88.00,80.00,'2026-05-13 20:36:54'),(190,196,190,778,4,12.00,7.50,48.00,30.00,18.00,'2026-05-13 20:36:54'),(191,197,191,788,16,40.00,18.00,640.00,288.00,352.00,'2026-05-13 20:36:54'),(192,198,192,777,2,42.00,22.00,84.00,44.00,40.00,'2026-05-13 20:36:54'),(193,199,193,789,85,65.00,28.00,5525.00,2380.00,3145.00,'2026-05-13 20:36:54'),(194,200,194,797,6,145.00,90.00,870.00,540.00,330.00,'2026-05-13 20:36:54'),(195,201,195,785,1,40.00,18.00,40.00,18.00,22.00,'2026-05-13 20:36:54'),(196,202,196,793,50,30.00,12.00,1500.00,600.00,900.00,'2026-05-13 20:36:54'),(197,203,197,444,31,12.00,5.00,372.00,155.00,217.00,'2026-05-13 20:36:54'),(198,204,198,774,4,225.00,175.00,900.00,700.00,200.00,'2026-05-13 20:36:54'),(199,205,199,795,131,8.00,3.00,1048.00,393.00,655.00,'2026-05-13 20:36:54'),(200,206,200,784,8,20.00,9.00,160.00,72.00,88.00,'2026-05-13 20:36:54'),(201,207,201,785,4,40.00,18.00,160.00,72.00,88.00,'2026-05-13 20:36:54'),(202,208,202,794,109,2.00,0.75,218.00,81.75,136.25,'2026-05-13 20:36:54'),(203,209,203,797,5,145.00,90.00,725.00,450.00,275.00,'2026-05-13 20:36:54'),(204,210,204,773,6,240.00,185.00,1440.00,1110.00,330.00,'2026-05-13 20:36:54'),(205,211,205,793,82,30.00,12.00,2460.00,984.00,1476.00,'2026-05-13 20:36:54'),(206,212,206,797,7,145.00,90.00,1015.00,630.00,385.00,'2026-05-13 20:36:54'),(207,213,207,788,74,40.00,18.00,2960.00,1332.00,1628.00,'2026-05-13 20:36:54'),(208,214,208,778,4,12.00,7.50,48.00,30.00,18.00,'2026-05-13 20:36:54'),(209,215,209,784,1,20.00,9.00,20.00,9.00,11.00,'2026-05-13 20:36:54'),(210,216,210,795,57,8.00,3.00,456.00,171.00,285.00,'2026-05-13 20:36:54'),(211,217,211,796,7,150.00,95.00,1050.00,665.00,385.00,'2026-05-13 20:36:54'),(212,218,212,775,2,38.00,24.00,76.00,48.00,28.00,'2026-05-13 20:36:54'),(213,219,213,796,8,150.00,95.00,1200.00,760.00,440.00,'2026-05-13 20:36:54'),(214,220,214,773,4,240.00,185.00,960.00,740.00,220.00,'2026-05-13 20:36:54'),(215,221,215,775,2,38.00,24.00,76.00,48.00,28.00,'2026-05-13 20:36:54'),(216,222,216,785,6,40.00,18.00,240.00,108.00,132.00,'2026-05-13 20:36:54'),(217,223,217,795,124,8.00,3.00,992.00,372.00,620.00,'2026-05-13 20:36:54'),(218,224,218,444,75,12.00,5.00,900.00,375.00,525.00,'2026-05-13 20:36:54'),(219,225,219,789,39,65.00,28.00,2535.00,1092.00,1443.00,'2026-05-13 20:36:54'),(220,226,220,797,1,145.00,90.00,145.00,90.00,55.00,'2026-05-13 20:36:54'),(221,227,221,444,68,12.00,5.00,816.00,340.00,476.00,'2026-05-13 20:36:54'),(222,228,222,795,136,8.00,3.00,1088.00,408.00,680.00,'2026-05-13 20:36:54'),(223,229,223,778,3,12.00,7.50,36.00,22.50,13.50,'2026-05-13 20:36:54'),(224,230,224,777,2,42.00,22.00,84.00,44.00,40.00,'2026-05-13 20:36:54'),(225,231,225,794,61,2.00,0.75,122.00,45.75,76.25,'2026-05-13 20:36:54'),(226,232,226,795,176,8.00,3.00,1408.00,528.00,880.00,'2026-05-13 20:36:54'),(227,233,227,784,2,20.00,9.00,40.00,18.00,22.00,'2026-05-13 20:36:54'),(228,234,228,775,5,38.00,24.00,190.00,120.00,70.00,'2026-05-13 20:36:54'),(229,235,229,778,2,12.00,7.50,24.00,15.00,9.00,'2026-05-13 20:36:54'),(230,236,230,785,4,40.00,18.00,160.00,72.00,88.00,'2026-05-13 20:36:54'),(231,237,231,444,52,12.00,5.00,624.00,260.00,364.00,'2026-05-13 20:36:54'),(232,238,232,795,79,8.00,3.00,632.00,237.00,395.00,'2026-05-13 20:36:54'),(233,239,233,796,7,150.00,95.00,1050.00,665.00,385.00,'2026-05-13 20:36:54'),(234,240,234,779,6,12.00,7.50,72.00,45.00,27.00,'2026-05-13 20:36:54'),(235,241,235,775,7,38.00,24.00,266.00,168.00,98.00,'2026-05-13 20:36:54'),(236,242,236,795,126,8.00,3.00,1008.00,378.00,630.00,'2026-05-13 20:36:54'),(237,243,237,793,59,30.00,12.00,1770.00,708.00,1062.00,'2026-05-13 20:36:54'),(238,244,238,779,3,12.00,7.50,36.00,22.50,13.50,'2026-05-13 20:36:54'),(239,245,239,442,149,3.00,1.00,447.00,149.00,298.00,'2026-05-13 20:36:54'),(240,246,240,442,106,3.00,1.00,318.00,106.00,212.00,'2026-05-13 20:36:54'),(241,247,241,779,1,12.00,7.50,12.00,7.50,4.50,'2026-05-13 20:36:54'),(242,248,242,785,6,40.00,18.00,240.00,108.00,132.00,'2026-05-13 20:36:54'),(243,249,243,788,69,40.00,18.00,2760.00,1242.00,1518.00,'2026-05-13 20:36:54'),(244,250,244,793,80,30.00,12.00,2400.00,960.00,1440.00,'2026-05-13 20:36:54'),(245,251,245,797,3,145.00,90.00,435.00,270.00,165.00,'2026-05-13 20:36:54'),(246,252,246,777,6,42.00,22.00,252.00,132.00,120.00,'2026-05-13 20:36:54'),(247,253,247,788,63,40.00,18.00,2520.00,1134.00,1386.00,'2026-05-13 20:36:54'),(248,254,248,794,100,2.00,0.75,200.00,75.00,125.00,'2026-05-13 20:36:54'),(249,255,249,796,3,150.00,95.00,450.00,285.00,165.00,'2026-05-13 20:36:54'),(250,256,250,794,91,2.00,0.75,182.00,68.25,113.75,'2026-05-13 20:36:54'),(251,257,251,797,4,145.00,90.00,580.00,360.00,220.00,'2026-05-13 20:36:54'),(252,258,252,775,8,38.00,24.00,304.00,192.00,112.00,'2026-05-13 20:36:54'),(253,259,253,795,71,8.00,3.00,568.00,213.00,355.00,'2026-05-13 20:36:54'),(254,260,254,775,5,38.00,24.00,190.00,120.00,70.00,'2026-05-13 20:36:54'),(255,261,255,784,2,20.00,9.00,40.00,18.00,22.00,'2026-05-13 20:36:54'),(256,262,256,442,154,3.00,1.00,462.00,154.00,308.00,'2026-05-13 20:36:54'),(257,263,257,442,49,3.00,1.00,147.00,49.00,98.00,'2026-05-13 20:36:54'),(258,264,258,779,5,12.00,7.50,60.00,37.50,22.50,'2026-05-13 20:36:54'),(259,265,259,444,70,12.00,5.00,840.00,350.00,490.00,'2026-05-13 20:36:54'),(260,266,260,793,59,30.00,12.00,1770.00,708.00,1062.00,'2026-05-13 20:36:54'),(261,267,261,784,5,20.00,9.00,100.00,45.00,55.00,'2026-05-13 20:36:54'),(262,268,262,777,2,42.00,22.00,84.00,44.00,40.00,'2026-05-13 20:36:54'),(263,269,263,785,7,40.00,18.00,280.00,126.00,154.00,'2026-05-13 20:36:54'),(264,270,264,789,77,65.00,28.00,5005.00,2156.00,2849.00,'2026-05-13 20:36:54'),(265,271,265,788,13,40.00,18.00,520.00,234.00,286.00,'2026-05-13 20:36:54'),(266,272,266,775,7,38.00,24.00,266.00,168.00,98.00,'2026-05-13 20:36:54'),(267,273,267,793,73,30.00,12.00,2190.00,876.00,1314.00,'2026-05-13 20:36:54'),(268,274,268,795,172,8.00,3.00,1376.00,516.00,860.00,'2026-05-13 20:36:54'),(269,275,269,773,5,240.00,185.00,1200.00,925.00,275.00,'2026-05-13 20:36:54'),(270,276,270,444,86,12.00,5.00,1032.00,430.00,602.00,'2026-05-13 20:36:54'),(271,277,271,778,1,12.00,7.50,12.00,7.50,4.50,'2026-05-13 20:36:54'),(272,278,272,777,8,42.00,22.00,336.00,176.00,160.00,'2026-05-13 20:36:54'),(273,279,273,797,1,145.00,90.00,145.00,90.00,55.00,'2026-05-13 20:36:54'),(274,280,274,795,39,8.00,3.00,312.00,117.00,195.00,'2026-05-13 20:36:54'),(275,281,275,785,1,40.00,18.00,40.00,18.00,22.00,'2026-05-13 20:36:54'),(276,282,276,773,3,240.00,185.00,720.00,555.00,165.00,'2026-05-13 20:36:54'),(277,283,277,794,154,2.00,0.75,308.00,115.50,192.50,'2026-05-13 20:36:54'),(278,284,278,795,93,8.00,3.00,744.00,279.00,465.00,'2026-05-13 20:36:54'),(279,285,279,778,8,12.00,7.50,96.00,60.00,36.00,'2026-05-13 20:36:54'),(280,286,280,444,69,12.00,5.00,828.00,345.00,483.00,'2026-05-13 20:36:54'),(281,287,281,779,2,12.00,7.50,24.00,15.00,9.00,'2026-05-13 20:36:54'),(282,288,282,775,3,38.00,24.00,114.00,72.00,42.00,'2026-05-13 20:36:54'),(283,289,283,793,25,30.00,12.00,750.00,300.00,450.00,'2026-05-13 20:36:55'),(284,290,284,444,61,12.00,5.00,732.00,305.00,427.00,'2026-05-13 20:36:55'),(285,291,285,794,167,2.00,0.75,334.00,125.25,208.75,'2026-05-13 20:36:55'),(286,292,286,784,1,20.00,9.00,20.00,9.00,11.00,'2026-05-13 20:36:55'),(287,293,287,773,1,240.00,185.00,240.00,185.00,55.00,'2026-05-13 20:36:55'),(288,294,288,797,6,145.00,90.00,870.00,540.00,330.00,'2026-05-13 20:36:55'),(289,295,289,794,22,2.00,0.75,44.00,16.50,27.50,'2026-05-13 20:36:55'),(290,296,290,442,96,3.00,1.00,288.00,96.00,192.00,'2026-05-13 20:36:55'),(291,297,291,773,8,240.00,185.00,1920.00,1480.00,440.00,'2026-05-13 20:36:55'),(292,298,292,773,3,240.00,185.00,720.00,555.00,165.00,'2026-05-13 20:36:55'),(293,299,293,785,2,40.00,18.00,80.00,36.00,44.00,'2026-05-13 20:36:55'),(294,300,294,775,7,38.00,24.00,266.00,168.00,98.00,'2026-05-13 20:36:55'),(295,301,295,773,6,240.00,185.00,1440.00,1110.00,330.00,'2026-05-13 20:36:55'),(296,302,296,794,161,2.00,0.75,322.00,120.75,201.25,'2026-05-13 20:36:55'),(297,303,297,789,37,65.00,28.00,2405.00,1036.00,1369.00,'2026-05-13 20:36:55'),(298,304,298,794,116,2.00,0.75,232.00,87.00,145.00,'2026-05-13 20:36:55'),(299,305,299,793,68,30.00,12.00,2040.00,816.00,1224.00,'2026-05-13 20:36:55'),(300,306,300,779,3,12.00,7.50,36.00,22.50,13.50,'2026-05-13 20:36:55'),(301,307,301,789,8,65.00,28.00,520.00,224.00,296.00,'2026-05-13 20:36:55'),(302,308,302,784,8,20.00,9.00,160.00,72.00,88.00,'2026-05-13 20:36:55'),(303,309,303,777,3,42.00,22.00,126.00,66.00,60.00,'2026-05-13 20:36:55'),(304,310,304,773,8,240.00,185.00,1920.00,1480.00,440.00,'2026-05-13 20:36:55'),(305,311,305,794,154,2.00,0.75,308.00,115.50,192.50,'2026-05-13 20:36:55'),(306,312,306,774,4,225.00,175.00,900.00,700.00,200.00,'2026-05-13 20:36:55'),(307,313,307,442,176,3.00,1.00,528.00,176.00,352.00,'2026-05-13 20:36:55'),(308,314,308,795,54,8.00,3.00,432.00,162.00,270.00,'2026-05-13 20:36:55'),(309,315,309,779,7,12.00,7.50,84.00,52.50,31.50,'2026-05-13 20:36:55'),(310,316,310,774,8,225.00,175.00,1800.00,1400.00,400.00,'2026-05-13 20:36:55'),(311,317,311,785,2,40.00,18.00,80.00,36.00,44.00,'2026-05-13 20:36:55'),(312,318,312,442,84,3.00,1.00,252.00,84.00,168.00,'2026-05-13 20:36:55'),(313,319,313,442,114,3.00,1.00,342.00,114.00,228.00,'2026-05-13 20:36:55'),(314,320,314,775,3,38.00,24.00,114.00,72.00,42.00,'2026-05-13 20:36:55'),(315,321,315,797,1,145.00,90.00,145.00,90.00,55.00,'2026-05-13 20:36:55'),(316,1,316,773,1,240.00,185.00,240.00,185.00,55.00,'2026-05-14 04:28:25'),(317,1,317,777,1,42.00,22.00,42.00,22.00,20.00,'2026-05-14 04:28:25'),(318,1,318,828,1,65.00,35.00,65.00,35.00,30.00,'2026-05-14 04:28:25'),(319,1,319,858,1,160.00,95.00,160.00,95.00,65.00,'2026-05-14 04:28:25'),(320,2,320,778,1,12.00,7.50,12.00,7.50,4.50,'2026-05-14 06:52:22'),(321,2,321,858,1,160.00,95.00,160.00,95.00,65.00,'2026-05-14 06:52:22'),(322,3,322,858,1,160.00,95.00,160.00,95.00,65.00,'2026-05-14 07:09:53'),(323,4,323,782,1,9.00,4.50,9.00,4.50,4.50,'2026-05-14 07:10:39'),(324,5,324,828,1,65.00,35.00,65.00,35.00,30.00,'2026-05-14 13:02:05'),(325,5,325,858,1,160.00,95.00,160.00,95.00,65.00,'2026-05-14 13:02:05'),(326,6,326,777,1,42.00,22.00,42.00,22.00,20.00,'2026-05-14 13:08:15'),(327,6,327,778,1,12.00,7.50,12.00,7.50,4.50,'2026-05-14 13:08:15'),(328,6,328,779,1,12.00,7.50,12.00,7.50,4.50,'2026-05-14 13:08:15'),(329,6,329,782,1,9.00,4.50,9.00,4.50,4.50,'2026-05-14 13:08:15'),(330,6,330,816,1,5.00,2.00,5.00,2.00,3.00,'2026-05-14 13:08:15'),(331,6,331,828,1,65.00,35.00,65.00,35.00,30.00,'2026-05-14 13:08:15'),(512,512,332,442,2,2.00,1.00,4.00,2.00,2.00,'2026-05-14 14:43:03'),(513,513,333,442,1,2.00,1.00,2.00,1.00,1.00,'2026-05-14 14:43:51'),(514,514,334,816,1,5.00,2.00,5.00,2.00,3.00,'2026-05-14 14:52:55'),(515,514,335,837,1,15.00,7.00,15.00,7.00,8.00,'2026-05-14 14:52:55'),(516,515,336,778,1,12.00,7.50,12.00,7.50,4.50,'2026-05-14 14:55:04'),(517,515,337,779,1,12.00,7.50,12.00,7.50,4.50,'2026-05-14 14:55:04'),(518,516,338,802,3,1.00,0.50,3.00,1.50,1.50,'2026-05-14 14:58:40'),(519,516,339,442,2,2.00,1.00,4.00,2.00,2.00,'2026-05-14 14:58:40'),(520,517,340,802,3,1.00,0.50,3.00,1.50,1.50,'2026-05-14 14:59:06'),(521,517,341,442,2,2.00,1.00,4.00,2.00,2.00,'2026-05-14 14:59:06');
/*!40000 ALTER TABLE `sale_items` ENABLE KEYS */;
UNLOCK TABLES;

--
-- Table structure for table `sale_payments`
--

DROP TABLE IF EXISTS `sale_payments`;
/*!40101 SET @saved_cs_client     = @@character_set_client */;
/*!50503 SET character_set_client = utf8mb4 */;
CREATE TABLE `sale_payments` (
  `id` int NOT NULL AUTO_INCREMENT,
  `sale_header_id` int NOT NULL,
  `payment_date` datetime NOT NULL DEFAULT CURRENT_TIMESTAMP,
  `amount` decimal(12,2) NOT NULL DEFAULT '0.00',
  `method` varchar(40) NOT NULL DEFAULT 'cash',
  `reference_no` varchar(100) DEFAULT NULL,
  `received_by` int DEFAULT NULL,
  `created_at` timestamp NULL DEFAULT CURRENT_TIMESTAMP,
  PRIMARY KEY (`id`),
  KEY `idx_sale_payments_header` (`sale_header_id`),
  KEY `idx_sale_payments_date` (`payment_date`),
  KEY `idx_sale_payments_received_by` (`received_by`),
  CONSTRAINT `fk_sale_payments_header` FOREIGN KEY (`sale_header_id`) REFERENCES `sale_headers` (`id`) ON DELETE CASCADE,
  CONSTRAINT `fk_sale_payments_received_by` FOREIGN KEY (`received_by`) REFERENCES `users` (`id`) ON DELETE SET NULL
) ENGINE=InnoDB AUTO_INCREMENT=518 DEFAULT CHARSET=utf8mb4 COLLATE=utf8mb4_0900_ai_ci;
/*!40101 SET character_set_client = @saved_cs_client */;

--
-- Dumping data for table `sale_payments`
--

LOCK TABLES `sale_payments` WRITE;
/*!40000 ALTER TABLE `sale_payments` DISABLE KEYS */;
INSERT INTO `sale_payments` VALUES (1,1,'2026-05-14 04:28:25',507.00,'cash','0000-0005',1,'2026-05-14 04:28:25'),(2,2,'2026-05-14 06:52:22',172.00,'cash','0000-0011',1,'2026-05-14 06:52:22'),(3,3,'2026-05-14 07:09:53',160.00,'cash','0000-0014',1,'2026-05-14 07:09:53'),(4,4,'2026-05-14 07:10:39',9.00,'cash','0000-0016',1,'2026-05-14 07:10:39'),(5,5,'2026-05-14 13:02:05',225.00,'cash','0000-0021',1,'2026-05-14 13:02:05'),(6,6,'2026-05-14 13:08:15',145.00,'cash','0000-0022',1,'2026-05-14 13:08:15'),(7,7,'2026-05-10 09:30:00',315.00,'cash','DEMO-S004',NULL,'2026-05-13 15:11:58'),(8,8,'2026-05-13 09:30:00',120.00,'cash','DEMO-S007',NULL,'2026-05-13 15:11:58'),(9,9,'2026-03-30 16:29:00',1680.00,'cash','SEED-OR-20260330-001',2,'2026-05-13 20:36:54'),(10,10,'2026-03-30 08:50:00',280.00,'cash','SEED-OR-20260330-002',1,'2026-05-13 20:36:54'),(11,11,'2026-03-30 15:42:00',1360.00,'cash','SEED-OR-20260330-003',2,'2026-05-13 20:36:54'),(12,12,'2026-03-30 10:50:00',24.00,'cash','SEED-OR-20260330-004',2,'2026-05-13 20:36:54'),(13,13,'2026-03-30 15:58:00',1680.00,'cash','SEED-OR-20260330-005',2,'2026-05-13 20:36:54'),(14,14,'2026-03-30 15:43:00',1125.00,'cash','SEED-OR-20260330-006',1,'2026-05-13 20:36:54'),(15,15,'2026-03-30 14:43:00',2430.00,'cash','SEED-OR-20260330-007',1,'2026-05-13 20:36:54'),(16,16,'2026-03-30 14:45:00',42.00,'cash','SEED-OR-20260330-008',2,'2026-05-13 20:36:54'),(17,17,'2026-03-30 12:34:00',1625.00,'cash','SEED-OR-20260330-009',1,'2026-05-13 20:36:54'),(18,18,'2026-03-31 12:21:00',408.00,'cash','SEED-OR-20260331-001',1,'2026-05-13 20:36:54'),(19,19,'2026-03-31 10:05:00',468.00,'cash','SEED-OR-20260331-002',2,'2026-05-13 20:36:54'),(20,20,'2026-03-31 15:09:00',1680.00,'cash','SEED-OR-20260331-003',2,'2026-05-13 20:36:54'),(21,21,'2026-03-31 09:02:00',126.00,'cash','SEED-OR-20260331-004',2,'2026-05-13 20:36:54'),(22,22,'2026-03-31 15:52:00',168.00,'cash','SEED-OR-20260331-005',2,'2026-05-13 20:36:54'),(23,23,'2026-03-31 11:16:00',750.00,'cash','SEED-OR-20260331-006',1,'2026-05-13 20:36:54'),(24,24,'2026-03-31 16:41:00',1160.00,'cash','SEED-OR-20260331-007',1,'2026-05-13 20:36:54'),(25,25,'2026-04-01 08:07:00',36.00,'cash','SEED-OR-20260401-001',1,'2026-05-13 20:36:54'),(26,26,'2026-04-01 16:28:00',216.00,'cash','SEED-OR-20260401-002',2,'2026-05-13 20:36:54'),(27,27,'2026-04-01 14:18:00',210.00,'cash','SEED-OR-20260401-003',2,'2026-05-13 20:36:54'),(28,28,'2026-04-01 11:12:00',60.00,'cash','SEED-OR-20260401-004',2,'2026-05-13 20:36:54'),(29,29,'2026-04-01 11:39:00',324.00,'cash','SEED-OR-20260401-005',1,'2026-05-13 20:36:54'),(30,30,'2026-04-01 14:53:00',1050.00,'cash','SEED-OR-20260401-006',2,'2026-05-13 20:36:54'),(31,31,'2026-04-01 15:22:00',141.00,'cash','SEED-OR-20260401-007',1,'2026-05-13 20:36:54'),(32,32,'2026-04-02 11:11:00',294.00,'cash','SEED-OR-20260402-001',2,'2026-05-13 20:36:54'),(33,33,'2026-04-02 14:53:00',1200.00,'cash','SEED-OR-20260402-002',1,'2026-05-13 20:36:54'),(34,34,'2026-04-02 11:44:00',1560.00,'cash','SEED-OR-20260402-003',1,'2026-05-13 20:36:54'),(35,35,'2026-04-02 16:45:00',40.00,'cash','SEED-OR-20260402-004',1,'2026-05-13 20:36:54'),(36,36,'2026-04-02 14:40:00',5720.00,'cash','SEED-OR-20260402-005',2,'2026-05-13 20:36:54'),(37,37,'2026-04-02 08:48:00',88.00,'cash','SEED-OR-20260402-006',2,'2026-05-13 20:36:54'),(38,38,'2026-04-02 13:56:00',752.00,'cash','SEED-OR-20260402-007',1,'2026-05-13 20:36:54'),(39,39,'2026-04-02 09:32:00',1430.00,'cash','SEED-OR-20260402-008',2,'2026-05-13 20:36:54'),(40,40,'2026-04-02 09:02:00',321.00,'cash','SEED-OR-20260402-009',2,'2026-05-13 20:36:54'),(41,41,'2026-04-03 12:50:00',480.00,'cash','SEED-OR-20260403-001',2,'2026-05-13 20:36:54'),(42,42,'2026-04-03 08:56:00',60.00,'cash','SEED-OR-20260403-002',1,'2026-05-13 20:36:54'),(43,43,'2026-04-03 16:14:00',12.00,'cash','SEED-OR-20260403-003',2,'2026-05-13 20:36:54'),(44,44,'2026-04-03 15:22:00',168.00,'cash','SEED-OR-20260403-004',1,'2026-05-13 20:36:54'),(45,45,'2026-04-03 15:48:00',2800.00,'cash','SEED-OR-20260403-005',1,'2026-05-13 20:36:54'),(46,46,'2026-04-03 16:42:00',453.00,'cash','SEED-OR-20260403-006',2,'2026-05-13 20:36:54'),(47,47,'2026-04-03 13:48:00',480.00,'cash','SEED-OR-20260403-007',1,'2026-05-13 20:36:54'),(48,48,'2026-04-03 12:19:00',64.00,'cash','SEED-OR-20260403-008',1,'2026-05-13 20:36:54'),(49,49,'2026-04-04 15:57:00',258.00,'cash','SEED-OR-20260404-001',2,'2026-05-13 20:36:54'),(50,50,'2026-04-04 16:25:00',96.00,'cash','SEED-OR-20260404-002',2,'2026-05-13 20:36:54'),(51,51,'2026-04-04 08:29:00',294.00,'cash','SEED-OR-20260404-003',1,'2026-05-13 20:36:54'),(52,52,'2026-04-04 12:26:00',920.00,'cash','SEED-OR-20260404-004',1,'2026-05-13 20:36:54'),(53,53,'2026-04-04 08:02:00',168.00,'cash','SEED-OR-20260404-005',1,'2026-05-13 20:36:54'),(54,54,'2026-04-05 08:29:00',648.00,'cash','SEED-OR-20260405-001',1,'2026-05-13 20:36:54'),(55,55,'2026-04-05 09:46:00',266.00,'cash','SEED-OR-20260405-002',2,'2026-05-13 20:36:54'),(56,56,'2026-04-05 11:32:00',12.00,'cash','SEED-OR-20260405-003',1,'2026-05-13 20:36:54'),(57,57,'2026-04-05 16:25:00',300.00,'cash','SEED-OR-20260405-004',2,'2026-05-13 20:36:54'),(58,58,'2026-04-05 13:45:00',1680.00,'cash','SEED-OR-20260405-005',2,'2026-05-13 20:36:54'),(59,59,'2026-04-06 10:30:00',160.00,'cash','SEED-OR-20260406-001',2,'2026-05-13 20:36:54'),(60,60,'2026-04-06 08:57:00',4485.00,'cash','SEED-OR-20260406-002',1,'2026-05-13 20:36:54'),(61,61,'2026-04-06 16:22:00',1290.00,'cash','SEED-OR-20260406-003',2,'2026-05-13 20:36:54'),(62,62,'2026-04-06 15:39:00',12.00,'cash','SEED-OR-20260406-004',1,'2026-05-13 20:36:54'),(63,63,'2026-04-06 09:20:00',816.00,'cash','SEED-OR-20260406-005',2,'2026-05-13 20:36:54'),(64,64,'2026-04-07 16:18:00',290.00,'cash','SEED-OR-20260407-001',1,'2026-05-13 20:36:54'),(65,65,'2026-04-07 14:19:00',201.00,'cash','SEED-OR-20260407-002',2,'2026-05-13 20:36:54'),(66,66,'2026-04-07 16:10:00',1015.00,'cash','SEED-OR-20260407-003',2,'2026-05-13 20:36:54'),(67,67,'2026-04-07 13:10:00',24.00,'cash','SEED-OR-20260407-004',2,'2026-05-13 20:36:54'),(68,68,'2026-04-07 16:07:00',1050.00,'cash','SEED-OR-20260407-005',1,'2026-05-13 20:36:54'),(69,69,'2026-04-07 12:08:00',429.00,'cash','SEED-OR-20260407-006',1,'2026-05-13 20:36:54'),(70,70,'2026-04-07 11:08:00',108.00,'cash','SEED-OR-20260407-007',2,'2026-05-13 20:36:54'),(71,71,'2026-04-08 16:17:00',1350.00,'cash','SEED-OR-20260408-001',2,'2026-05-13 20:36:54'),(72,72,'2026-04-08 10:44:00',36.00,'cash','SEED-OR-20260408-002',2,'2026-05-13 20:36:54'),(73,73,'2026-04-08 13:21:00',344.00,'cash','SEED-OR-20260408-003',1,'2026-05-13 20:36:54'),(74,74,'2026-04-08 13:21:00',36.00,'cash','SEED-OR-20260408-004',1,'2026-05-13 20:36:54'),(75,75,'2026-04-08 15:31:00',100.00,'cash','SEED-OR-20260408-005',1,'2026-05-13 20:36:54'),(76,76,'2026-04-09 13:36:00',1020.00,'cash','SEED-OR-20260409-001',2,'2026-05-13 20:36:54'),(77,77,'2026-04-09 11:26:00',744.00,'cash','SEED-OR-20260409-002',1,'2026-05-13 20:36:54'),(78,78,'2026-04-09 16:15:00',180.00,'cash','SEED-OR-20260409-003',2,'2026-05-13 20:36:54'),(79,79,'2026-04-09 15:27:00',396.00,'cash','SEED-OR-20260409-004',2,'2026-05-13 20:36:54'),(80,80,'2026-04-09 13:04:00',435.00,'cash','SEED-OR-20260409-005',1,'2026-05-13 20:36:54'),(81,81,'2026-04-09 12:17:00',320.00,'cash','SEED-OR-20260409-006',1,'2026-05-13 20:36:54'),(82,82,'2026-04-10 16:44:00',3120.00,'cash','SEED-OR-20260410-001',2,'2026-05-13 20:36:54'),(83,83,'2026-04-10 16:18:00',24.00,'cash','SEED-OR-20260410-002',2,'2026-05-13 20:36:54'),(84,84,'2026-04-10 09:14:00',120.00,'cash','SEED-OR-20260410-003',1,'2026-05-13 20:36:54'),(85,85,'2026-04-10 10:05:00',228.00,'cash','SEED-OR-20260410-004',1,'2026-05-13 20:36:54'),(86,86,'2026-04-11 15:00:00',40.00,'cash','SEED-OR-20260411-001',2,'2026-05-13 20:36:54'),(87,87,'2026-04-11 09:15:00',1050.00,'cash','SEED-OR-20260411-002',1,'2026-05-13 20:36:54'),(88,88,'2026-04-11 13:55:00',489.00,'cash','SEED-OR-20260411-003',2,'2026-05-13 20:36:54'),(89,89,'2026-04-11 12:19:00',60.00,'cash','SEED-OR-20260411-004',1,'2026-05-13 20:36:54'),(90,90,'2026-04-11 15:52:00',870.00,'cash','SEED-OR-20260411-005',1,'2026-05-13 20:36:54'),(91,91,'2026-04-11 14:47:00',1125.00,'cash','SEED-OR-20260411-006',2,'2026-05-13 20:36:54'),(92,92,'2026-04-11 12:39:00',12.00,'cash','SEED-OR-20260411-007',1,'2026-05-13 20:36:54'),(93,93,'2026-04-11 16:58:00',84.00,'cash','SEED-OR-20260411-008',2,'2026-05-13 20:36:54'),(94,94,'2026-04-12 14:52:00',160.00,'cash','SEED-OR-20260412-001',1,'2026-05-13 20:36:54'),(95,95,'2026-04-12 08:40:00',228.00,'cash','SEED-OR-20260412-002',1,'2026-05-13 20:36:54'),(96,96,'2026-04-12 15:56:00',1015.00,'cash','SEED-OR-20260412-003',1,'2026-05-13 20:36:54'),(97,97,'2026-04-12 10:55:00',80.00,'cash','SEED-OR-20260412-004',1,'2026-05-13 20:36:54'),(98,98,'2026-04-12 13:31:00',165.00,'cash','SEED-OR-20260412-005',1,'2026-05-13 20:36:54'),(99,99,'2026-04-13 08:55:00',360.00,'cash','SEED-OR-20260413-001',1,'2026-05-13 20:36:54'),(100,100,'2026-04-13 09:03:00',675.00,'cash','SEED-OR-20260413-002',1,'2026-05-13 20:36:54'),(101,101,'2026-04-13 15:12:00',12.00,'cash','SEED-OR-20260413-003',1,'2026-05-13 20:36:54'),(102,102,'2026-04-13 16:41:00',48.00,'cash','SEED-OR-20260413-004',1,'2026-05-13 20:36:54'),(103,103,'2026-04-13 16:13:00',266.00,'cash','SEED-OR-20260413-005',1,'2026-05-13 20:36:54'),(104,104,'2026-04-14 09:02:00',12.00,'cash','SEED-OR-20260414-001',1,'2026-05-13 20:36:54'),(105,105,'2026-04-14 12:28:00',150.00,'cash','SEED-OR-20260414-002',1,'2026-05-13 20:36:54'),(106,106,'2026-04-14 13:32:00',126.00,'cash','SEED-OR-20260414-003',2,'2026-05-13 20:36:54'),(107,107,'2026-04-14 11:50:00',1350.00,'cash','SEED-OR-20260414-004',1,'2026-05-13 20:36:54'),(108,108,'2026-04-14 15:42:00',120.00,'cash','SEED-OR-20260414-005',2,'2026-05-13 20:36:54'),(109,109,'2026-04-14 15:03:00',38.00,'cash','SEED-OR-20260414-006',2,'2026-05-13 20:36:54'),(110,110,'2026-04-14 11:12:00',210.00,'cash','SEED-OR-20260414-007',1,'2026-05-13 20:36:54'),(111,111,'2026-04-15 10:12:00',40.00,'cash','SEED-OR-20260415-001',1,'2026-05-13 20:36:54'),(112,112,'2026-04-15 11:47:00',304.00,'cash','SEED-OR-20260415-002',2,'2026-05-13 20:36:54'),(113,113,'2026-04-15 09:58:00',1015.00,'cash','SEED-OR-20260415-003',2,'2026-05-13 20:36:54'),(114,114,'2026-04-15 15:30:00',2160.00,'cash','SEED-OR-20260415-004',1,'2026-05-13 20:36:54'),(115,115,'2026-04-15 15:09:00',80.00,'cash','SEED-OR-20260415-005',2,'2026-05-13 20:36:54'),(116,116,'2026-04-15 16:53:00',252.00,'cash','SEED-OR-20260415-006',1,'2026-05-13 20:36:54'),(117,117,'2026-04-15 10:02:00',148.00,'cash','SEED-OR-20260415-007',1,'2026-05-13 20:36:54'),(118,118,'2026-04-15 14:54:00',720.00,'cash','SEED-OR-20260415-008',1,'2026-05-13 20:36:54'),(119,119,'2026-04-16 13:43:00',750.00,'cash','SEED-OR-20260416-001',2,'2026-05-13 20:36:54'),(120,120,'2026-04-16 09:59:00',648.00,'cash','SEED-OR-20260416-002',2,'2026-05-13 20:36:54'),(121,121,'2026-04-16 16:49:00',100.00,'cash','SEED-OR-20260416-003',1,'2026-05-13 20:36:54'),(122,122,'2026-04-16 13:56:00',230.00,'cash','SEED-OR-20260416-004',2,'2026-05-13 20:36:54'),(123,123,'2026-04-16 09:15:00',1920.00,'cash','SEED-OR-20260416-005',2,'2026-05-13 20:36:54'),(124,124,'2026-04-16 13:05:00',1050.00,'cash','SEED-OR-20260416-006',2,'2026-05-13 20:36:54'),(125,125,'2026-04-16 15:05:00',84.00,'cash','SEED-OR-20260416-007',2,'2026-05-13 20:36:54'),(126,126,'2026-04-17 12:33:00',1232.00,'cash','SEED-OR-20260417-001',2,'2026-05-13 20:36:54'),(127,127,'2026-04-17 08:22:00',258.00,'cash','SEED-OR-20260417-002',2,'2026-05-13 20:36:54'),(128,128,'2026-04-17 09:30:00',2730.00,'cash','SEED-OR-20260417-003',1,'2026-05-13 20:36:54'),(129,129,'2026-04-17 08:23:00',80.00,'cash','SEED-OR-20260417-004',2,'2026-05-13 20:36:54'),(130,130,'2026-04-17 13:54:00',3040.00,'cash','SEED-OR-20260417-005',1,'2026-05-13 20:36:54'),(131,131,'2026-04-17 08:35:00',750.00,'cash','SEED-OR-20260417-006',2,'2026-05-13 20:36:54'),(132,132,'2026-04-17 12:56:00',240.00,'cash','SEED-OR-20260417-007',2,'2026-05-13 20:36:54'),(133,133,'2026-04-17 16:43:00',48.00,'cash','SEED-OR-20260417-008',2,'2026-05-13 20:36:54'),(134,134,'2026-04-18 12:32:00',84.00,'cash','SEED-OR-20260418-001',1,'2026-05-13 20:36:54'),(135,135,'2026-04-18 11:43:00',336.00,'cash','SEED-OR-20260418-002',1,'2026-05-13 20:36:54'),(136,136,'2026-04-18 10:06:00',725.00,'cash','SEED-OR-20260418-003',2,'2026-05-13 20:36:54'),(137,137,'2026-04-18 14:19:00',165.00,'cash','SEED-OR-20260418-004',2,'2026-05-13 20:36:54'),(138,138,'2026-04-18 13:32:00',3040.00,'cash','SEED-OR-20260418-005',1,'2026-05-13 20:36:54'),(139,139,'2026-04-18 08:40:00',225.00,'cash','SEED-OR-20260418-006',2,'2026-05-13 20:36:54'),(140,140,'2026-04-18 10:34:00',88.00,'cash','SEED-OR-20260418-007',1,'2026-05-13 20:36:54'),(141,141,'2026-04-19 14:21:00',294.00,'cash','SEED-OR-20260419-001',1,'2026-05-13 20:36:54'),(142,142,'2026-04-19 09:14:00',280.00,'cash','SEED-OR-20260419-002',1,'2026-05-13 20:36:54'),(143,143,'2026-04-19 09:52:00',396.00,'cash','SEED-OR-20260419-003',1,'2026-05-13 20:36:54'),(144,144,'2026-04-19 16:33:00',650.00,'cash','SEED-OR-20260419-004',1,'2026-05-13 20:36:54'),(145,145,'2026-04-19 16:47:00',266.00,'cash','SEED-OR-20260419-005',1,'2026-05-13 20:36:54'),(146,146,'2026-04-19 16:18:00',123.00,'cash','SEED-OR-20260419-006',1,'2026-05-13 20:36:54'),(147,147,'2026-04-19 14:42:00',1200.00,'cash','SEED-OR-20260419-007',2,'2026-05-13 20:36:54'),(148,148,'2026-04-20 08:39:00',1575.00,'cash','SEED-OR-20260420-001',1,'2026-05-13 20:36:54'),(149,149,'2026-04-20 08:59:00',632.00,'cash','SEED-OR-20260420-002',2,'2026-05-13 20:36:54'),(150,150,'2026-04-20 14:56:00',320.00,'cash','SEED-OR-20260420-003',1,'2026-05-13 20:36:54'),(151,151,'2026-04-20 16:10:00',42.00,'cash','SEED-OR-20260420-004',1,'2026-05-13 20:36:54'),(152,152,'2026-04-21 15:49:00',132.00,'cash','SEED-OR-20260421-001',1,'2026-05-13 20:36:54'),(153,153,'2026-04-21 16:13:00',294.00,'cash','SEED-OR-20260421-002',2,'2026-05-13 20:36:54'),(154,154,'2026-04-21 09:57:00',960.00,'cash','SEED-OR-20260421-003',1,'2026-05-13 20:36:54'),(155,155,'2026-04-21 12:49:00',200.00,'cash','SEED-OR-20260421-004',2,'2026-05-13 20:36:54'),(156,156,'2026-04-21 13:14:00',1710.00,'cash','SEED-OR-20260421-005',1,'2026-05-13 20:36:54'),(157,157,'2026-04-21 13:57:00',1680.00,'cash','SEED-OR-20260421-006',2,'2026-05-13 20:36:54'),(158,158,'2026-04-21 16:09:00',2070.00,'cash','SEED-OR-20260421-007',2,'2026-05-13 20:36:54'),(159,159,'2026-04-21 12:05:00',60.00,'cash','SEED-OR-20260421-008',1,'2026-05-13 20:36:54'),(160,160,'2026-04-21 15:39:00',3315.00,'cash','SEED-OR-20260421-009',1,'2026-05-13 20:36:54'),(161,161,'2026-04-22 15:50:00',984.00,'cash','SEED-OR-20260422-001',2,'2026-05-13 20:36:54'),(162,162,'2026-04-22 14:59:00',300.00,'cash','SEED-OR-20260422-002',1,'2026-05-13 20:36:54'),(163,163,'2026-04-22 15:02:00',24.00,'cash','SEED-OR-20260422-003',1,'2026-05-13 20:36:54'),(164,164,'2026-04-22 09:31:00',840.00,'cash','SEED-OR-20260422-004',1,'2026-05-13 20:36:54'),(165,165,'2026-04-22 13:27:00',960.00,'cash','SEED-OR-20260422-005',2,'2026-05-13 20:36:54'),(166,166,'2026-04-22 15:21:00',200.00,'cash','SEED-OR-20260422-006',2,'2026-05-13 20:36:54'),(167,167,'2026-04-22 09:38:00',24.00,'cash','SEED-OR-20260422-007',2,'2026-05-13 20:36:54'),(168,168,'2026-04-22 13:23:00',190.00,'cash','SEED-OR-20260422-008',2,'2026-05-13 20:36:54'),(169,169,'2026-04-23 09:01:00',1350.00,'cash','SEED-OR-20260423-001',1,'2026-05-13 20:36:54'),(170,170,'2026-04-23 12:21:00',252.00,'cash','SEED-OR-20260423-002',1,'2026-05-13 20:36:54'),(171,171,'2026-04-23 10:46:00',2370.00,'cash','SEED-OR-20260423-003',1,'2026-05-13 20:36:54'),(172,172,'2026-04-23 08:51:00',24.00,'cash','SEED-OR-20260423-004',1,'2026-05-13 20:36:54'),(173,173,'2026-04-23 11:10:00',240.00,'cash','SEED-OR-20260423-005',2,'2026-05-13 20:36:54'),(174,174,'2026-04-23 13:00:00',480.00,'cash','SEED-OR-20260423-006',2,'2026-05-13 20:36:54'),(175,175,'2026-04-24 09:37:00',1680.00,'cash','SEED-OR-20260424-001',1,'2026-05-13 20:36:54'),(176,176,'2026-04-24 08:46:00',84.00,'cash','SEED-OR-20260424-002',1,'2026-05-13 20:36:54'),(177,177,'2026-04-24 16:03:00',736.00,'cash','SEED-OR-20260424-003',2,'2026-05-13 20:36:54'),(178,178,'2026-04-24 10:17:00',2080.00,'cash','SEED-OR-20260424-004',2,'2026-05-13 20:36:54'),(179,179,'2026-04-25 09:50:00',2160.00,'cash','SEED-OR-20260425-001',1,'2026-05-13 20:36:54'),(180,180,'2026-04-25 15:32:00',20.00,'cash','SEED-OR-20260425-002',1,'2026-05-13 20:36:54'),(181,181,'2026-04-25 16:11:00',140.00,'cash','SEED-OR-20260425-003',1,'2026-05-13 20:36:54'),(182,182,'2026-04-25 09:01:00',435.00,'cash','SEED-OR-20260425-004',1,'2026-05-13 20:36:54'),(183,183,'2026-04-26 11:42:00',304.00,'cash','SEED-OR-20260426-001',1,'2026-05-13 20:36:54'),(184,184,'2026-04-26 11:01:00',725.00,'cash','SEED-OR-20260426-002',2,'2026-05-13 20:36:54'),(185,185,'2026-04-26 15:00:00',477.00,'cash','SEED-OR-20260426-003',2,'2026-05-13 20:36:54'),(186,186,'2026-04-26 11:23:00',1376.00,'cash','SEED-OR-20260426-004',2,'2026-05-13 20:36:54'),(187,187,'2026-04-27 12:47:00',168.00,'cash','SEED-OR-20260427-001',1,'2026-05-13 20:36:54'),(188,188,'2026-04-27 09:55:00',435.00,'cash','SEED-OR-20260427-002',2,'2026-05-13 20:36:54'),(189,189,'2026-04-27 09:19:00',1050.00,'cash','SEED-OR-20260427-003',1,'2026-05-13 20:36:54'),(190,190,'2026-04-27 10:18:00',36.00,'cash','SEED-OR-20260427-004',1,'2026-05-13 20:36:54'),(191,191,'2026-04-27 08:57:00',900.00,'cash','SEED-OR-20260427-005',1,'2026-05-13 20:36:54'),(192,192,'2026-04-27 08:25:00',1200.00,'cash','SEED-OR-20260427-006',2,'2026-05-13 20:36:54'),(193,193,'2026-04-27 08:54:00',132.00,'cash','SEED-OR-20260427-007',2,'2026-05-13 20:36:54'),(194,194,'2026-04-28 10:17:00',2240.00,'cash','SEED-OR-20260428-001',2,'2026-05-13 20:36:54'),(195,195,'2026-04-28 10:18:00',168.00,'cash','SEED-OR-20260428-002',2,'2026-05-13 20:36:54'),(196,196,'2026-04-28 14:29:00',48.00,'cash','SEED-OR-20260428-003',2,'2026-05-13 20:36:54'),(197,197,'2026-04-28 13:47:00',640.00,'cash','SEED-OR-20260428-004',1,'2026-05-13 20:36:54'),(198,198,'2026-04-28 08:33:00',84.00,'cash','SEED-OR-20260428-005',2,'2026-05-13 20:36:54'),(199,199,'2026-04-28 11:52:00',5525.00,'cash','SEED-OR-20260428-006',1,'2026-05-13 20:36:54'),(200,200,'2026-04-28 15:48:00',870.00,'cash','SEED-OR-20260428-007',2,'2026-05-13 20:36:54'),(201,201,'2026-04-28 11:08:00',40.00,'cash','SEED-OR-20260428-008',1,'2026-05-13 20:36:54'),(202,202,'2026-04-28 12:42:00',1500.00,'cash','SEED-OR-20260428-009',2,'2026-05-13 20:36:54'),(203,203,'2026-04-29 10:47:00',372.00,'cash','SEED-OR-20260429-001',2,'2026-05-13 20:36:54'),(204,204,'2026-04-29 09:07:00',900.00,'cash','SEED-OR-20260429-002',1,'2026-05-13 20:36:54'),(205,205,'2026-04-29 09:49:00',1048.00,'cash','SEED-OR-20260429-003',2,'2026-05-13 20:36:54'),(206,206,'2026-04-29 16:21:00',160.00,'cash','SEED-OR-20260429-004',2,'2026-05-13 20:36:54'),(207,207,'2026-04-29 11:05:00',160.00,'cash','SEED-OR-20260429-005',1,'2026-05-13 20:36:54'),(208,208,'2026-04-29 12:58:00',218.00,'cash','SEED-OR-20260429-006',1,'2026-05-13 20:36:54'),(209,209,'2026-04-29 11:03:00',725.00,'cash','SEED-OR-20260429-007',1,'2026-05-13 20:36:54'),(210,210,'2026-04-30 11:38:00',1440.00,'cash','SEED-OR-20260430-001',2,'2026-05-13 20:36:54'),(211,211,'2026-04-30 10:51:00',2460.00,'cash','SEED-OR-20260430-002',1,'2026-05-13 20:36:54'),(212,212,'2026-04-30 10:17:00',1015.00,'cash','SEED-OR-20260430-003',1,'2026-05-13 20:36:54'),(213,213,'2026-04-30 08:45:00',2960.00,'cash','SEED-OR-20260430-004',1,'2026-05-13 20:36:54'),(214,214,'2026-04-30 09:02:00',48.00,'cash','SEED-OR-20260430-005',1,'2026-05-13 20:36:54'),(215,215,'2026-04-30 15:54:00',20.00,'cash','SEED-OR-20260430-006',2,'2026-05-13 20:36:54'),(216,216,'2026-04-30 08:35:00',456.00,'cash','SEED-OR-20260430-007',1,'2026-05-13 20:36:54'),(217,217,'2026-05-01 15:24:00',1050.00,'cash','SEED-OR-20260501-001',1,'2026-05-13 20:36:54'),(218,218,'2026-05-01 12:57:00',76.00,'cash','SEED-OR-20260501-002',1,'2026-05-13 20:36:54'),(219,219,'2026-05-01 09:28:00',1200.00,'cash','SEED-OR-20260501-003',2,'2026-05-13 20:36:54'),(220,220,'2026-05-01 15:40:00',960.00,'cash','SEED-OR-20260501-004',2,'2026-05-13 20:36:54'),(221,221,'2026-05-01 08:55:00',76.00,'cash','SEED-OR-20260501-005',1,'2026-05-13 20:36:54'),(222,222,'2026-05-02 12:13:00',240.00,'cash','SEED-OR-20260502-001',2,'2026-05-13 20:36:54'),(223,223,'2026-05-02 15:52:00',992.00,'cash','SEED-OR-20260502-002',2,'2026-05-13 20:36:54'),(224,224,'2026-05-02 11:46:00',900.00,'cash','SEED-OR-20260502-003',1,'2026-05-13 20:36:54'),(225,225,'2026-05-02 15:35:00',2535.00,'cash','SEED-OR-20260502-004',2,'2026-05-13 20:36:54'),(226,226,'2026-05-02 14:24:00',145.00,'cash','SEED-OR-20260502-005',1,'2026-05-13 20:36:54'),(227,227,'2026-05-02 15:48:00',816.00,'cash','SEED-OR-20260502-006',1,'2026-05-13 20:36:54'),(228,228,'2026-05-02 16:09:00',1088.00,'cash','SEED-OR-20260502-007',2,'2026-05-13 20:36:54'),(229,229,'2026-05-02 14:07:00',36.00,'cash','SEED-OR-20260502-008',1,'2026-05-13 20:36:54'),(230,230,'2026-05-02 09:00:00',84.00,'cash','SEED-OR-20260502-009',2,'2026-05-13 20:36:54'),(231,231,'2026-05-03 08:19:00',122.00,'cash','SEED-OR-20260503-001',2,'2026-05-13 20:36:54'),(232,232,'2026-05-03 11:36:00',1408.00,'cash','SEED-OR-20260503-002',2,'2026-05-13 20:36:54'),(233,233,'2026-05-03 13:57:00',40.00,'cash','SEED-OR-20260503-003',1,'2026-05-13 20:36:54'),(234,234,'2026-05-03 11:12:00',190.00,'cash','SEED-OR-20260503-004',1,'2026-05-13 20:36:54'),(235,235,'2026-05-03 13:14:00',24.00,'cash','SEED-OR-20260503-005',1,'2026-05-13 20:36:54'),(236,236,'2026-05-03 16:02:00',160.00,'cash','SEED-OR-20260503-006',2,'2026-05-13 20:36:54'),(237,237,'2026-05-03 08:25:00',624.00,'cash','SEED-OR-20260503-007',2,'2026-05-13 20:36:54'),(238,238,'2026-05-03 16:45:00',632.00,'cash','SEED-OR-20260503-008',2,'2026-05-13 20:36:54'),(239,239,'2026-05-03 11:05:00',1050.00,'cash','SEED-OR-20260503-009',2,'2026-05-13 20:36:54'),(240,240,'2026-05-04 11:46:00',72.00,'cash','SEED-OR-20260504-001',2,'2026-05-13 20:36:54'),(241,241,'2026-05-04 12:24:00',266.00,'cash','SEED-OR-20260504-002',2,'2026-05-13 20:36:54'),(242,242,'2026-05-04 11:13:00',1008.00,'cash','SEED-OR-20260504-003',2,'2026-05-13 20:36:54'),(243,243,'2026-05-04 09:59:00',1770.00,'cash','SEED-OR-20260504-004',2,'2026-05-13 20:36:54'),(244,244,'2026-05-04 09:52:00',36.00,'cash','SEED-OR-20260504-005',1,'2026-05-13 20:36:54'),(245,245,'2026-05-04 16:24:00',447.00,'cash','SEED-OR-20260504-006',2,'2026-05-13 20:36:54'),(246,246,'2026-05-04 11:46:00',318.00,'cash','SEED-OR-20260504-007',2,'2026-05-13 20:36:54'),(247,247,'2026-05-04 09:13:00',12.00,'cash','SEED-OR-20260504-008',1,'2026-05-13 20:36:54'),(248,248,'2026-05-04 08:01:00',240.00,'cash','SEED-OR-20260504-009',2,'2026-05-13 20:36:54'),(249,249,'2026-05-05 14:27:00',2760.00,'cash','SEED-OR-20260505-001',1,'2026-05-13 20:36:54'),(250,250,'2026-05-05 15:22:00',2400.00,'cash','SEED-OR-20260505-002',1,'2026-05-13 20:36:54'),(251,251,'2026-05-05 10:14:00',435.00,'cash','SEED-OR-20260505-003',1,'2026-05-13 20:36:54'),(252,252,'2026-05-05 12:48:00',252.00,'cash','SEED-OR-20260505-004',2,'2026-05-13 20:36:54'),(253,253,'2026-05-05 13:30:00',2520.00,'cash','SEED-OR-20260505-005',1,'2026-05-13 20:36:54'),(254,254,'2026-05-05 09:06:00',200.00,'cash','SEED-OR-20260505-006',1,'2026-05-13 20:36:54'),(255,255,'2026-05-05 12:51:00',450.00,'cash','SEED-OR-20260505-007',2,'2026-05-13 20:36:54'),(256,256,'2026-05-06 09:34:00',182.00,'cash','SEED-OR-20260506-001',1,'2026-05-13 20:36:54'),(257,257,'2026-05-06 14:58:00',580.00,'cash','SEED-OR-20260506-002',2,'2026-05-13 20:36:54'),(258,258,'2026-05-06 09:31:00',304.00,'cash','SEED-OR-20260506-003',2,'2026-05-13 20:36:54'),(259,259,'2026-05-06 14:29:00',568.00,'cash','SEED-OR-20260506-004',2,'2026-05-13 20:36:54'),(260,260,'2026-05-06 10:33:00',190.00,'cash','SEED-OR-20260506-005',2,'2026-05-13 20:36:54'),(261,261,'2026-05-06 15:57:00',40.00,'cash','SEED-OR-20260506-006',1,'2026-05-13 20:36:54'),(262,262,'2026-05-06 11:51:00',462.00,'cash','SEED-OR-20260506-007',1,'2026-05-13 20:36:54'),(263,263,'2026-05-06 14:36:00',147.00,'cash','SEED-OR-20260506-008',1,'2026-05-13 20:36:54'),(264,264,'2026-05-06 13:10:00',60.00,'cash','SEED-OR-20260506-009',2,'2026-05-13 20:36:54'),(265,265,'2026-05-07 10:10:00',840.00,'cash','SEED-OR-20260507-001',1,'2026-05-13 20:36:54'),(266,266,'2026-05-07 16:13:00',1770.00,'cash','SEED-OR-20260507-002',1,'2026-05-13 20:36:54'),(267,267,'2026-05-07 12:28:00',100.00,'cash','SEED-OR-20260507-003',1,'2026-05-13 20:36:54'),(268,268,'2026-05-07 08:53:00',84.00,'cash','SEED-OR-20260507-004',2,'2026-05-13 20:36:54'),(269,269,'2026-05-07 11:46:00',280.00,'cash','SEED-OR-20260507-005',2,'2026-05-13 20:36:54'),(270,270,'2026-05-07 10:34:00',5005.00,'cash','SEED-OR-20260507-006',1,'2026-05-13 20:36:54'),(271,271,'2026-05-08 10:07:00',520.00,'cash','SEED-OR-20260508-001',2,'2026-05-13 20:36:54'),(272,272,'2026-05-08 09:04:00',266.00,'cash','SEED-OR-20260508-002',1,'2026-05-13 20:36:54'),(273,273,'2026-05-08 08:37:00',2190.00,'cash','SEED-OR-20260508-003',1,'2026-05-13 20:36:54'),(274,274,'2026-05-08 14:38:00',1376.00,'cash','SEED-OR-20260508-004',2,'2026-05-13 20:36:54'),(275,275,'2026-05-08 13:10:00',1200.00,'cash','SEED-OR-20260508-005',1,'2026-05-13 20:36:54'),(276,276,'2026-05-08 09:35:00',1032.00,'cash','SEED-OR-20260508-006',2,'2026-05-13 20:36:54'),(277,277,'2026-05-09 14:43:00',12.00,'cash','SEED-OR-20260509-001',1,'2026-05-13 20:36:54'),(278,278,'2026-05-09 11:02:00',336.00,'cash','SEED-OR-20260509-002',1,'2026-05-13 20:36:54'),(279,279,'2026-05-09 12:29:00',145.00,'cash','SEED-OR-20260509-003',1,'2026-05-13 20:36:54'),(280,280,'2026-05-09 09:00:00',312.00,'cash','SEED-OR-20260509-004',2,'2026-05-13 20:36:54'),(281,281,'2026-05-09 14:24:00',40.00,'cash','SEED-OR-20260509-005',1,'2026-05-13 20:36:54'),(282,282,'2026-05-09 08:06:00',720.00,'cash','SEED-OR-20260509-006',1,'2026-05-13 20:36:54'),(283,283,'2026-05-09 15:53:00',308.00,'cash','SEED-OR-20260509-007',1,'2026-05-13 20:36:54'),(284,284,'2026-05-10 12:46:00',744.00,'cash','SEED-OR-20260510-001',2,'2026-05-13 20:36:54'),(285,285,'2026-05-10 12:26:00',96.00,'cash','SEED-OR-20260510-002',2,'2026-05-13 20:36:54'),(286,286,'2026-05-10 13:47:00',828.00,'cash','SEED-OR-20260510-003',1,'2026-05-13 20:36:54'),(287,287,'2026-05-10 14:55:00',24.00,'cash','SEED-OR-20260510-004',1,'2026-05-13 20:36:54'),(288,288,'2026-05-10 10:13:00',114.00,'cash','SEED-OR-20260510-005',2,'2026-05-13 20:36:54'),(289,289,'2026-05-10 09:18:00',750.00,'cash','SEED-OR-20260510-006',2,'2026-05-13 20:36:55'),(290,290,'2026-05-10 08:22:00',732.00,'cash','SEED-OR-20260510-007',2,'2026-05-13 20:36:55'),(291,291,'2026-05-10 13:24:00',334.00,'cash','SEED-OR-20260510-008',2,'2026-05-13 20:36:55'),(292,292,'2026-05-10 15:55:00',20.00,'cash','SEED-OR-20260510-009',2,'2026-05-13 20:36:55'),(293,293,'2026-05-11 16:04:00',240.00,'cash','SEED-OR-20260511-001',1,'2026-05-13 20:36:55'),(294,294,'2026-05-11 16:55:00',870.00,'cash','SEED-OR-20260511-002',1,'2026-05-13 20:36:55'),(295,295,'2026-05-11 08:29:00',44.00,'cash','SEED-OR-20260511-003',1,'2026-05-13 20:36:55'),(296,296,'2026-05-11 12:52:00',288.00,'cash','SEED-OR-20260511-004',1,'2026-05-13 20:36:55'),(297,297,'2026-05-11 15:57:00',1920.00,'cash','SEED-OR-20260511-005',2,'2026-05-13 20:36:55'),(298,298,'2026-05-11 11:41:00',720.00,'cash','SEED-OR-20260511-006',2,'2026-05-13 20:36:55'),(299,299,'2026-05-11 16:27:00',80.00,'cash','SEED-OR-20260511-007',1,'2026-05-13 20:36:55'),(300,300,'2026-05-12 12:49:00',266.00,'cash','SEED-OR-20260512-001',2,'2026-05-13 20:36:55'),(301,301,'2026-05-12 16:17:00',1440.00,'cash','SEED-OR-20260512-002',1,'2026-05-13 20:36:55'),(302,302,'2026-05-12 15:00:00',322.00,'cash','SEED-OR-20260512-003',1,'2026-05-13 20:36:55'),(303,303,'2026-05-12 10:16:00',2405.00,'cash','SEED-OR-20260512-004',2,'2026-05-13 20:36:55'),(304,304,'2026-05-12 16:38:00',232.00,'cash','SEED-OR-20260512-005',1,'2026-05-13 20:36:55'),(305,305,'2026-05-12 14:08:00',2040.00,'cash','SEED-OR-20260512-006',1,'2026-05-13 20:36:55'),(306,306,'2026-05-12 09:24:00',36.00,'cash','SEED-OR-20260512-007',2,'2026-05-13 20:36:55'),(307,307,'2026-05-13 10:18:00',520.00,'cash','SEED-OR-20260513-001',2,'2026-05-13 20:36:55'),(308,308,'2026-05-13 13:59:00',160.00,'cash','SEED-OR-20260513-002',1,'2026-05-13 20:36:55'),(309,309,'2026-05-13 12:17:00',126.00,'cash','SEED-OR-20260513-003',1,'2026-05-13 20:36:55'),(310,310,'2026-05-13 15:20:00',1920.00,'cash','SEED-OR-20260513-004',2,'2026-05-13 20:36:55'),(311,311,'2026-05-13 10:00:00',308.00,'cash','SEED-OR-20260513-005',1,'2026-05-13 20:36:55'),(312,312,'2026-05-13 10:49:00',900.00,'cash','SEED-OR-20260513-006',2,'2026-05-13 20:36:55'),(313,313,'2026-05-13 13:28:00',528.00,'cash','SEED-OR-20260513-007',1,'2026-05-13 20:36:55'),(314,314,'2026-05-13 10:21:00',432.00,'cash','SEED-OR-20260513-008',1,'2026-05-13 20:36:55'),(315,315,'2026-05-14 14:49:00',84.00,'cash','SEED-OR-20260514-001',1,'2026-05-13 20:36:55'),(316,316,'2026-05-14 09:13:00',1800.00,'cash','SEED-OR-20260514-002',2,'2026-05-13 20:36:55'),(317,317,'2026-05-14 16:30:00',80.00,'cash','SEED-OR-20260514-003',2,'2026-05-13 20:36:55'),(318,318,'2026-05-14 15:53:00',252.00,'cash','SEED-OR-20260514-004',2,'2026-05-13 20:36:55'),(319,319,'2026-05-14 13:44:00',342.00,'cash','SEED-OR-20260514-005',1,'2026-05-13 20:36:55'),(320,320,'2026-05-14 10:04:00',114.00,'cash','SEED-OR-20260514-006',1,'2026-05-13 20:36:55'),(321,321,'2026-05-14 14:42:00',145.00,'cash','SEED-OR-20260514-007',1,'2026-05-13 20:36:55'),(512,512,'2026-05-14 14:43:03',10.00,'cash','0000-0023',1,'2026-05-14 14:43:03'),(513,513,'2026-05-14 14:43:51',5.00,'cash','0000-0024',1,'2026-05-14 14:43:51'),(514,514,'2026-05-14 14:52:55',50.00,'cash','0000-0025',1,'2026-05-14 14:52:55'),(515,515,'2026-05-14 14:55:04',24.00,'cash','0000-0026',1,'2026-05-14 14:55:04'),(516,516,'2026-05-14 14:58:40',10.00,'cash','0000-0027',1,'2026-05-14 14:58:40'),(517,517,'2026-05-14 14:59:06',10.00,'cash','0000-0028',1,'2026-05-14 14:59:06');
/*!40000 ALTER TABLE `sale_payments` ENABLE KEYS */;
UNLOCK TABLES;

--
-- Table structure for table `sales`
--

DROP TABLE IF EXISTS `sales`;
/*!40101 SET @saved_cs_client     = @@character_set_client */;
/*!50503 SET character_set_client = utf8mb4 */;
CREATE TABLE `sales` (
  `id` int NOT NULL AUTO_INCREMENT,
  `sale_date` datetime NOT NULL DEFAULT CURRENT_TIMESTAMP,
  `product_id` int NOT NULL,
  `person_id` int DEFAULT NULL,
  `quantity` int NOT NULL,
  `unit_price` decimal(12,2) NOT NULL,
  `unit_cost` decimal(12,2) NOT NULL,
  `total_amount` decimal(12,2) NOT NULL,
  `total_cost` decimal(12,2) NOT NULL,
  `total_profit` decimal(12,2) NOT NULL,
  `or_number` varchar(100) DEFAULT NULL,
  `notes` varchar(255) DEFAULT NULL,
  `created_by` int DEFAULT NULL,
  `created_at` timestamp NULL DEFAULT CURRENT_TIMESTAMP,
  PRIMARY KEY (`id`),
  KEY `idx_sales_date` (`sale_date`),
  KEY `idx_sales_product` (`product_id`),
  KEY `idx_sales_date_product` (`sale_date`,`product_id`),
  KEY `fk_sales_user` (`created_by`),
  KEY `idx_sales_person` (`person_id`),
  CONSTRAINT `fk_sales_person` FOREIGN KEY (`person_id`) REFERENCES `people` (`id`) ON DELETE SET NULL,
  CONSTRAINT `fk_sales_product` FOREIGN KEY (`product_id`) REFERENCES `products` (`id`),
  CONSTRAINT `fk_sales_user` FOREIGN KEY (`created_by`) REFERENCES `users` (`id`) ON DELETE SET NULL
) ENGINE=InnoDB AUTO_INCREMENT=342 DEFAULT CHARSET=utf8mb4 COLLATE=utf8mb4_0900_ai_ci;
/*!40101 SET character_set_client = @saved_cs_client */;

--
-- Dumping data for table `sales`
--

LOCK TABLES `sales` WRITE;
/*!40000 ALTER TABLE `sales` DISABLE KEYS */;
INSERT INTO `sales` VALUES (1,'2026-05-10 09:30:00',3,NULL,9,35.00,15.00,315.00,135.00,180.00,'DEMO-S004','Demo sale for dashboard visibility',NULL,'2026-05-13 15:11:58'),(2,'2026-05-13 09:30:00',4,NULL,2,60.00,25.00,120.00,50.00,70.00,'DEMO-S007','Demo sale for dashboard visibility',NULL,'2026-05-13 15:11:58'),(3,'2026-03-30 16:29:00',773,NULL,7,240.00,185.00,1680.00,1295.00,385.00,'SEED-OR-20260330-001','Seed sample: POS transaction',2,'2026-05-13 20:36:54'),(4,'2026-03-30 08:50:00',788,NULL,7,40.00,18.00,280.00,126.00,154.00,'SEED-OR-20260330-002','Seed sample: POS transaction',1,'2026-05-13 20:36:54'),(5,'2026-03-30 15:42:00',795,NULL,170,8.00,3.00,1360.00,510.00,850.00,'SEED-OR-20260330-003','Seed sample: POS transaction',2,'2026-05-13 20:36:54'),(6,'2026-03-30 10:50:00',778,NULL,2,12.00,7.50,24.00,15.00,9.00,'SEED-OR-20260330-004','Seed sample: POS transaction',2,'2026-05-13 20:36:54'),(7,'2026-03-30 15:58:00',773,NULL,7,240.00,185.00,1680.00,1295.00,385.00,'SEED-OR-20260330-005','Seed sample: POS transaction',2,'2026-05-13 20:36:54'),(8,'2026-03-30 15:43:00',774,NULL,5,225.00,175.00,1125.00,875.00,250.00,'SEED-OR-20260330-006','Seed sample: POS transaction',1,'2026-05-13 20:36:54'),(9,'2026-03-30 14:43:00',793,NULL,81,30.00,12.00,2430.00,972.00,1458.00,'SEED-OR-20260330-007','Seed sample: POS transaction',1,'2026-05-13 20:36:54'),(10,'2026-03-30 14:45:00',777,NULL,1,42.00,22.00,42.00,22.00,20.00,'SEED-OR-20260330-008','Seed sample: POS transaction',2,'2026-05-13 20:36:54'),(11,'2026-03-30 12:34:00',789,NULL,25,65.00,28.00,1625.00,700.00,925.00,'SEED-OR-20260330-009','Seed sample: POS transaction',1,'2026-05-13 20:36:54'),(12,'2026-03-31 12:21:00',795,NULL,51,8.00,3.00,408.00,153.00,255.00,'SEED-OR-20260331-001','Seed sample: POS transaction',1,'2026-05-13 20:36:54'),(13,'2026-03-31 10:05:00',444,NULL,39,12.00,5.00,468.00,195.00,273.00,'SEED-OR-20260331-002','Seed sample: POS transaction',2,'2026-05-13 20:36:54'),(14,'2026-03-31 15:09:00',773,NULL,7,240.00,185.00,1680.00,1295.00,385.00,'SEED-OR-20260331-003','Seed sample: POS transaction',2,'2026-05-13 20:36:54'),(15,'2026-03-31 09:02:00',777,NULL,3,42.00,22.00,126.00,66.00,60.00,'SEED-OR-20260331-004','Seed sample: POS transaction',2,'2026-05-13 20:36:54'),(16,'2026-03-31 15:52:00',777,NULL,4,42.00,22.00,168.00,88.00,80.00,'SEED-OR-20260331-005','Seed sample: POS transaction',2,'2026-05-13 20:36:54'),(17,'2026-03-31 11:16:00',796,NULL,5,150.00,95.00,750.00,475.00,275.00,'SEED-OR-20260331-006','Seed sample: POS transaction',1,'2026-05-13 20:36:54'),(18,'2026-03-31 16:41:00',788,NULL,29,40.00,18.00,1160.00,522.00,638.00,'SEED-OR-20260331-007','Seed sample: POS transaction',1,'2026-05-13 20:36:54'),(19,'2026-04-01 08:07:00',779,NULL,3,12.00,7.50,36.00,22.50,13.50,'SEED-OR-20260401-001','Seed sample: POS transaction',1,'2026-05-13 20:36:54'),(20,'2026-04-01 16:28:00',444,NULL,18,12.00,5.00,216.00,90.00,126.00,'SEED-OR-20260401-002','Seed sample: POS transaction',2,'2026-05-13 20:36:54'),(21,'2026-04-01 14:18:00',777,NULL,5,42.00,22.00,210.00,110.00,100.00,'SEED-OR-20260401-003','Seed sample: POS transaction',2,'2026-05-13 20:36:54'),(22,'2026-04-01 11:12:00',444,NULL,5,12.00,5.00,60.00,25.00,35.00,'SEED-OR-20260401-004','Seed sample: POS transaction',2,'2026-05-13 20:36:54'),(23,'2026-04-01 11:39:00',442,NULL,108,3.00,1.00,324.00,108.00,216.00,'SEED-OR-20260401-005','Seed sample: POS transaction',1,'2026-05-13 20:36:54'),(24,'2026-04-01 14:53:00',796,NULL,7,150.00,95.00,1050.00,665.00,385.00,'SEED-OR-20260401-006','Seed sample: POS transaction',2,'2026-05-13 20:36:54'),(25,'2026-04-01 15:22:00',442,NULL,47,3.00,1.00,141.00,47.00,94.00,'SEED-OR-20260401-007','Seed sample: POS transaction',1,'2026-05-13 20:36:54'),(26,'2026-04-02 11:11:00',777,NULL,7,42.00,22.00,294.00,154.00,140.00,'SEED-OR-20260402-001','Seed sample: POS transaction',2,'2026-05-13 20:36:54'),(27,'2026-04-02 14:53:00',796,NULL,8,150.00,95.00,1200.00,760.00,440.00,'SEED-OR-20260402-002','Seed sample: POS transaction',1,'2026-05-13 20:36:54'),(28,'2026-04-02 11:44:00',788,NULL,39,40.00,18.00,1560.00,702.00,858.00,'SEED-OR-20260402-003','Seed sample: POS transaction',1,'2026-05-13 20:36:54'),(29,'2026-04-02 16:45:00',784,NULL,2,20.00,9.00,40.00,18.00,22.00,'SEED-OR-20260402-004','Seed sample: POS transaction',1,'2026-05-13 20:36:54'),(30,'2026-04-02 14:40:00',789,NULL,88,65.00,28.00,5720.00,2464.00,3256.00,'SEED-OR-20260402-005','Seed sample: POS transaction',2,'2026-05-13 20:36:54'),(31,'2026-04-02 08:48:00',794,NULL,44,2.00,0.75,88.00,33.00,55.00,'SEED-OR-20260402-006','Seed sample: POS transaction',2,'2026-05-13 20:36:54'),(32,'2026-04-02 13:56:00',795,NULL,94,8.00,3.00,752.00,282.00,470.00,'SEED-OR-20260402-007','Seed sample: POS transaction',1,'2026-05-13 20:36:54'),(33,'2026-04-02 09:32:00',789,NULL,22,65.00,28.00,1430.00,616.00,814.00,'SEED-OR-20260402-008','Seed sample: POS transaction',2,'2026-05-13 20:36:54'),(34,'2026-04-02 09:02:00',442,NULL,107,3.00,1.00,321.00,107.00,214.00,'SEED-OR-20260402-009','Seed sample: POS transaction',2,'2026-05-13 20:36:54'),(35,'2026-04-03 12:50:00',773,NULL,2,240.00,185.00,480.00,370.00,110.00,'SEED-OR-20260403-001','Seed sample: POS transaction',2,'2026-05-13 20:36:54'),(36,'2026-04-03 08:56:00',778,NULL,5,12.00,7.50,60.00,37.50,22.50,'SEED-OR-20260403-002','Seed sample: POS transaction',1,'2026-05-13 20:36:54'),(37,'2026-04-03 16:14:00',779,NULL,1,12.00,7.50,12.00,7.50,4.50,'SEED-OR-20260403-003','Seed sample: POS transaction',2,'2026-05-13 20:36:54'),(38,'2026-04-03 15:22:00',777,NULL,4,42.00,22.00,168.00,88.00,80.00,'SEED-OR-20260403-004','Seed sample: POS transaction',1,'2026-05-13 20:36:54'),(39,'2026-04-03 15:48:00',788,NULL,70,40.00,18.00,2800.00,1260.00,1540.00,'SEED-OR-20260403-005','Seed sample: POS transaction',1,'2026-05-13 20:36:54'),(40,'2026-04-03 16:42:00',442,NULL,151,3.00,1.00,453.00,151.00,302.00,'SEED-OR-20260403-006','Seed sample: POS transaction',2,'2026-05-13 20:36:54'),(41,'2026-04-03 13:48:00',773,NULL,2,240.00,185.00,480.00,370.00,110.00,'SEED-OR-20260403-007','Seed sample: POS transaction',1,'2026-05-13 20:36:54'),(42,'2026-04-03 12:19:00',794,NULL,32,2.00,0.75,64.00,24.00,40.00,'SEED-OR-20260403-008','Seed sample: POS transaction',1,'2026-05-13 20:36:54'),(43,'2026-04-04 15:57:00',442,NULL,86,3.00,1.00,258.00,86.00,172.00,'SEED-OR-20260404-001','Seed sample: POS transaction',2,'2026-05-13 20:36:54'),(44,'2026-04-04 16:25:00',779,NULL,8,12.00,7.50,96.00,60.00,36.00,'SEED-OR-20260404-002','Seed sample: POS transaction',2,'2026-05-13 20:36:54'),(45,'2026-04-04 08:29:00',777,NULL,7,42.00,22.00,294.00,154.00,140.00,'SEED-OR-20260404-003','Seed sample: POS transaction',1,'2026-05-13 20:36:54'),(46,'2026-04-04 12:26:00',788,NULL,23,40.00,18.00,920.00,414.00,506.00,'SEED-OR-20260404-004','Seed sample: POS transaction',1,'2026-05-13 20:36:54'),(47,'2026-04-04 08:02:00',794,NULL,84,2.00,0.75,168.00,63.00,105.00,'SEED-OR-20260404-005','Seed sample: POS transaction',1,'2026-05-13 20:36:54'),(48,'2026-04-05 08:29:00',795,NULL,81,8.00,3.00,648.00,243.00,405.00,'SEED-OR-20260405-001','Seed sample: POS transaction',1,'2026-05-13 20:36:54'),(49,'2026-04-05 09:46:00',775,NULL,7,38.00,24.00,266.00,168.00,98.00,'SEED-OR-20260405-002','Seed sample: POS transaction',2,'2026-05-13 20:36:54'),(50,'2026-04-05 11:32:00',778,NULL,1,12.00,7.50,12.00,7.50,4.50,'SEED-OR-20260405-003','Seed sample: POS transaction',1,'2026-05-13 20:36:54'),(51,'2026-04-05 16:25:00',796,NULL,2,150.00,95.00,300.00,190.00,110.00,'SEED-OR-20260405-004','Seed sample: POS transaction',2,'2026-05-13 20:36:54'),(52,'2026-04-05 13:45:00',773,NULL,7,240.00,185.00,1680.00,1295.00,385.00,'SEED-OR-20260405-005','Seed sample: POS transaction',2,'2026-05-13 20:36:54'),(53,'2026-04-06 10:30:00',784,NULL,8,20.00,9.00,160.00,72.00,88.00,'SEED-OR-20260406-001','Seed sample: POS transaction',2,'2026-05-13 20:36:54'),(54,'2026-04-06 08:57:00',789,NULL,69,65.00,28.00,4485.00,1932.00,2553.00,'SEED-OR-20260406-002','Seed sample: POS transaction',1,'2026-05-13 20:36:54'),(55,'2026-04-06 16:22:00',793,NULL,43,30.00,12.00,1290.00,516.00,774.00,'SEED-OR-20260406-003','Seed sample: POS transaction',2,'2026-05-13 20:36:54'),(56,'2026-04-06 15:39:00',779,NULL,1,12.00,7.50,12.00,7.50,4.50,'SEED-OR-20260406-004','Seed sample: POS transaction',1,'2026-05-13 20:36:54'),(57,'2026-04-06 09:20:00',444,NULL,68,12.00,5.00,816.00,340.00,476.00,'SEED-OR-20260406-005','Seed sample: POS transaction',2,'2026-05-13 20:36:54'),(58,'2026-04-07 16:18:00',797,NULL,2,145.00,90.00,290.00,180.00,110.00,'SEED-OR-20260407-001','Seed sample: POS transaction',1,'2026-05-13 20:36:54'),(59,'2026-04-07 14:19:00',442,NULL,67,3.00,1.00,201.00,67.00,134.00,'SEED-OR-20260407-002','Seed sample: POS transaction',2,'2026-05-13 20:36:54'),(60,'2026-04-07 16:10:00',797,NULL,7,145.00,90.00,1015.00,630.00,385.00,'SEED-OR-20260407-003','Seed sample: POS transaction',2,'2026-05-13 20:36:54'),(61,'2026-04-07 13:10:00',779,NULL,2,12.00,7.50,24.00,15.00,9.00,'SEED-OR-20260407-004','Seed sample: POS transaction',2,'2026-05-13 20:36:54'),(62,'2026-04-07 16:07:00',796,NULL,7,150.00,95.00,1050.00,665.00,385.00,'SEED-OR-20260407-005','Seed sample: POS transaction',1,'2026-05-13 20:36:54'),(63,'2026-04-07 12:08:00',442,NULL,143,3.00,1.00,429.00,143.00,286.00,'SEED-OR-20260407-006','Seed sample: POS transaction',1,'2026-05-13 20:36:54'),(64,'2026-04-07 11:08:00',442,NULL,36,3.00,1.00,108.00,36.00,72.00,'SEED-OR-20260407-007','Seed sample: POS transaction',2,'2026-05-13 20:36:54'),(65,'2026-04-08 16:17:00',774,NULL,6,225.00,175.00,1350.00,1050.00,300.00,'SEED-OR-20260408-001','Seed sample: POS transaction',2,'2026-05-13 20:36:54'),(66,'2026-04-08 10:44:00',779,NULL,3,12.00,7.50,36.00,22.50,13.50,'SEED-OR-20260408-002','Seed sample: POS transaction',2,'2026-05-13 20:36:54'),(67,'2026-04-08 13:21:00',794,NULL,172,2.00,0.75,344.00,129.00,215.00,'SEED-OR-20260408-003','Seed sample: POS transaction',1,'2026-05-13 20:36:54'),(68,'2026-04-08 13:21:00',779,NULL,3,12.00,7.50,36.00,22.50,13.50,'SEED-OR-20260408-004','Seed sample: POS transaction',1,'2026-05-13 20:36:54'),(69,'2026-04-08 15:31:00',784,NULL,5,20.00,9.00,100.00,45.00,55.00,'SEED-OR-20260408-005','Seed sample: POS transaction',1,'2026-05-13 20:36:54'),(70,'2026-04-09 13:36:00',444,NULL,85,12.00,5.00,1020.00,425.00,595.00,'SEED-OR-20260409-001','Seed sample: POS transaction',2,'2026-05-13 20:36:54'),(71,'2026-04-09 11:26:00',444,NULL,62,12.00,5.00,744.00,310.00,434.00,'SEED-OR-20260409-002','Seed sample: POS transaction',1,'2026-05-13 20:36:54'),(72,'2026-04-09 16:15:00',442,NULL,60,3.00,1.00,180.00,60.00,120.00,'SEED-OR-20260409-003','Seed sample: POS transaction',2,'2026-05-13 20:36:54'),(73,'2026-04-09 15:27:00',442,NULL,132,3.00,1.00,396.00,132.00,264.00,'SEED-OR-20260409-004','Seed sample: POS transaction',2,'2026-05-13 20:36:54'),(74,'2026-04-09 13:04:00',797,NULL,3,145.00,90.00,435.00,270.00,165.00,'SEED-OR-20260409-005','Seed sample: POS transaction',1,'2026-05-13 20:36:54'),(75,'2026-04-09 12:17:00',785,NULL,8,40.00,18.00,320.00,144.00,176.00,'SEED-OR-20260409-006','Seed sample: POS transaction',1,'2026-05-13 20:36:54'),(76,'2026-04-10 16:44:00',788,NULL,78,40.00,18.00,3120.00,1404.00,1716.00,'SEED-OR-20260410-001','Seed sample: POS transaction',2,'2026-05-13 20:36:54'),(77,'2026-04-10 16:18:00',779,NULL,2,12.00,7.50,24.00,15.00,9.00,'SEED-OR-20260410-002','Seed sample: POS transaction',2,'2026-05-13 20:36:54'),(78,'2026-04-10 09:14:00',784,NULL,6,20.00,9.00,120.00,54.00,66.00,'SEED-OR-20260410-003','Seed sample: POS transaction',1,'2026-05-13 20:36:54'),(79,'2026-04-10 10:05:00',775,NULL,6,38.00,24.00,228.00,144.00,84.00,'SEED-OR-20260410-004','Seed sample: POS transaction',1,'2026-05-13 20:36:54'),(80,'2026-04-11 15:00:00',785,NULL,1,40.00,18.00,40.00,18.00,22.00,'SEED-OR-20260411-001','Seed sample: POS transaction',2,'2026-05-13 20:36:54'),(81,'2026-04-11 09:15:00',796,NULL,7,150.00,95.00,1050.00,665.00,385.00,'SEED-OR-20260411-002','Seed sample: POS transaction',1,'2026-05-13 20:36:54'),(82,'2026-04-11 13:55:00',442,NULL,163,3.00,1.00,489.00,163.00,326.00,'SEED-OR-20260411-003','Seed sample: POS transaction',2,'2026-05-13 20:36:54'),(83,'2026-04-11 12:19:00',794,NULL,30,2.00,0.75,60.00,22.50,37.50,'SEED-OR-20260411-004','Seed sample: POS transaction',1,'2026-05-13 20:36:54'),(84,'2026-04-11 15:52:00',793,NULL,29,30.00,12.00,870.00,348.00,522.00,'SEED-OR-20260411-005','Seed sample: POS transaction',1,'2026-05-13 20:36:54'),(85,'2026-04-11 14:47:00',774,NULL,5,225.00,175.00,1125.00,875.00,250.00,'SEED-OR-20260411-006','Seed sample: POS transaction',2,'2026-05-13 20:36:54'),(86,'2026-04-11 12:39:00',779,NULL,1,12.00,7.50,12.00,7.50,4.50,'SEED-OR-20260411-007','Seed sample: POS transaction',1,'2026-05-13 20:36:54'),(87,'2026-04-11 16:58:00',779,NULL,7,12.00,7.50,84.00,52.50,31.50,'SEED-OR-20260411-008','Seed sample: POS transaction',2,'2026-05-13 20:36:54'),(88,'2026-04-12 14:52:00',784,NULL,8,20.00,9.00,160.00,72.00,88.00,'SEED-OR-20260412-001','Seed sample: POS transaction',1,'2026-05-13 20:36:54'),(89,'2026-04-12 08:40:00',775,NULL,6,38.00,24.00,228.00,144.00,84.00,'SEED-OR-20260412-002','Seed sample: POS transaction',1,'2026-05-13 20:36:54'),(90,'2026-04-12 15:56:00',797,NULL,7,145.00,90.00,1015.00,630.00,385.00,'SEED-OR-20260412-003','Seed sample: POS transaction',1,'2026-05-13 20:36:54'),(91,'2026-04-12 10:55:00',785,NULL,2,40.00,18.00,80.00,36.00,44.00,'SEED-OR-20260412-004','Seed sample: POS transaction',1,'2026-05-13 20:36:54'),(92,'2026-04-12 13:31:00',442,NULL,55,3.00,1.00,165.00,55.00,110.00,'SEED-OR-20260412-005','Seed sample: POS transaction',1,'2026-05-13 20:36:54'),(93,'2026-04-13 08:55:00',442,NULL,120,3.00,1.00,360.00,120.00,240.00,'SEED-OR-20260413-001','Seed sample: POS transaction',1,'2026-05-13 20:36:54'),(94,'2026-04-13 09:03:00',774,NULL,3,225.00,175.00,675.00,525.00,150.00,'SEED-OR-20260413-002','Seed sample: POS transaction',1,'2026-05-13 20:36:54'),(95,'2026-04-13 15:12:00',778,NULL,1,12.00,7.50,12.00,7.50,4.50,'SEED-OR-20260413-003','Seed sample: POS transaction',1,'2026-05-13 20:36:54'),(96,'2026-04-13 16:41:00',778,NULL,4,12.00,7.50,48.00,30.00,18.00,'SEED-OR-20260413-004','Seed sample: POS transaction',1,'2026-05-13 20:36:54'),(97,'2026-04-13 16:13:00',775,NULL,7,38.00,24.00,266.00,168.00,98.00,'SEED-OR-20260413-005','Seed sample: POS transaction',1,'2026-05-13 20:36:54'),(98,'2026-04-14 09:02:00',778,NULL,1,12.00,7.50,12.00,7.50,4.50,'SEED-OR-20260414-001','Seed sample: POS transaction',1,'2026-05-13 20:36:54'),(99,'2026-04-14 12:28:00',796,NULL,1,150.00,95.00,150.00,95.00,55.00,'SEED-OR-20260414-002','Seed sample: POS transaction',1,'2026-05-13 20:36:54'),(100,'2026-04-14 13:32:00',777,NULL,3,42.00,22.00,126.00,66.00,60.00,'SEED-OR-20260414-003','Seed sample: POS transaction',2,'2026-05-13 20:36:54'),(101,'2026-04-14 11:50:00',774,NULL,6,225.00,175.00,1350.00,1050.00,300.00,'SEED-OR-20260414-004','Seed sample: POS transaction',1,'2026-05-13 20:36:54'),(102,'2026-04-14 15:42:00',784,NULL,6,20.00,9.00,120.00,54.00,66.00,'SEED-OR-20260414-005','Seed sample: POS transaction',2,'2026-05-13 20:36:54'),(103,'2026-04-14 15:03:00',775,NULL,1,38.00,24.00,38.00,24.00,14.00,'SEED-OR-20260414-006','Seed sample: POS transaction',2,'2026-05-13 20:36:54'),(104,'2026-04-14 11:12:00',794,NULL,105,2.00,0.75,210.00,78.75,131.25,'SEED-OR-20260414-007','Seed sample: POS transaction',1,'2026-05-13 20:36:54'),(105,'2026-04-15 10:12:00',784,NULL,2,20.00,9.00,40.00,18.00,22.00,'SEED-OR-20260415-001','Seed sample: POS transaction',1,'2026-05-13 20:36:54'),(106,'2026-04-15 11:47:00',775,NULL,8,38.00,24.00,304.00,192.00,112.00,'SEED-OR-20260415-002','Seed sample: POS transaction',2,'2026-05-13 20:36:54'),(107,'2026-04-15 09:58:00',797,NULL,7,145.00,90.00,1015.00,630.00,385.00,'SEED-OR-20260415-003','Seed sample: POS transaction',2,'2026-05-13 20:36:54'),(108,'2026-04-15 15:30:00',788,NULL,54,40.00,18.00,2160.00,972.00,1188.00,'SEED-OR-20260415-004','Seed sample: POS transaction',1,'2026-05-13 20:36:54'),(109,'2026-04-15 15:09:00',785,NULL,2,40.00,18.00,80.00,36.00,44.00,'SEED-OR-20260415-005','Seed sample: POS transaction',2,'2026-05-13 20:36:54'),(110,'2026-04-15 16:53:00',777,NULL,6,42.00,22.00,252.00,132.00,120.00,'SEED-OR-20260415-006','Seed sample: POS transaction',1,'2026-05-13 20:36:54'),(111,'2026-04-15 10:02:00',794,NULL,74,2.00,0.75,148.00,55.50,92.50,'SEED-OR-20260415-007','Seed sample: POS transaction',1,'2026-05-13 20:36:54'),(112,'2026-04-15 14:54:00',773,NULL,3,240.00,185.00,720.00,555.00,165.00,'SEED-OR-20260415-008','Seed sample: POS transaction',1,'2026-05-13 20:36:54'),(113,'2026-04-16 13:43:00',796,NULL,5,150.00,95.00,750.00,475.00,275.00,'SEED-OR-20260416-001','Seed sample: POS transaction',2,'2026-05-13 20:36:54'),(114,'2026-04-16 09:59:00',444,NULL,54,12.00,5.00,648.00,270.00,378.00,'SEED-OR-20260416-002','Seed sample: POS transaction',2,'2026-05-13 20:36:54'),(115,'2026-04-16 16:49:00',784,NULL,5,20.00,9.00,100.00,45.00,55.00,'SEED-OR-20260416-003','Seed sample: POS transaction',1,'2026-05-13 20:36:54'),(116,'2026-04-16 13:56:00',794,NULL,115,2.00,0.75,230.00,86.25,143.75,'SEED-OR-20260416-004','Seed sample: POS transaction',2,'2026-05-13 20:36:54'),(117,'2026-04-16 09:15:00',773,NULL,8,240.00,185.00,1920.00,1480.00,440.00,'SEED-OR-20260416-005','Seed sample: POS transaction',2,'2026-05-13 20:36:54'),(118,'2026-04-16 13:05:00',796,NULL,7,150.00,95.00,1050.00,665.00,385.00,'SEED-OR-20260416-006','Seed sample: POS transaction',2,'2026-05-13 20:36:54'),(119,'2026-04-16 15:05:00',779,NULL,7,12.00,7.50,84.00,52.50,31.50,'SEED-OR-20260416-007','Seed sample: POS transaction',2,'2026-05-13 20:36:54'),(120,'2026-04-17 12:33:00',795,NULL,154,8.00,3.00,1232.00,462.00,770.00,'SEED-OR-20260417-001','Seed sample: POS transaction',2,'2026-05-13 20:36:54'),(121,'2026-04-17 08:22:00',442,NULL,86,3.00,1.00,258.00,86.00,172.00,'SEED-OR-20260417-002','Seed sample: POS transaction',2,'2026-05-13 20:36:54'),(122,'2026-04-17 09:30:00',789,NULL,42,65.00,28.00,2730.00,1176.00,1554.00,'SEED-OR-20260417-003','Seed sample: POS transaction',1,'2026-05-13 20:36:54'),(123,'2026-04-17 08:23:00',784,NULL,4,20.00,9.00,80.00,36.00,44.00,'SEED-OR-20260417-004','Seed sample: POS transaction',2,'2026-05-13 20:36:54'),(124,'2026-04-17 13:54:00',788,NULL,76,40.00,18.00,3040.00,1368.00,1672.00,'SEED-OR-20260417-005','Seed sample: POS transaction',1,'2026-05-13 20:36:54'),(125,'2026-04-17 08:35:00',796,NULL,5,150.00,95.00,750.00,475.00,275.00,'SEED-OR-20260417-006','Seed sample: POS transaction',2,'2026-05-13 20:36:54'),(126,'2026-04-17 12:56:00',785,NULL,6,40.00,18.00,240.00,108.00,132.00,'SEED-OR-20260417-007','Seed sample: POS transaction',2,'2026-05-13 20:36:54'),(127,'2026-04-17 16:43:00',778,NULL,4,12.00,7.50,48.00,30.00,18.00,'SEED-OR-20260417-008','Seed sample: POS transaction',2,'2026-05-13 20:36:54'),(128,'2026-04-18 12:32:00',779,NULL,7,12.00,7.50,84.00,52.50,31.50,'SEED-OR-20260418-001','Seed sample: POS transaction',1,'2026-05-13 20:36:54'),(129,'2026-04-18 11:43:00',442,NULL,112,3.00,1.00,336.00,112.00,224.00,'SEED-OR-20260418-002','Seed sample: POS transaction',1,'2026-05-13 20:36:54'),(130,'2026-04-18 10:06:00',797,NULL,5,145.00,90.00,725.00,450.00,275.00,'SEED-OR-20260418-003','Seed sample: POS transaction',2,'2026-05-13 20:36:54'),(131,'2026-04-18 14:19:00',442,NULL,55,3.00,1.00,165.00,55.00,110.00,'SEED-OR-20260418-004','Seed sample: POS transaction',2,'2026-05-13 20:36:54'),(132,'2026-04-18 13:32:00',788,NULL,76,40.00,18.00,3040.00,1368.00,1672.00,'SEED-OR-20260418-005','Seed sample: POS transaction',1,'2026-05-13 20:36:54'),(133,'2026-04-18 08:40:00',774,NULL,1,225.00,175.00,225.00,175.00,50.00,'SEED-OR-20260418-006','Seed sample: POS transaction',2,'2026-05-13 20:36:54'),(134,'2026-04-18 10:34:00',794,NULL,44,2.00,0.75,88.00,33.00,55.00,'SEED-OR-20260418-007','Seed sample: POS transaction',1,'2026-05-13 20:36:54'),(135,'2026-04-19 14:21:00',777,NULL,7,42.00,22.00,294.00,154.00,140.00,'SEED-OR-20260419-001','Seed sample: POS transaction',1,'2026-05-13 20:36:54'),(136,'2026-04-19 09:14:00',785,NULL,7,40.00,18.00,280.00,126.00,154.00,'SEED-OR-20260419-002','Seed sample: POS transaction',1,'2026-05-13 20:36:54'),(137,'2026-04-19 09:52:00',444,NULL,33,12.00,5.00,396.00,165.00,231.00,'SEED-OR-20260419-003','Seed sample: POS transaction',1,'2026-05-13 20:36:54'),(138,'2026-04-19 16:33:00',789,NULL,10,65.00,28.00,650.00,280.00,370.00,'SEED-OR-20260419-004','Seed sample: POS transaction',1,'2026-05-13 20:36:54'),(139,'2026-04-19 16:47:00',775,NULL,7,38.00,24.00,266.00,168.00,98.00,'SEED-OR-20260419-005','Seed sample: POS transaction',1,'2026-05-13 20:36:54'),(140,'2026-04-19 16:18:00',442,NULL,41,3.00,1.00,123.00,41.00,82.00,'SEED-OR-20260419-006','Seed sample: POS transaction',1,'2026-05-13 20:36:54'),(141,'2026-04-19 14:42:00',796,NULL,8,150.00,95.00,1200.00,760.00,440.00,'SEED-OR-20260419-007','Seed sample: POS transaction',2,'2026-05-13 20:36:54'),(142,'2026-04-20 08:39:00',774,NULL,7,225.00,175.00,1575.00,1225.00,350.00,'SEED-OR-20260420-001','Seed sample: POS transaction',1,'2026-05-13 20:36:54'),(143,'2026-04-20 08:59:00',795,NULL,79,8.00,3.00,632.00,237.00,395.00,'SEED-OR-20260420-002','Seed sample: POS transaction',2,'2026-05-13 20:36:54'),(144,'2026-04-20 14:56:00',785,NULL,8,40.00,18.00,320.00,144.00,176.00,'SEED-OR-20260420-003','Seed sample: POS transaction',1,'2026-05-13 20:36:54'),(145,'2026-04-20 16:10:00',777,NULL,1,42.00,22.00,42.00,22.00,20.00,'SEED-OR-20260420-004','Seed sample: POS transaction',1,'2026-05-13 20:36:54'),(146,'2026-04-21 15:49:00',442,NULL,44,3.00,1.00,132.00,44.00,88.00,'SEED-OR-20260421-001','Seed sample: POS transaction',1,'2026-05-13 20:36:54'),(147,'2026-04-21 16:13:00',794,NULL,147,2.00,0.75,294.00,110.25,183.75,'SEED-OR-20260421-002','Seed sample: POS transaction',2,'2026-05-13 20:36:54'),(148,'2026-04-21 09:57:00',773,NULL,4,240.00,185.00,960.00,740.00,220.00,'SEED-OR-20260421-003','Seed sample: POS transaction',1,'2026-05-13 20:36:54'),(149,'2026-04-21 12:49:00',788,NULL,5,40.00,18.00,200.00,90.00,110.00,'SEED-OR-20260421-004','Seed sample: POS transaction',2,'2026-05-13 20:36:54'),(150,'2026-04-21 13:14:00',793,NULL,57,30.00,12.00,1710.00,684.00,1026.00,'SEED-OR-20260421-005','Seed sample: POS transaction',1,'2026-05-13 20:36:54'),(151,'2026-04-21 13:57:00',773,NULL,7,240.00,185.00,1680.00,1295.00,385.00,'SEED-OR-20260421-006','Seed sample: POS transaction',2,'2026-05-13 20:36:54'),(152,'2026-04-21 16:09:00',793,NULL,69,30.00,12.00,2070.00,828.00,1242.00,'SEED-OR-20260421-007','Seed sample: POS transaction',2,'2026-05-13 20:36:54'),(153,'2026-04-21 12:05:00',778,NULL,5,12.00,7.50,60.00,37.50,22.50,'SEED-OR-20260421-008','Seed sample: POS transaction',1,'2026-05-13 20:36:54'),(154,'2026-04-21 15:39:00',789,NULL,51,65.00,28.00,3315.00,1428.00,1887.00,'SEED-OR-20260421-009','Seed sample: POS transaction',1,'2026-05-13 20:36:54'),(155,'2026-04-22 15:50:00',795,NULL,123,8.00,3.00,984.00,369.00,615.00,'SEED-OR-20260422-001','Seed sample: POS transaction',2,'2026-05-13 20:36:54'),(156,'2026-04-22 14:59:00',442,NULL,100,3.00,1.00,300.00,100.00,200.00,'SEED-OR-20260422-002','Seed sample: POS transaction',1,'2026-05-13 20:36:54'),(157,'2026-04-22 15:02:00',779,NULL,2,12.00,7.50,24.00,15.00,9.00,'SEED-OR-20260422-003','Seed sample: POS transaction',1,'2026-05-13 20:36:54'),(158,'2026-04-22 09:31:00',788,NULL,21,40.00,18.00,840.00,378.00,462.00,'SEED-OR-20260422-004','Seed sample: POS transaction',1,'2026-05-13 20:36:54'),(159,'2026-04-22 13:27:00',795,NULL,120,8.00,3.00,960.00,360.00,600.00,'SEED-OR-20260422-005','Seed sample: POS transaction',2,'2026-05-13 20:36:54'),(160,'2026-04-22 15:21:00',785,NULL,5,40.00,18.00,200.00,90.00,110.00,'SEED-OR-20260422-006','Seed sample: POS transaction',2,'2026-05-13 20:36:54'),(161,'2026-04-22 09:38:00',778,NULL,2,12.00,7.50,24.00,15.00,9.00,'SEED-OR-20260422-007','Seed sample: POS transaction',2,'2026-05-13 20:36:54'),(162,'2026-04-22 13:23:00',794,NULL,95,2.00,0.75,190.00,71.25,118.75,'SEED-OR-20260422-008','Seed sample: POS transaction',2,'2026-05-13 20:36:54'),(163,'2026-04-23 09:01:00',774,NULL,6,225.00,175.00,1350.00,1050.00,300.00,'SEED-OR-20260423-001','Seed sample: POS transaction',1,'2026-05-13 20:36:54'),(164,'2026-04-23 12:21:00',777,NULL,6,42.00,22.00,252.00,132.00,120.00,'SEED-OR-20260423-002','Seed sample: POS transaction',1,'2026-05-13 20:36:54'),(165,'2026-04-23 10:46:00',793,NULL,79,30.00,12.00,2370.00,948.00,1422.00,'SEED-OR-20260423-003','Seed sample: POS transaction',1,'2026-05-13 20:36:54'),(166,'2026-04-23 08:51:00',778,NULL,2,12.00,7.50,24.00,15.00,9.00,'SEED-OR-20260423-004','Seed sample: POS transaction',1,'2026-05-13 20:36:54'),(167,'2026-04-23 11:10:00',773,NULL,1,240.00,185.00,240.00,185.00,55.00,'SEED-OR-20260423-005','Seed sample: POS transaction',2,'2026-05-13 20:36:54'),(168,'2026-04-23 13:00:00',793,NULL,16,30.00,12.00,480.00,192.00,288.00,'SEED-OR-20260423-006','Seed sample: POS transaction',2,'2026-05-13 20:36:54'),(169,'2026-04-24 09:37:00',773,NULL,7,240.00,185.00,1680.00,1295.00,385.00,'SEED-OR-20260424-001','Seed sample: POS transaction',1,'2026-05-13 20:36:54'),(170,'2026-04-24 08:46:00',777,NULL,2,42.00,22.00,84.00,44.00,40.00,'SEED-OR-20260424-002','Seed sample: POS transaction',1,'2026-05-13 20:36:54'),(171,'2026-04-24 16:03:00',795,NULL,92,8.00,3.00,736.00,276.00,460.00,'SEED-OR-20260424-003','Seed sample: POS transaction',2,'2026-05-13 20:36:54'),(172,'2026-04-24 10:17:00',788,NULL,52,40.00,18.00,2080.00,936.00,1144.00,'SEED-OR-20260424-004','Seed sample: POS transaction',2,'2026-05-13 20:36:54'),(173,'2026-04-25 09:50:00',793,NULL,72,30.00,12.00,2160.00,864.00,1296.00,'SEED-OR-20260425-001','Seed sample: POS transaction',1,'2026-05-13 20:36:54'),(174,'2026-04-25 15:32:00',784,NULL,1,20.00,9.00,20.00,9.00,11.00,'SEED-OR-20260425-002','Seed sample: POS transaction',1,'2026-05-13 20:36:54'),(175,'2026-04-25 16:11:00',784,NULL,7,20.00,9.00,140.00,63.00,77.00,'SEED-OR-20260425-003','Seed sample: POS transaction',1,'2026-05-13 20:36:54'),(176,'2026-04-25 09:01:00',797,NULL,3,145.00,90.00,435.00,270.00,165.00,'SEED-OR-20260425-004','Seed sample: POS transaction',1,'2026-05-13 20:36:54'),(177,'2026-04-26 11:42:00',775,NULL,8,38.00,24.00,304.00,192.00,112.00,'SEED-OR-20260426-001','Seed sample: POS transaction',1,'2026-05-13 20:36:54'),(178,'2026-04-26 11:01:00',797,NULL,5,145.00,90.00,725.00,450.00,275.00,'SEED-OR-20260426-002','Seed sample: POS transaction',2,'2026-05-13 20:36:54'),(179,'2026-04-26 15:00:00',442,NULL,159,3.00,1.00,477.00,159.00,318.00,'SEED-OR-20260426-003','Seed sample: POS transaction',2,'2026-05-13 20:36:54'),(180,'2026-04-26 11:23:00',795,NULL,172,8.00,3.00,1376.00,516.00,860.00,'SEED-OR-20260426-004','Seed sample: POS transaction',2,'2026-05-13 20:36:54'),(181,'2026-04-27 12:47:00',777,NULL,4,42.00,22.00,168.00,88.00,80.00,'SEED-OR-20260427-001','Seed sample: POS transaction',1,'2026-05-13 20:36:54'),(182,'2026-04-27 09:55:00',797,NULL,3,145.00,90.00,435.00,270.00,165.00,'SEED-OR-20260427-002','Seed sample: POS transaction',2,'2026-05-13 20:36:54'),(183,'2026-04-27 09:19:00',796,NULL,7,150.00,95.00,1050.00,665.00,385.00,'SEED-OR-20260427-003','Seed sample: POS transaction',1,'2026-05-13 20:36:54'),(184,'2026-04-27 10:18:00',778,NULL,3,12.00,7.50,36.00,22.50,13.50,'SEED-OR-20260427-004','Seed sample: POS transaction',1,'2026-05-13 20:36:54'),(185,'2026-04-27 08:57:00',774,NULL,4,225.00,175.00,900.00,700.00,200.00,'SEED-OR-20260427-005','Seed sample: POS transaction',1,'2026-05-13 20:36:54'),(186,'2026-04-27 08:25:00',796,NULL,8,150.00,95.00,1200.00,760.00,440.00,'SEED-OR-20260427-006','Seed sample: POS transaction',2,'2026-05-13 20:36:54'),(187,'2026-04-27 08:54:00',444,NULL,11,12.00,5.00,132.00,55.00,77.00,'SEED-OR-20260427-007','Seed sample: POS transaction',2,'2026-05-13 20:36:54'),(188,'2026-04-28 10:17:00',788,NULL,56,40.00,18.00,2240.00,1008.00,1232.00,'SEED-OR-20260428-001','Seed sample: POS transaction',2,'2026-05-13 20:36:54'),(189,'2026-04-28 10:18:00',777,NULL,4,42.00,22.00,168.00,88.00,80.00,'SEED-OR-20260428-002','Seed sample: POS transaction',2,'2026-05-13 20:36:54'),(190,'2026-04-28 14:29:00',778,NULL,4,12.00,7.50,48.00,30.00,18.00,'SEED-OR-20260428-003','Seed sample: POS transaction',2,'2026-05-13 20:36:54'),(191,'2026-04-28 13:47:00',788,NULL,16,40.00,18.00,640.00,288.00,352.00,'SEED-OR-20260428-004','Seed sample: POS transaction',1,'2026-05-13 20:36:54'),(192,'2026-04-28 08:33:00',777,NULL,2,42.00,22.00,84.00,44.00,40.00,'SEED-OR-20260428-005','Seed sample: POS transaction',2,'2026-05-13 20:36:54'),(193,'2026-04-28 11:52:00',789,NULL,85,65.00,28.00,5525.00,2380.00,3145.00,'SEED-OR-20260428-006','Seed sample: POS transaction',1,'2026-05-13 20:36:54'),(194,'2026-04-28 15:48:00',797,NULL,6,145.00,90.00,870.00,540.00,330.00,'SEED-OR-20260428-007','Seed sample: POS transaction',2,'2026-05-13 20:36:54'),(195,'2026-04-28 11:08:00',785,NULL,1,40.00,18.00,40.00,18.00,22.00,'SEED-OR-20260428-008','Seed sample: POS transaction',1,'2026-05-13 20:36:54'),(196,'2026-04-28 12:42:00',793,NULL,50,30.00,12.00,1500.00,600.00,900.00,'SEED-OR-20260428-009','Seed sample: POS transaction',2,'2026-05-13 20:36:54'),(197,'2026-04-29 10:47:00',444,NULL,31,12.00,5.00,372.00,155.00,217.00,'SEED-OR-20260429-001','Seed sample: POS transaction',2,'2026-05-13 20:36:54'),(198,'2026-04-29 09:07:00',774,NULL,4,225.00,175.00,900.00,700.00,200.00,'SEED-OR-20260429-002','Seed sample: POS transaction',1,'2026-05-13 20:36:54'),(199,'2026-04-29 09:49:00',795,NULL,131,8.00,3.00,1048.00,393.00,655.00,'SEED-OR-20260429-003','Seed sample: POS transaction',2,'2026-05-13 20:36:54'),(200,'2026-04-29 16:21:00',784,NULL,8,20.00,9.00,160.00,72.00,88.00,'SEED-OR-20260429-004','Seed sample: POS transaction',2,'2026-05-13 20:36:54'),(201,'2026-04-29 11:05:00',785,NULL,4,40.00,18.00,160.00,72.00,88.00,'SEED-OR-20260429-005','Seed sample: POS transaction',1,'2026-05-13 20:36:54'),(202,'2026-04-29 12:58:00',794,NULL,109,2.00,0.75,218.00,81.75,136.25,'SEED-OR-20260429-006','Seed sample: POS transaction',1,'2026-05-13 20:36:54'),(203,'2026-04-29 11:03:00',797,NULL,5,145.00,90.00,725.00,450.00,275.00,'SEED-OR-20260429-007','Seed sample: POS transaction',1,'2026-05-13 20:36:54'),(204,'2026-04-30 11:38:00',773,NULL,6,240.00,185.00,1440.00,1110.00,330.00,'SEED-OR-20260430-001','Seed sample: POS transaction',2,'2026-05-13 20:36:54'),(205,'2026-04-30 10:51:00',793,NULL,82,30.00,12.00,2460.00,984.00,1476.00,'SEED-OR-20260430-002','Seed sample: POS transaction',1,'2026-05-13 20:36:54'),(206,'2026-04-30 10:17:00',797,NULL,7,145.00,90.00,1015.00,630.00,385.00,'SEED-OR-20260430-003','Seed sample: POS transaction',1,'2026-05-13 20:36:54'),(207,'2026-04-30 08:45:00',788,NULL,74,40.00,18.00,2960.00,1332.00,1628.00,'SEED-OR-20260430-004','Seed sample: POS transaction',1,'2026-05-13 20:36:54'),(208,'2026-04-30 09:02:00',778,NULL,4,12.00,7.50,48.00,30.00,18.00,'SEED-OR-20260430-005','Seed sample: POS transaction',1,'2026-05-13 20:36:54'),(209,'2026-04-30 15:54:00',784,NULL,1,20.00,9.00,20.00,9.00,11.00,'SEED-OR-20260430-006','Seed sample: POS transaction',2,'2026-05-13 20:36:54'),(210,'2026-04-30 08:35:00',795,NULL,57,8.00,3.00,456.00,171.00,285.00,'SEED-OR-20260430-007','Seed sample: POS transaction',1,'2026-05-13 20:36:54'),(211,'2026-05-01 15:24:00',796,NULL,7,150.00,95.00,1050.00,665.00,385.00,'SEED-OR-20260501-001','Seed sample: POS transaction',1,'2026-05-13 20:36:54'),(212,'2026-05-01 12:57:00',775,NULL,2,38.00,24.00,76.00,48.00,28.00,'SEED-OR-20260501-002','Seed sample: POS transaction',1,'2026-05-13 20:36:54'),(213,'2026-05-01 09:28:00',796,NULL,8,150.00,95.00,1200.00,760.00,440.00,'SEED-OR-20260501-003','Seed sample: POS transaction',2,'2026-05-13 20:36:54'),(214,'2026-05-01 15:40:00',773,NULL,4,240.00,185.00,960.00,740.00,220.00,'SEED-OR-20260501-004','Seed sample: POS transaction',2,'2026-05-13 20:36:54'),(215,'2026-05-01 08:55:00',775,NULL,2,38.00,24.00,76.00,48.00,28.00,'SEED-OR-20260501-005','Seed sample: POS transaction',1,'2026-05-13 20:36:54'),(216,'2026-05-02 12:13:00',785,NULL,6,40.00,18.00,240.00,108.00,132.00,'SEED-OR-20260502-001','Seed sample: POS transaction',2,'2026-05-13 20:36:54'),(217,'2026-05-02 15:52:00',795,NULL,124,8.00,3.00,992.00,372.00,620.00,'SEED-OR-20260502-002','Seed sample: POS transaction',2,'2026-05-13 20:36:54'),(218,'2026-05-02 11:46:00',444,NULL,75,12.00,5.00,900.00,375.00,525.00,'SEED-OR-20260502-003','Seed sample: POS transaction',1,'2026-05-13 20:36:54'),(219,'2026-05-02 15:35:00',789,NULL,39,65.00,28.00,2535.00,1092.00,1443.00,'SEED-OR-20260502-004','Seed sample: POS transaction',2,'2026-05-13 20:36:54'),(220,'2026-05-02 14:24:00',797,NULL,1,145.00,90.00,145.00,90.00,55.00,'SEED-OR-20260502-005','Seed sample: POS transaction',1,'2026-05-13 20:36:54'),(221,'2026-05-02 15:48:00',444,NULL,68,12.00,5.00,816.00,340.00,476.00,'SEED-OR-20260502-006','Seed sample: POS transaction',1,'2026-05-13 20:36:54'),(222,'2026-05-02 16:09:00',795,NULL,136,8.00,3.00,1088.00,408.00,680.00,'SEED-OR-20260502-007','Seed sample: POS transaction',2,'2026-05-13 20:36:54'),(223,'2026-05-02 14:07:00',778,NULL,3,12.00,7.50,36.00,22.50,13.50,'SEED-OR-20260502-008','Seed sample: POS transaction',1,'2026-05-13 20:36:54'),(224,'2026-05-02 09:00:00',777,NULL,2,42.00,22.00,84.00,44.00,40.00,'SEED-OR-20260502-009','Seed sample: POS transaction',2,'2026-05-13 20:36:54'),(225,'2026-05-03 08:19:00',794,NULL,61,2.00,0.75,122.00,45.75,76.25,'SEED-OR-20260503-001','Seed sample: POS transaction',2,'2026-05-13 20:36:54'),(226,'2026-05-03 11:36:00',795,NULL,176,8.00,3.00,1408.00,528.00,880.00,'SEED-OR-20260503-002','Seed sample: POS transaction',2,'2026-05-13 20:36:54'),(227,'2026-05-03 13:57:00',784,NULL,2,20.00,9.00,40.00,18.00,22.00,'SEED-OR-20260503-003','Seed sample: POS transaction',1,'2026-05-13 20:36:54'),(228,'2026-05-03 11:12:00',775,NULL,5,38.00,24.00,190.00,120.00,70.00,'SEED-OR-20260503-004','Seed sample: POS transaction',1,'2026-05-13 20:36:54'),(229,'2026-05-03 13:14:00',778,NULL,2,12.00,7.50,24.00,15.00,9.00,'SEED-OR-20260503-005','Seed sample: POS transaction',1,'2026-05-13 20:36:54'),(230,'2026-05-03 16:02:00',785,NULL,4,40.00,18.00,160.00,72.00,88.00,'SEED-OR-20260503-006','Seed sample: POS transaction',2,'2026-05-13 20:36:54'),(231,'2026-05-03 08:25:00',444,NULL,52,12.00,5.00,624.00,260.00,364.00,'SEED-OR-20260503-007','Seed sample: POS transaction',2,'2026-05-13 20:36:54'),(232,'2026-05-03 16:45:00',795,NULL,79,8.00,3.00,632.00,237.00,395.00,'SEED-OR-20260503-008','Seed sample: POS transaction',2,'2026-05-13 20:36:54'),(233,'2026-05-03 11:05:00',796,NULL,7,150.00,95.00,1050.00,665.00,385.00,'SEED-OR-20260503-009','Seed sample: POS transaction',2,'2026-05-13 20:36:54'),(234,'2026-05-04 11:46:00',779,NULL,6,12.00,7.50,72.00,45.00,27.00,'SEED-OR-20260504-001','Seed sample: POS transaction',2,'2026-05-13 20:36:54'),(235,'2026-05-04 12:24:00',775,NULL,7,38.00,24.00,266.00,168.00,98.00,'SEED-OR-20260504-002','Seed sample: POS transaction',2,'2026-05-13 20:36:54'),(236,'2026-05-04 11:13:00',795,NULL,126,8.00,3.00,1008.00,378.00,630.00,'SEED-OR-20260504-003','Seed sample: POS transaction',2,'2026-05-13 20:36:54'),(237,'2026-05-04 09:59:00',793,NULL,59,30.00,12.00,1770.00,708.00,1062.00,'SEED-OR-20260504-004','Seed sample: POS transaction',2,'2026-05-13 20:36:54'),(238,'2026-05-04 09:52:00',779,NULL,3,12.00,7.50,36.00,22.50,13.50,'SEED-OR-20260504-005','Seed sample: POS transaction',1,'2026-05-13 20:36:54'),(239,'2026-05-04 16:24:00',442,NULL,149,3.00,1.00,447.00,149.00,298.00,'SEED-OR-20260504-006','Seed sample: POS transaction',2,'2026-05-13 20:36:54'),(240,'2026-05-04 11:46:00',442,NULL,106,3.00,1.00,318.00,106.00,212.00,'SEED-OR-20260504-007','Seed sample: POS transaction',2,'2026-05-13 20:36:54'),(241,'2026-05-04 09:13:00',779,NULL,1,12.00,7.50,12.00,7.50,4.50,'SEED-OR-20260504-008','Seed sample: POS transaction',1,'2026-05-13 20:36:54'),(242,'2026-05-04 08:01:00',785,NULL,6,40.00,18.00,240.00,108.00,132.00,'SEED-OR-20260504-009','Seed sample: POS transaction',2,'2026-05-13 20:36:54'),(243,'2026-05-05 14:27:00',788,NULL,69,40.00,18.00,2760.00,1242.00,1518.00,'SEED-OR-20260505-001','Seed sample: POS transaction',1,'2026-05-13 20:36:54'),(244,'2026-05-05 15:22:00',793,NULL,80,30.00,12.00,2400.00,960.00,1440.00,'SEED-OR-20260505-002','Seed sample: POS transaction',1,'2026-05-13 20:36:54'),(245,'2026-05-05 10:14:00',797,NULL,3,145.00,90.00,435.00,270.00,165.00,'SEED-OR-20260505-003','Seed sample: POS transaction',1,'2026-05-13 20:36:54'),(246,'2026-05-05 12:48:00',777,NULL,6,42.00,22.00,252.00,132.00,120.00,'SEED-OR-20260505-004','Seed sample: POS transaction',2,'2026-05-13 20:36:54'),(247,'2026-05-05 13:30:00',788,NULL,63,40.00,18.00,2520.00,1134.00,1386.00,'SEED-OR-20260505-005','Seed sample: POS transaction',1,'2026-05-13 20:36:54'),(248,'2026-05-05 09:06:00',794,NULL,100,2.00,0.75,200.00,75.00,125.00,'SEED-OR-20260505-006','Seed sample: POS transaction',1,'2026-05-13 20:36:54'),(249,'2026-05-05 12:51:00',796,NULL,3,150.00,95.00,450.00,285.00,165.00,'SEED-OR-20260505-007','Seed sample: POS transaction',2,'2026-05-13 20:36:54'),(250,'2026-05-06 09:34:00',794,NULL,91,2.00,0.75,182.00,68.25,113.75,'SEED-OR-20260506-001','Seed sample: POS transaction',1,'2026-05-13 20:36:54'),(251,'2026-05-06 14:58:00',797,NULL,4,145.00,90.00,580.00,360.00,220.00,'SEED-OR-20260506-002','Seed sample: POS transaction',2,'2026-05-13 20:36:54'),(252,'2026-05-06 09:31:00',775,NULL,8,38.00,24.00,304.00,192.00,112.00,'SEED-OR-20260506-003','Seed sample: POS transaction',2,'2026-05-13 20:36:54'),(253,'2026-05-06 14:29:00',795,NULL,71,8.00,3.00,568.00,213.00,355.00,'SEED-OR-20260506-004','Seed sample: POS transaction',2,'2026-05-13 20:36:54'),(254,'2026-05-06 10:33:00',775,NULL,5,38.00,24.00,190.00,120.00,70.00,'SEED-OR-20260506-005','Seed sample: POS transaction',2,'2026-05-13 20:36:54'),(255,'2026-05-06 15:57:00',784,NULL,2,20.00,9.00,40.00,18.00,22.00,'SEED-OR-20260506-006','Seed sample: POS transaction',1,'2026-05-13 20:36:54'),(256,'2026-05-06 11:51:00',442,NULL,154,3.00,1.00,462.00,154.00,308.00,'SEED-OR-20260506-007','Seed sample: POS transaction',1,'2026-05-13 20:36:54'),(257,'2026-05-06 14:36:00',442,NULL,49,3.00,1.00,147.00,49.00,98.00,'SEED-OR-20260506-008','Seed sample: POS transaction',1,'2026-05-13 20:36:54'),(258,'2026-05-06 13:10:00',779,NULL,5,12.00,7.50,60.00,37.50,22.50,'SEED-OR-20260506-009','Seed sample: POS transaction',2,'2026-05-13 20:36:54'),(259,'2026-05-07 10:10:00',444,NULL,70,12.00,5.00,840.00,350.00,490.00,'SEED-OR-20260507-001','Seed sample: POS transaction',1,'2026-05-13 20:36:54'),(260,'2026-05-07 16:13:00',793,NULL,59,30.00,12.00,1770.00,708.00,1062.00,'SEED-OR-20260507-002','Seed sample: POS transaction',1,'2026-05-13 20:36:54'),(261,'2026-05-07 12:28:00',784,NULL,5,20.00,9.00,100.00,45.00,55.00,'SEED-OR-20260507-003','Seed sample: POS transaction',1,'2026-05-13 20:36:54'),(262,'2026-05-07 08:53:00',777,NULL,2,42.00,22.00,84.00,44.00,40.00,'SEED-OR-20260507-004','Seed sample: POS transaction',2,'2026-05-13 20:36:54'),(263,'2026-05-07 11:46:00',785,NULL,7,40.00,18.00,280.00,126.00,154.00,'SEED-OR-20260507-005','Seed sample: POS transaction',2,'2026-05-13 20:36:54'),(264,'2026-05-07 10:34:00',789,NULL,77,65.00,28.00,5005.00,2156.00,2849.00,'SEED-OR-20260507-006','Seed sample: POS transaction',1,'2026-05-13 20:36:54'),(265,'2026-05-08 10:07:00',788,NULL,13,40.00,18.00,520.00,234.00,286.00,'SEED-OR-20260508-001','Seed sample: POS transaction',2,'2026-05-13 20:36:54'),(266,'2026-05-08 09:04:00',775,NULL,7,38.00,24.00,266.00,168.00,98.00,'SEED-OR-20260508-002','Seed sample: POS transaction',1,'2026-05-13 20:36:54'),(267,'2026-05-08 08:37:00',793,NULL,73,30.00,12.00,2190.00,876.00,1314.00,'SEED-OR-20260508-003','Seed sample: POS transaction',1,'2026-05-13 20:36:54'),(268,'2026-05-08 14:38:00',795,NULL,172,8.00,3.00,1376.00,516.00,860.00,'SEED-OR-20260508-004','Seed sample: POS transaction',2,'2026-05-13 20:36:54'),(269,'2026-05-08 13:10:00',773,NULL,5,240.00,185.00,1200.00,925.00,275.00,'SEED-OR-20260508-005','Seed sample: POS transaction',1,'2026-05-13 20:36:54'),(270,'2026-05-08 09:35:00',444,NULL,86,12.00,5.00,1032.00,430.00,602.00,'SEED-OR-20260508-006','Seed sample: POS transaction',2,'2026-05-13 20:36:54'),(271,'2026-05-09 14:43:00',778,NULL,1,12.00,7.50,12.00,7.50,4.50,'SEED-OR-20260509-001','Seed sample: POS transaction',1,'2026-05-13 20:36:54'),(272,'2026-05-09 11:02:00',777,NULL,8,42.00,22.00,336.00,176.00,160.00,'SEED-OR-20260509-002','Seed sample: POS transaction',1,'2026-05-13 20:36:54'),(273,'2026-05-09 12:29:00',797,NULL,1,145.00,90.00,145.00,90.00,55.00,'SEED-OR-20260509-003','Seed sample: POS transaction',1,'2026-05-13 20:36:54'),(274,'2026-05-09 09:00:00',795,NULL,39,8.00,3.00,312.00,117.00,195.00,'SEED-OR-20260509-004','Seed sample: POS transaction',2,'2026-05-13 20:36:54'),(275,'2026-05-09 14:24:00',785,NULL,1,40.00,18.00,40.00,18.00,22.00,'SEED-OR-20260509-005','Seed sample: POS transaction',1,'2026-05-13 20:36:54'),(276,'2026-05-09 08:06:00',773,NULL,3,240.00,185.00,720.00,555.00,165.00,'SEED-OR-20260509-006','Seed sample: POS transaction',1,'2026-05-13 20:36:54'),(277,'2026-05-09 15:53:00',794,NULL,154,2.00,0.75,308.00,115.50,192.50,'SEED-OR-20260509-007','Seed sample: POS transaction',1,'2026-05-13 20:36:54'),(278,'2026-05-10 12:46:00',795,NULL,93,8.00,3.00,744.00,279.00,465.00,'SEED-OR-20260510-001','Seed sample: POS transaction',2,'2026-05-13 20:36:54'),(279,'2026-05-10 12:26:00',778,NULL,8,12.00,7.50,96.00,60.00,36.00,'SEED-OR-20260510-002','Seed sample: POS transaction',2,'2026-05-13 20:36:54'),(280,'2026-05-10 13:47:00',444,NULL,69,12.00,5.00,828.00,345.00,483.00,'SEED-OR-20260510-003','Seed sample: POS transaction',1,'2026-05-13 20:36:54'),(281,'2026-05-10 14:55:00',779,NULL,2,12.00,7.50,24.00,15.00,9.00,'SEED-OR-20260510-004','Seed sample: POS transaction',1,'2026-05-13 20:36:54'),(282,'2026-05-10 10:13:00',775,NULL,3,38.00,24.00,114.00,72.00,42.00,'SEED-OR-20260510-005','Seed sample: POS transaction',2,'2026-05-13 20:36:54'),(283,'2026-05-10 09:18:00',793,NULL,25,30.00,12.00,750.00,300.00,450.00,'SEED-OR-20260510-006','Seed sample: POS transaction',2,'2026-05-13 20:36:55'),(284,'2026-05-10 08:22:00',444,NULL,61,12.00,5.00,732.00,305.00,427.00,'SEED-OR-20260510-007','Seed sample: POS transaction',2,'2026-05-13 20:36:55'),(285,'2026-05-10 13:24:00',794,NULL,167,2.00,0.75,334.00,125.25,208.75,'SEED-OR-20260510-008','Seed sample: POS transaction',2,'2026-05-13 20:36:55'),(286,'2026-05-10 15:55:00',784,NULL,1,20.00,9.00,20.00,9.00,11.00,'SEED-OR-20260510-009','Seed sample: POS transaction',2,'2026-05-13 20:36:55'),(287,'2026-05-11 16:04:00',773,NULL,1,240.00,185.00,240.00,185.00,55.00,'SEED-OR-20260511-001','Seed sample: POS transaction',1,'2026-05-13 20:36:55'),(288,'2026-05-11 16:55:00',797,NULL,6,145.00,90.00,870.00,540.00,330.00,'SEED-OR-20260511-002','Seed sample: POS transaction',1,'2026-05-13 20:36:55'),(289,'2026-05-11 08:29:00',794,NULL,22,2.00,0.75,44.00,16.50,27.50,'SEED-OR-20260511-003','Seed sample: POS transaction',1,'2026-05-13 20:36:55'),(290,'2026-05-11 12:52:00',442,NULL,96,3.00,1.00,288.00,96.00,192.00,'SEED-OR-20260511-004','Seed sample: POS transaction',1,'2026-05-13 20:36:55'),(291,'2026-05-11 15:57:00',773,NULL,8,240.00,185.00,1920.00,1480.00,440.00,'SEED-OR-20260511-005','Seed sample: POS transaction',2,'2026-05-13 20:36:55'),(292,'2026-05-11 11:41:00',773,NULL,3,240.00,185.00,720.00,555.00,165.00,'SEED-OR-20260511-006','Seed sample: POS transaction',2,'2026-05-13 20:36:55'),(293,'2026-05-11 16:27:00',785,NULL,2,40.00,18.00,80.00,36.00,44.00,'SEED-OR-20260511-007','Seed sample: POS transaction',1,'2026-05-13 20:36:55'),(294,'2026-05-12 12:49:00',775,NULL,7,38.00,24.00,266.00,168.00,98.00,'SEED-OR-20260512-001','Seed sample: POS transaction',2,'2026-05-13 20:36:55'),(295,'2026-05-12 16:17:00',773,NULL,6,240.00,185.00,1440.00,1110.00,330.00,'SEED-OR-20260512-002','Seed sample: POS transaction',1,'2026-05-13 20:36:55'),(296,'2026-05-12 15:00:00',794,NULL,161,2.00,0.75,322.00,120.75,201.25,'SEED-OR-20260512-003','Seed sample: POS transaction',1,'2026-05-13 20:36:55'),(297,'2026-05-12 10:16:00',789,NULL,37,65.00,28.00,2405.00,1036.00,1369.00,'SEED-OR-20260512-004','Seed sample: POS transaction',2,'2026-05-13 20:36:55'),(298,'2026-05-12 16:38:00',794,NULL,116,2.00,0.75,232.00,87.00,145.00,'SEED-OR-20260512-005','Seed sample: POS transaction',1,'2026-05-13 20:36:55'),(299,'2026-05-12 14:08:00',793,NULL,68,30.00,12.00,2040.00,816.00,1224.00,'SEED-OR-20260512-006','Seed sample: POS transaction',1,'2026-05-13 20:36:55'),(300,'2026-05-12 09:24:00',779,NULL,3,12.00,7.50,36.00,22.50,13.50,'SEED-OR-20260512-007','Seed sample: POS transaction',2,'2026-05-13 20:36:55'),(301,'2026-05-13 10:18:00',789,NULL,8,65.00,28.00,520.00,224.00,296.00,'SEED-OR-20260513-001','Seed sample: POS transaction',2,'2026-05-13 20:36:55'),(302,'2026-05-13 13:59:00',784,NULL,8,20.00,9.00,160.00,72.00,88.00,'SEED-OR-20260513-002','Seed sample: POS transaction',1,'2026-05-13 20:36:55'),(303,'2026-05-13 12:17:00',777,NULL,3,42.00,22.00,126.00,66.00,60.00,'SEED-OR-20260513-003','Seed sample: POS transaction',1,'2026-05-13 20:36:55'),(304,'2026-05-13 15:20:00',773,NULL,8,240.00,185.00,1920.00,1480.00,440.00,'SEED-OR-20260513-004','Seed sample: POS transaction',2,'2026-05-13 20:36:55'),(305,'2026-05-13 10:00:00',794,NULL,154,2.00,0.75,308.00,115.50,192.50,'SEED-OR-20260513-005','Seed sample: POS transaction',1,'2026-05-13 20:36:55'),(306,'2026-05-13 10:49:00',774,NULL,4,225.00,175.00,900.00,700.00,200.00,'SEED-OR-20260513-006','Seed sample: POS transaction',2,'2026-05-13 20:36:55'),(307,'2026-05-13 13:28:00',442,NULL,176,3.00,1.00,528.00,176.00,352.00,'SEED-OR-20260513-007','Seed sample: POS transaction',1,'2026-05-13 20:36:55'),(308,'2026-05-13 10:21:00',795,NULL,54,8.00,3.00,432.00,162.00,270.00,'SEED-OR-20260513-008','Seed sample: POS transaction',1,'2026-05-13 20:36:55'),(309,'2026-05-14 14:49:00',779,NULL,7,12.00,7.50,84.00,52.50,31.50,'SEED-OR-20260514-001','Seed sample: POS transaction',1,'2026-05-13 20:36:55'),(310,'2026-05-14 09:13:00',774,NULL,8,225.00,175.00,1800.00,1400.00,400.00,'SEED-OR-20260514-002','Seed sample: POS transaction',2,'2026-05-13 20:36:55'),(311,'2026-05-14 16:30:00',785,NULL,2,40.00,18.00,80.00,36.00,44.00,'SEED-OR-20260514-003','Seed sample: POS transaction',2,'2026-05-13 20:36:55'),(312,'2026-05-14 15:53:00',442,NULL,84,3.00,1.00,252.00,84.00,168.00,'SEED-OR-20260514-004','Seed sample: POS transaction',2,'2026-05-13 20:36:55'),(313,'2026-05-14 13:44:00',442,NULL,114,3.00,1.00,342.00,114.00,228.00,'SEED-OR-20260514-005','Seed sample: POS transaction',1,'2026-05-13 20:36:55'),(314,'2026-05-14 10:04:00',775,NULL,3,38.00,24.00,114.00,72.00,42.00,'SEED-OR-20260514-006','Seed sample: POS transaction',1,'2026-05-13 20:36:55'),(315,'2026-05-14 14:42:00',797,NULL,1,145.00,90.00,145.00,90.00,55.00,'SEED-OR-20260514-007','Seed sample: POS transaction',1,'2026-05-13 20:36:55'),(316,'2026-05-14 04:28:25',773,NULL,1,240.00,185.00,240.00,185.00,55.00,'0000-0005','A4 Bond Paper Ream x1',1,'2026-05-14 04:28:25'),(317,'2026-05-14 04:28:25',777,NULL,1,42.00,22.00,42.00,22.00,20.00,'0000-0005','A4 Spiral Notebook x1',1,'2026-05-14 04:28:25'),(318,'2026-05-14 04:28:25',828,NULL,1,65.00,35.00,65.00,35.00,30.00,'0000-0005','Alcohol bottle x1',1,'2026-05-14 04:28:25'),(319,'2026-05-14 04:28:25',858,NULL,1,160.00,95.00,160.00,95.00,65.00,'0000-0005','Barcode Label Roll x1',1,'2026-05-14 04:28:25'),(320,'2026-05-14 06:52:22',778,NULL,1,12.00,7.50,12.00,7.50,4.50,'0000-0011','Black Ballpen x1',1,'2026-05-14 06:52:22'),(321,'2026-05-14 06:52:22',858,NULL,1,160.00,95.00,160.00,95.00,65.00,'0000-0011','Barcode Label Roll x1',1,'2026-05-14 06:52:22'),(322,'2026-05-14 07:09:53',858,NULL,1,160.00,95.00,160.00,95.00,65.00,'0000-0014','Barcode Label Roll x1',1,'2026-05-14 07:09:53'),(323,'2026-05-14 07:10:39',782,NULL,1,9.00,4.50,9.00,4.50,4.50,'0000-0016','Brown Envelope x1',1,'2026-05-14 07:10:39'),(324,'2026-05-14 13:02:05',828,NULL,1,65.00,35.00,65.00,35.00,30.00,'0000-0021','Alcohol bottle x1',1,'2026-05-14 13:02:05'),(325,'2026-05-14 13:02:05',858,NULL,1,160.00,95.00,160.00,95.00,65.00,'0000-0021','Barcode Label Roll x1',1,'2026-05-14 13:02:05'),(326,'2026-05-14 13:08:15',777,NULL,1,42.00,22.00,42.00,22.00,20.00,'0000-0022','A4 Spiral Notebook x1',1,'2026-05-14 13:08:15'),(327,'2026-05-14 13:08:15',778,NULL,1,12.00,7.50,12.00,7.50,4.50,'0000-0022','Black Ballpen x1',1,'2026-05-14 13:08:15'),(328,'2026-05-14 13:08:15',779,NULL,1,12.00,7.50,12.00,7.50,4.50,'0000-0022','Blue Ballpen x1',1,'2026-05-14 13:08:15'),(329,'2026-05-14 13:08:15',782,NULL,1,9.00,4.50,9.00,4.50,4.50,'0000-0022','Brown Envelope x1',1,'2026-05-14 13:08:15'),(330,'2026-05-14 13:08:15',816,NULL,1,5.00,2.00,5.00,2.00,3.00,'0000-0022','Binder clips x1',1,'2026-05-14 13:08:15'),(331,'2026-05-14 13:08:15',828,NULL,1,65.00,35.00,65.00,35.00,30.00,'0000-0022','Alcohol bottle x1',1,'2026-05-14 13:08:15'),(332,'2026-05-14 14:43:03',442,NULL,2,2.00,1.00,4.00,2.00,2.00,'0000-0023','Priority 2 POS normalization checkout test | Black and White Print x2',1,'2026-05-14 14:43:03'),(333,'2026-05-14 14:43:51',442,NULL,1,2.00,1.00,2.00,1.00,1.00,'0000-0024','Priority 2 POS normalization receipt test | Black and White Print x1',1,'2026-05-14 14:43:51'),(334,'2026-05-14 14:52:55',816,NULL,1,5.00,2.00,5.00,2.00,3.00,'0000-0025','Binder clips x1',1,'2026-05-14 14:52:55'),(335,'2026-05-14 14:52:55',837,NULL,1,15.00,7.00,15.00,7.00,8.00,'0000-0025','Cartolina x1',1,'2026-05-14 14:52:55'),(336,'2026-05-14 14:55:04',778,NULL,1,12.00,7.50,12.00,7.50,4.50,'0000-0026','Black Ballpen x1',1,'2026-05-14 14:55:04'),(337,'2026-05-14 14:55:04',779,NULL,1,12.00,7.50,12.00,7.50,4.50,'0000-0026','Blue Ballpen x1',1,'2026-05-14 14:55:04'),(338,'2026-05-14 14:58:40',802,NULL,3,1.00,0.50,3.00,1.50,1.50,'0000-0027','Priority 2 verification multi-item receipt | Loose bond paper x3',1,'2026-05-14 14:58:40'),(339,'2026-05-14 14:58:40',442,NULL,2,2.00,1.00,4.00,2.00,2.00,'0000-0027','Priority 2 verification multi-item receipt | Black and White Print x2',1,'2026-05-14 14:58:40'),(340,'2026-05-14 14:59:06',802,NULL,3,1.00,0.50,3.00,1.50,1.50,'0000-0028','Priority 2 verification multi-item receipt | Loose bond paper x3',1,'2026-05-14 14:59:06'),(341,'2026-05-14 14:59:06',442,NULL,2,2.00,1.00,4.00,2.00,2.00,'0000-0028','Priority 2 verification multi-item receipt | Black and White Print x2',1,'2026-05-14 14:59:06');
/*!40000 ALTER TABLE `sales` ENABLE KEYS */;
UNLOCK TABLES;
/*!50003 SET @saved_cs_client      = @@character_set_client */ ;
/*!50003 SET @saved_cs_results     = @@character_set_results */ ;
/*!50003 SET @saved_col_connection = @@collation_connection */ ;
/*!50003 SET character_set_client  = utf8mb4 */ ;
/*!50003 SET character_set_results = utf8mb4 */ ;
/*!50003 SET collation_connection  = utf8mb4_general_ci */ ;
/*!50003 SET @saved_sql_mode       = @@sql_mode */ ;
/*!50003 SET sql_mode              = 'ONLY_FULL_GROUP_BY,STRICT_TRANS_TABLES,NO_ZERO_IN_DATE,NO_ZERO_DATE,ERROR_FOR_DIVISION_BY_ZERO,NO_ENGINE_SUBSTITUTION' */ ;
DELIMITER ;;
/*!50003 CREATE*/ /*!50003 TRIGGER `trg_sales_validate_insert` BEFORE INSERT ON `sales` FOR EACH ROW BEGIN
                IF NEW.quantity <= 0 OR NEW.unit_price < 0 OR NEW.unit_cost < 0 OR NEW.total_amount < 0 OR NEW.total_cost < 0 THEN
                    SIGNAL SQLSTATE '45000' SET MESSAGE_TEXT = 'Sale values must be valid and non-negative';
                END IF;
            END */;;
DELIMITER ;
/*!50003 SET sql_mode              = @saved_sql_mode */ ;
/*!50003 SET character_set_client  = @saved_cs_client */ ;
/*!50003 SET character_set_results = @saved_cs_results */ ;
/*!50003 SET collation_connection  = @saved_col_connection */ ;

--
-- Table structure for table `session_logs`
--

DROP TABLE IF EXISTS `session_logs`;
/*!40101 SET @saved_cs_client     = @@character_set_client */;
/*!50503 SET character_set_client = utf8mb4 */;
CREATE TABLE `session_logs` (
  `id` bigint NOT NULL AUTO_INCREMENT,
  `user_id` int DEFAULT NULL,
  `session_id` varchar(128) NOT NULL,
  `event` enum('login','logout','timeout','fingerprint_mismatch') NOT NULL,
  `ip_address` varchar(45) DEFAULT NULL,
  `user_agent` varchar(255) DEFAULT NULL,
  `created_at` datetime NOT NULL DEFAULT CURRENT_TIMESTAMP,
  PRIMARY KEY (`id`),
  KEY `idx_session_user_created` (`user_id`,`created_at`),
  KEY `idx_session_id` (`session_id`),
  CONSTRAINT `fk_session_user` FOREIGN KEY (`user_id`) REFERENCES `users` (`id`) ON DELETE SET NULL
) ENGINE=InnoDB AUTO_INCREMENT=53 DEFAULT CHARSET=utf8mb4 COLLATE=utf8mb4_0900_ai_ci;
/*!40101 SET character_set_client = @saved_cs_client */;

--
-- Dumping data for table `session_logs`
--

LOCK TABLES `session_logs` WRITE;
/*!40000 ALTER TABLE `session_logs` DISABLE KEYS */;
INSERT INTO `session_logs` VALUES (1,1,'cjdvfdj211t4f8lafn458p456v','login','::1','Mozilla/5.0 (Windows NT 10.0; Win64; x64) AppleWebKit/537.36 (KHTML, like Gecko) Chrome/148.0.0.0 Safari/537.36','2026-05-13 23:12:09'),(2,1,'cjdvfdj211t4f8lafn458p456v','logout','::1','Mozilla/5.0 (Windows NT 10.0; Win64; x64) AppleWebKit/537.36 (KHTML, like Gecko) Chrome/148.0.0.0 Safari/537.36','2026-05-13 23:12:18'),(3,1,'98j7ge6k2b1qt1s27dfuffncv0','login','::1','Mozilla/5.0 (Windows NT 10.0; Win64; x64) AppleWebKit/537.36 (KHTML, like Gecko) Chrome/148.0.0.0 Safari/537.36','2026-05-13 23:24:51'),(4,1,'98j7ge6k2b1qt1s27dfuffncv0','logout','::1','Mozilla/5.0 (Windows NT 10.0; Win64; x64) AppleWebKit/537.36 (KHTML, like Gecko) Chrome/148.0.0.0 Safari/537.36','2026-05-13 23:35:41'),(5,1,'pqp8leb0ujb25ildiu7oqi6u4g','login','::1','Mozilla/5.0 (Windows NT 10.0; Win64; x64) AppleWebKit/537.36 (KHTML, like Gecko) Chrome/148.0.0.0 Safari/537.36','2026-05-13 23:36:14'),(6,1,'pqp8leb0ujb25ildiu7oqi6u4g','logout','::1','Mozilla/5.0 (Windows NT 10.0; Win64; x64) AppleWebKit/537.36 (KHTML, like Gecko) Chrome/148.0.0.0 Safari/537.36','2026-05-13 23:36:20'),(7,1,'m2mud5dq94el733j5p9cofk0dk','login','::1','Mozilla/5.0 (Windows NT 10.0; Win64; x64) AppleWebKit/537.36 (KHTML, like Gecko) Chrome/148.0.0.0 Safari/537.36','2026-05-13 23:39:20'),(8,1,'m2mud5dq94el733j5p9cofk0dk','logout','::1','Mozilla/5.0 (Windows NT 10.0; Win64; x64) AppleWebKit/537.36 (KHTML, like Gecko) Chrome/148.0.0.0 Safari/537.36','2026-05-13 23:39:28'),(9,1,'2go1dkef54hk1fe1dkvojrmogu','login','::1','Mozilla/5.0 (Windows NT 10.0; Win64; x64) AppleWebKit/537.36 (KHTML, like Gecko) Chrome/148.0.0.0 Safari/537.36','2026-05-13 23:41:41'),(10,1,'2go1dkef54hk1fe1dkvojrmogu','logout','::1','Mozilla/5.0 (Windows NT 10.0; Win64; x64) AppleWebKit/537.36 (KHTML, like Gecko) Chrome/148.0.0.0 Safari/537.36','2026-05-13 23:44:58'),(11,1,'67sv3p1if0shd12n438shdp822','login','::1','Mozilla/5.0 (Windows NT 10.0; Win64; x64) AppleWebKit/537.36 (KHTML, like Gecko) Chrome/148.0.0.0 Safari/537.36','2026-05-13 23:49:15'),(12,1,'67sv3p1if0shd12n438shdp822','logout','::1','Mozilla/5.0 (Windows NT 10.0; Win64; x64) AppleWebKit/537.36 (KHTML, like Gecko) Chrome/148.0.0.0 Safari/537.36','2026-05-14 00:25:40'),(13,1,'91m116f58mcrucqgjj6o1lo4le','login','::1','Mozilla/5.0 (Windows NT 10.0; Win64; x64) AppleWebKit/537.36 (KHTML, like Gecko) Chrome/148.0.0.0 Safari/537.36','2026-05-14 00:26:20'),(14,1,'seed-session-0-1','login','10.90.1.21','Seed Browser / Windows','2026-05-13 04:36:55'),(15,1,'seed-session-0-2','login','10.90.1.22','Seed Browser / Windows','2026-05-12 04:36:55'),(16,1,'seed-session-0-3','login','10.90.1.23','Seed Browser / Windows','2026-05-11 04:36:55'),(17,1,'seed-session-0-4','logout','10.90.1.24','Seed Browser / Windows','2026-05-10 04:36:55'),(18,2,'seed-session-1-1','login','10.90.1.22','Seed Browser / Windows','2026-05-13 04:36:55'),(19,2,'seed-session-1-2','login','10.90.1.23','Seed Browser / Windows','2026-05-12 04:36:55'),(20,2,'seed-session-1-3','login','10.90.1.24','Seed Browser / Windows','2026-05-11 04:36:55'),(21,2,'seed-session-1-4','logout','10.90.1.25','Seed Browser / Windows','2026-05-10 04:36:55'),(22,1,'8brf2ip71pf8huvbdrri5g8cr3','login','::1','Mozilla/5.0 (Windows NT 10.0; Win64; x64) AppleWebKit/537.36 (KHTML, like Gecko) Chrome/148.0.0.0 Safari/537.36','2026-05-14 04:58:13'),(23,1,'8brf2ip71pf8huvbdrri5g8cr3','logout','::1','Mozilla/5.0 (Windows NT 10.0; Win64; x64) AppleWebKit/537.36 (KHTML, like Gecko) Chrome/148.0.0.0 Safari/537.36','2026-05-14 05:39:21'),(24,1,'0kfm2vcstho8vrtadt47q34rrp','login','::1','Mozilla/5.0 (Windows NT 10.0; Win64; x64) AppleWebKit/537.36 (KHTML, like Gecko) Chrome/148.0.0.0 Safari/537.36','2026-05-14 05:39:27'),(25,1,'0kfm2vcstho8vrtadt47q34rrp','timeout','::1','Mozilla/5.0 (Windows NT 10.0; Win64; x64) AppleWebKit/537.36 (KHTML, like Gecko) Chrome/148.0.0.0 Safari/537.36','2026-05-14 09:37:08'),(26,1,'tpceq9ita0h68o3v5c2dqvqarc','login','::1','Mozilla/5.0 (Windows NT 10.0; Win64; x64) AppleWebKit/537.36 (KHTML, like Gecko) Chrome/148.0.0.0 Safari/537.36','2026-05-14 09:37:14'),(27,1,'tpceq9ita0h68o3v5c2dqvqarc','logout','::1','Mozilla/5.0 (Windows NT 10.0; Win64; x64) AppleWebKit/537.36 (KHTML, like Gecko) Chrome/148.0.0.0 Safari/537.36','2026-05-14 10:01:02'),(28,1,'ptpsspaj0ds6erho4bn07nqu20','login','::1','Mozilla/5.0 (Windows NT 10.0; Win64; x64) AppleWebKit/537.36 (KHTML, like Gecko) Chrome/148.0.0.0 Safari/537.36','2026-05-14 10:02:54'),(29,1,'ptpsspaj0ds6erho4bn07nqu20','timeout','::1','Mozilla/5.0 (Windows NT 10.0; Win64; x64) AppleWebKit/537.36 (KHTML, like Gecko) Chrome/148.0.0.0 Safari/537.36','2026-05-14 10:55:10'),(30,1,'18mfk87lgpaaf00mfvibhgg7cp','login','::1','Mozilla/5.0 (Windows NT 10.0; Win64; x64) AppleWebKit/537.36 (KHTML, like Gecko) Chrome/148.0.0.0 Safari/537.36','2026-05-14 10:55:57'),(31,1,'18mfk87lgpaaf00mfvibhgg7cp','timeout','::1','Mozilla/5.0 (Windows NT 10.0; Win64; x64) AppleWebKit/537.36 (KHTML, like Gecko) Chrome/148.0.0.0 Safari/537.36','2026-05-14 11:58:21'),(32,1,'0eojt1nuh1vs3apb6fninlhvo1','login','::1','Mozilla/5.0 (Windows NT 10.0; Win64; x64) AppleWebKit/537.36 (KHTML, like Gecko) Chrome/148.0.0.0 Safari/537.36','2026-05-14 11:58:27'),(33,1,'7hhi138bng3keje9ap83re71fm','login','::1','Mozilla/5.0 (Windows NT 10.0; Win64; x64) AppleWebKit/537.36 (KHTML, like Gecko) Chrome/148.0.0.0 Safari/537.36','2026-05-14 14:26:23'),(34,1,'7hhi138bng3keje9ap83re71fm','logout','::1','Mozilla/5.0 (Windows NT 10.0; Win64; x64) AppleWebKit/537.36 (KHTML, like Gecko) Chrome/148.0.0.0 Safari/537.36','2026-05-14 14:26:29'),(35,1,'e1f7d798ods3ofpmnq775qortn','login','::1','Mozilla/5.0 (Windows NT 10.0; Win64; x64) AppleWebKit/537.36 (KHTML, like Gecko) Chrome/148.0.0.0 Safari/537.36','2026-05-14 14:37:23'),(36,1,'0d20711vi3m2obn7gb9obeq00i','login','127.0.0.1','Mozilla/5.0 (Windows NT 10.0; Win64; x64) AppleWebKit/537.36 (KHTML, like Gecko) HeadlessChrome/148.0.0.0 Safari/537.36','2026-05-14 16:20:33'),(37,1,'e1f7d798ods3ofpmnq775qortn','timeout','::1','Mozilla/5.0 (Windows NT 10.0; Win64; x64) AppleWebKit/537.36 (KHTML, like Gecko) Chrome/148.0.0.0 Safari/537.36','2026-05-14 21:01:25'),(38,1,'djmmngbpsi1dlttm1rtuie8nt8','login','::1','Mozilla/5.0 (Windows NT 10.0; Win64; x64) AppleWebKit/537.36 (KHTML, like Gecko) Chrome/148.0.0.0 Safari/537.36','2026-05-14 21:01:31'),(39,1,'8mn20cq6vfqhcagj9scdc1cif3','login','::1','Mozilla/5.0 (Windows NT; Windows NT 10.0; en-PH) WindowsPowerShell/5.1.26100.8115','2026-05-14 22:33:44'),(40,1,'rs6vrdqp4juag6tfie03ia958a','login','::1','Mozilla/5.0 (Windows NT; Windows NT 10.0; en-PH) WindowsPowerShell/5.1.26100.8115','2026-05-14 22:34:02'),(41,1,'2iema9kqn4770r636a1e3hsdid','login','::1','Mozilla/5.0 (Windows NT; Windows NT 10.0; en-PH) WindowsPowerShell/5.1.26100.8115','2026-05-14 22:34:18'),(42,1,'ejlr3luq7nvojhputgs35ic1gk','login','::1','Mozilla/5.0 (Windows NT; Windows NT 10.0; en-PH) WindowsPowerShell/5.1.26100.8115','2026-05-14 22:34:53'),(43,1,'o3h047g63hv3h9d7egime2gip7','login','::1','Mozilla/5.0 (Windows NT; Windows NT 10.0; en-PH) WindowsPowerShell/5.1.26100.8115','2026-05-14 22:35:25'),(44,1,'69fidp4mgto4uj9848vhuf5fs2','login','::1','Mozilla/5.0 (Windows NT; Windows NT 10.0; en-PH) WindowsPowerShell/5.1.26100.8115','2026-05-14 22:42:57'),(45,1,'mc3bu4829gikkg35f6uqt9tuj1','login','::1','Mozilla/5.0 (Windows NT; Windows NT 10.0; en-PH) WindowsPowerShell/5.1.26100.8115','2026-05-14 22:43:45'),(46,1,'tcf1j3aumtcg0v71t4kthbubf5','login','::1','Mozilla/5.0 (Windows NT; Windows NT 10.0; en-PH) WindowsPowerShell/5.1.26100.8115','2026-05-14 22:46:10'),(47,1,'4h0cp4eskbu0hgdoef95e2aa4i','login','::1','Mozilla/5.0 (Windows NT; Windows NT 10.0; en-PH) WindowsPowerShell/5.1.26100.8115','2026-05-14 22:58:33'),(48,1,'8rlct54at7chcas3gf6cjmgouv','login','::1','Mozilla/5.0 (Windows NT; Windows NT 10.0; en-PH) WindowsPowerShell/5.1.26100.8115','2026-05-14 22:59:00'),(49,1,'9fnteju1dd6krh47ikcrbbetka','login','::1','Mozilla/5.0 (Windows NT; Windows NT 10.0; en-PH) WindowsPowerShell/5.1.26100.8115','2026-05-14 23:02:03'),(50,1,'vpl9deq53237hrk1cmarjvi8sf','login','::1','Mozilla/5.0 (Windows NT; Windows NT 10.0; en-PH) WindowsPowerShell/5.1.26100.8115','2026-05-14 23:02:33'),(51,1,'4ah7k8oev80mq8okq4l467sohb','login','::1','Mozilla/5.0 (Windows NT; Windows NT 10.0; en-PH) WindowsPowerShell/5.1.26100.8115','2026-05-14 23:03:05'),(52,1,'oanomjic45a96k8mat98poefrf','login','::1','Mozilla/5.0 (Windows NT; Windows NT 10.0; en-PH) WindowsPowerShell/5.1.26100.8115','2026-05-14 23:03:50');
/*!40000 ALTER TABLE `session_logs` ENABLE KEYS */;
UNLOCK TABLES;

--
-- Table structure for table `system_error_logs`
--

DROP TABLE IF EXISTS `system_error_logs`;
/*!40101 SET @saved_cs_client     = @@character_set_client */;
/*!50503 SET character_set_client = utf8mb4 */;
CREATE TABLE `system_error_logs` (
  `id` bigint NOT NULL AUTO_INCREMENT,
  `user_id` int DEFAULT NULL,
  `severity` enum('notice','warning','error','critical') NOT NULL DEFAULT 'error',
  `message` varchar(255) NOT NULL,
  `context` text,
  `ip_address` varchar(45) DEFAULT NULL,
  `created_at` datetime NOT NULL DEFAULT CURRENT_TIMESTAMP,
  PRIMARY KEY (`id`),
  KEY `idx_error_created_at` (`created_at`),
  KEY `idx_error_severity` (`severity`,`created_at`),
  KEY `fk_error_user` (`user_id`),
  CONSTRAINT `fk_error_user` FOREIGN KEY (`user_id`) REFERENCES `users` (`id`) ON DELETE SET NULL
) ENGINE=InnoDB AUTO_INCREMENT=11 DEFAULT CHARSET=utf8mb4 COLLATE=utf8mb4_0900_ai_ci;
/*!40101 SET character_set_client = @saved_cs_client */;

--
-- Dumping data for table `system_error_logs`
--

LOCK TABLES `system_error_logs` WRITE;
/*!40000 ALTER TABLE `system_error_logs` DISABLE KEYS */;
INSERT INTO `system_error_logs` VALUES (1,1,'notice','Report preview loaded with no rows for selected filter.','{\"summary\":\"Seed sample: security log data\"}','10.90.3.40','2026-05-13 04:36:55'),(2,1,'warning','Low stock threshold reached for ID Lace.','{\"summary\":\"Seed sample: security log data\"}','10.90.3.41','2026-05-12 04:36:55'),(3,2,'error','Receipt printer unavailable during test print.','{\"summary\":\"Seed sample: security log data\"}','10.90.3.42','2026-05-11 04:36:55'),(4,1,'warning','Undefined array key \"REQUEST_METHOD\"','{\"file\":\"C:\\\\laragon\\\\www\\\\mbc-production\\\\pages\\\\backup.php\",\"line\":83,\"severity\":2}','unknown','2026-05-14 04:54:12'),(5,1,'warning','Undefined array key \"REQUEST_METHOD\"','{\"file\":\"C:\\\\laragon\\\\www\\\\mbc-production\\\\pages\\\\users.php\",\"line\":9,\"severity\":2}','unknown','2026-05-14 04:54:12'),(6,1,'critical','Uncaught TypeError: render_header(): Argument #1 ($title) must be of type string, array given, called in C:\\laragon\\www\\mbc-production\\pages\\sales.php on line 405 and defined in C:\\laragon\\www\\mbc-production\\components\\layout.php:89\nStack trace:\n#0 C:\\lar','{\"file\":\"C:\\\\laragon\\\\www\\\\mbc-production\\\\components\\\\layout.php\",\"line\":89,\"type\":1}','::1','2026-05-14 09:40:52'),(7,NULL,'critical','Uncaught PDOException: SQLSTATE[42000]: Syntax error or access violation: 1064 You have an error in your SQL syntax; check the manual that corresponds to your MySQL server version for the right syntax to use near \'%print% OR sku LIKE %PRINT% ORDER BY name','{\"file\":\"Command line code\",\"line\":2,\"type\":1}','unknown','2026-05-14 10:49:53'),(8,NULL,'critical','Uncaught PDOException: SQLSTATE[HY093]: Invalid parameter number in Standard input code:4\nStack trace:\n#0 Standard input code(4): PDOStatement->execute(Array)\n#1 {main}\n  thrown','{\"file\":\"Standard input code\",\"line\":4,\"type\":1}','unknown','2026-05-14 22:23:35'),(9,1,'critical','Uncaught PDOException: SQLSTATE[HY093]: Invalid parameter number in C:\\laragon\\www\\mbc-production\\pages\\sales-reports.php:31\nStack trace:\n#0 C:\\laragon\\www\\mbc-production\\pages\\sales-reports.php(31): PDOStatement->execute(Array)\n#1 C:\\laragon\\www\\mbc-prod','{\"file\":\"C:\\\\laragon\\\\www\\\\mbc-production\\\\pages\\\\sales-reports.php\",\"line\":31,\"type\":1}','::1','2026-05-14 23:02:37'),(10,1,'critical','Uncaught PDOException: SQLSTATE[HY093]: Invalid parameter number in C:\\laragon\\www\\mbc-production\\pages\\sales-reports.php:31\nStack trace:\n#0 C:\\laragon\\www\\mbc-production\\pages\\sales-reports.php(31): PDOStatement->execute(Array)\n#1 C:\\laragon\\www\\mbc-prod','{\"file\":\"C:\\\\laragon\\\\www\\\\mbc-production\\\\pages\\\\sales-reports.php\",\"line\":31,\"type\":1}','::1','2026-05-14 23:03:07');
/*!40000 ALTER TABLE `system_error_logs` ENABLE KEYS */;
UNLOCK TABLES;

--
-- Table structure for table `system_settings`
--

DROP TABLE IF EXISTS `system_settings`;
/*!40101 SET @saved_cs_client     = @@character_set_client */;
/*!50503 SET character_set_client = utf8mb4 */;
CREATE TABLE `system_settings` (
  `setting_key` varchar(100) NOT NULL,
  `setting_value` text,
  `updated_by` int DEFAULT NULL,
  `updated_at` timestamp NULL DEFAULT CURRENT_TIMESTAMP ON UPDATE CURRENT_TIMESTAMP,
  PRIMARY KEY (`setting_key`),
  KEY `idx_system_settings_updated_by` (`updated_by`),
  CONSTRAINT `fk_system_settings_user` FOREIGN KEY (`updated_by`) REFERENCES `users` (`id`) ON DELETE SET NULL
) ENGINE=InnoDB DEFAULT CHARSET=utf8mb4 COLLATE=utf8mb4_0900_ai_ci;
/*!40101 SET character_set_client = @saved_cs_client */;

--
-- Dumping data for table `system_settings`
--

LOCK TABLES `system_settings` WRITE;
/*!40000 ALTER TABLE `system_settings` DISABLE KEYS */;
INSERT INTO `system_settings` VALUES ('display.dashboard_default_range','daily',NULL,'2026-05-13 15:11:58'),('display.default_table_rows','10',NULL,'2026-05-13 15:11:58'),('display.sidebar_default_state','expanded',NULL,'2026-05-13 15:11:58'),('display.theme_color','green-gold',NULL,'2026-05-13 15:11:58'),('organization.address','',NULL,'2026-05-13 15:11:58'),('organization.campus_name','Bongabong Campus',NULL,'2026-05-13 15:11:58'),('organization.contact_information','',NULL,'2026-05-13 15:11:58'),('organization.logo_path','assets/images/logo.png',NULL,'2026-05-13 15:11:58'),('organization.office_name','Production and Business Operation',NULL,'2026-05-13 15:11:58'),('organization.system_name','Production and Business Operation Record Management System',NULL,'2026-05-13 15:11:58'),('organization.university_name','Mindoro State University',NULL,'2026-05-13 15:11:58'),('pos.or_next_sequence','29',NULL,'2026-05-14 14:59:06'),('reports.approved_by_default','System Administrator',NULL,'2026-05-13 15:11:58'),('reports.confidentiality_note','This document contains sensitive institutional information. Handle with appropriate care.',NULL,'2026-05-13 15:11:58'),('reports.footer_notes','Generated by the Production and Business Operation Record Management System.',NULL,'2026-05-13 15:11:58'),('reports.or_number_format','0000-{0000}',NULL,'2026-05-13 20:46:46'),('reports.prepared_by_default','',NULL,'2026-05-13 15:11:58'),('reports.receipt_header','Mindoro State University Bongabong Campus',NULL,'2026-05-13 15:11:58'),('reports.reviewed_by_default','Department Head / Supervisor',NULL,'2026-05-13 15:11:58'),('security.account_lock_duration','15',NULL,'2026-05-13 15:11:58'),('security.enable_session_logs','1',NULL,'2026-05-13 15:11:58'),('security.maximum_login_attempts','5',NULL,'2026-05-13 15:11:58'),('security.password_minimum_length','8',NULL,'2026-05-13 15:11:58'),('security.require_strong_password','1',NULL,'2026-05-13 15:11:58'),('security.session_timeout','30',NULL,'2026-05-13 15:11:58');
/*!40000 ALTER TABLE `system_settings` ENABLE KEYS */;
UNLOCK TABLES;

--
-- Table structure for table `users`
--

DROP TABLE IF EXISTS `users`;
/*!40101 SET @saved_cs_client     = @@character_set_client */;
/*!50503 SET character_set_client = utf8mb4 */;
CREATE TABLE `users` (
  `id` int NOT NULL AUTO_INCREMENT,
  `username` varchar(50) NOT NULL,
  `password_hash` varchar(255) NOT NULL,
  `full_name` varchar(120) NOT NULL,
  `role` enum('admin','staff') NOT NULL DEFAULT 'staff',
  `status` enum('pending','approved','suspended') NOT NULL DEFAULT 'approved',
  `approved_by` int DEFAULT NULL,
  `approved_at` datetime DEFAULT NULL,
  `created_at` timestamp NULL DEFAULT CURRENT_TIMESTAMP,
  PRIMARY KEY (`id`),
  UNIQUE KEY `username` (`username`)
) ENGINE=InnoDB AUTO_INCREMENT=4 DEFAULT CHARSET=utf8mb4 COLLATE=utf8mb4_0900_ai_ci;
/*!40101 SET character_set_client = @saved_cs_client */;

--
-- Dumping data for table `users`
--

LOCK TABLES `users` WRITE;
/*!40000 ALTER TABLE `users` DISABLE KEYS */;
INSERT INTO `users` VALUES (1,'admin','$2y$10$PmIVqx4l99KNUdZ7c1D7w.j.RcX8xRVe9eVCBe7QBcyxhF5NPMjxi','BPO Admin','admin','approved',NULL,NULL,'2026-05-13 15:11:58'),(2,'staff','$2y$10$uUc9sBb8EZnGSyyFzAYzSOwP1KYmAXFPNMF3lK3HLeUKO6Y7YiJuG','BPO Staff','staff','approved',NULL,NULL,'2026-05-13 15:11:58'),(3,'BPO staff2','$2y$10$Oz8KbqMWjD0D/zEgjXE4OeHxVhsgfnYPC2dwvouUMp11OaSqXUOhS','Alessandra Rivano','staff','approved',1,'2026-05-14 13:12:00','2026-05-14 13:12:00');
/*!40000 ALTER TABLE `users` ENABLE KEYS */;
UNLOCK TABLES;

--
-- Temporary view structure for view `v_cashflow_summary`
--

DROP TABLE IF EXISTS `v_cashflow_summary`;
/*!50001 DROP VIEW IF EXISTS `v_cashflow_summary`*/;
SET @saved_cs_client     = @@character_set_client;
/*!50503 SET character_set_client = utf8mb4 */;
/*!50001 CREATE VIEW `v_cashflow_summary` AS SELECT 
 1 AS `report_date`,
 1 AS `source_module`,
 1 AS `cash_in`,
 1 AS `cash_out`,
 1 AS `net_cash`*/;
SET character_set_client = @saved_cs_client;

--
-- Temporary view structure for view `v_daily_sales_summary`
--

DROP TABLE IF EXISTS `v_daily_sales_summary`;
/*!50001 DROP VIEW IF EXISTS `v_daily_sales_summary`*/;
SET @saved_cs_client     = @@character_set_client;
/*!50503 SET character_set_client = utf8mb4 */;
/*!50001 CREATE VIEW `v_daily_sales_summary` AS SELECT 
 1 AS `report_date`,
 1 AS `total_sales`,
 1 AS `units_sold`,
 1 AS `revenue`,
 1 AS `cost`,
 1 AS `profit`*/;
SET character_set_client = @saved_cs_client;

--
-- Temporary view structure for view `v_inventory_category_summary`
--

DROP TABLE IF EXISTS `v_inventory_category_summary`;
/*!50001 DROP VIEW IF EXISTS `v_inventory_category_summary`*/;
SET @saved_cs_client     = @@character_set_client;
/*!50503 SET character_set_client = utf8mb4 */;
/*!50001 CREATE VIEW `v_inventory_category_summary` AS SELECT 
 1 AS `category`,
 1 AS `product_count`,
 1 AS `stock_units`,
 1 AS `stock_value`,
 1 AS `low_stock_count`*/;
SET character_set_client = @saved_cs_client;

--
-- Temporary view structure for view `v_inventory_group_summary`
--

DROP TABLE IF EXISTS `v_inventory_group_summary`;
/*!50001 DROP VIEW IF EXISTS `v_inventory_group_summary`*/;
SET @saved_cs_client     = @@character_set_client;
/*!50503 SET character_set_client = utf8mb4 */;
/*!50001 CREATE VIEW `v_inventory_group_summary` AS SELECT 
 1 AS `product_group`,
 1 AS `product_count`,
 1 AS `stock_units`,
 1 AS `stock_value`,
 1 AS `low_stock_count`*/;
SET character_set_client = @saved_cs_client;

--
-- Temporary view structure for view `v_overdue_project_accounts`
--

DROP TABLE IF EXISTS `v_overdue_project_accounts`;
/*!50001 DROP VIEW IF EXISTS `v_overdue_project_accounts`*/;
SET @saved_cs_client     = @@character_set_client;
/*!50503 SET character_set_client = utf8mb4 */;
/*!50001 CREATE VIEW `v_overdue_project_accounts` AS SELECT 
 1 AS `id`,
 1 AS `account_name`,
 1 AS `code`,
 1 AS `contact_name`,
 1 AS `next_due_date`,
 1 AS `expected_amount`,
 1 AS `category_slug`,
 1 AS `category_name`*/;
SET character_set_client = @saved_cs_client;

--
-- Temporary view structure for view `v_project_category_summary`
--

DROP TABLE IF EXISTS `v_project_category_summary`;
/*!50001 DROP VIEW IF EXISTS `v_project_category_summary`*/;
SET @saved_cs_client     = @@character_set_client;
/*!50503 SET character_set_client = utf8mb4 */;
/*!50001 CREATE VIEW `v_project_category_summary` AS SELECT 
 1 AS `category_id`,
 1 AS `slug`,
 1 AS `name`,
 1 AS `income`,
 1 AS `expense`,
 1 AS `net_income`*/;
SET character_set_client = @saved_cs_client;

--
-- Current Database: `u317918921_bcenter`
--

USE `u317918921_bcenter`;

--
-- Final view structure for view `v_cashflow_summary`
--

/*!50001 DROP VIEW IF EXISTS `v_cashflow_summary`*/;
/*!50001 SET @saved_cs_client          = @@character_set_client */;
/*!50001 SET @saved_cs_results         = @@character_set_results */;
/*!50001 SET @saved_col_connection     = @@collation_connection */;
/*!50001 SET character_set_client      = utf8mb4 */;
/*!50001 SET character_set_results     = utf8mb4 */;
/*!50001 SET collation_connection      = utf8mb4_general_ci */;
/*!50001 CREATE ALGORITHM=UNDEFINED */
/*!50013 SQL SECURITY DEFINER */
/*!50001 VIEW `v_cashflow_summary` AS select cast(`ct`.`txn_date` as date) AS `report_date`,`ct`.`source_module` AS `source_module`,coalesce(sum((case when (`ct`.`direction` = 'in') then `ct`.`amount` else 0 end)),0) AS `cash_in`,coalesce(sum((case when (`ct`.`direction` = 'out') then `ct`.`amount` else 0 end)),0) AS `cash_out`,coalesce(sum((case when (`ct`.`direction` = 'in') then `ct`.`amount` else -(`ct`.`amount`) end)),0) AS `net_cash` from `cash_transactions` `ct` group by cast(`ct`.`txn_date` as date),`ct`.`source_module` */;
/*!50001 SET character_set_client      = @saved_cs_client */;
/*!50001 SET character_set_results     = @saved_cs_results */;
/*!50001 SET collation_connection      = @saved_col_connection */;

--
-- Final view structure for view `v_daily_sales_summary`
--

/*!50001 DROP VIEW IF EXISTS `v_daily_sales_summary`*/;
/*!50001 SET @saved_cs_client          = @@character_set_client */;
/*!50001 SET @saved_cs_results         = @@character_set_results */;
/*!50001 SET @saved_col_connection     = @@collation_connection */;
/*!50001 SET character_set_client      = utf8mb4 */;
/*!50001 SET character_set_results     = utf8mb4 */;
/*!50001 SET collation_connection      = utf8mb4_general_ci */;
/*!50001 CREATE ALGORITHM=UNDEFINED */
/*!50013 SQL SECURITY DEFINER */
/*!50001 VIEW `v_daily_sales_summary` AS select cast(`sh`.`sale_date` as date) AS `report_date`,count(distinct `sh`.`id`) AS `total_sales`,coalesce(sum(`si`.`quantity`),0) AS `units_sold`,coalesce(sum(`si`.`total_amount`),0) AS `revenue`,coalesce(sum(`si`.`total_cost`),0) AS `cost`,coalesce(sum(`si`.`profit`),0) AS `profit` from (`sale_headers` `sh` join `sale_items` `si` on((`si`.`sale_header_id` = `sh`.`id`))) group by cast(`sh`.`sale_date` as date) */;
/*!50001 SET character_set_client      = @saved_cs_client */;
/*!50001 SET character_set_results     = @saved_cs_results */;
/*!50001 SET collation_connection      = @saved_col_connection */;

--
-- Final view structure for view `v_inventory_category_summary`
--

/*!50001 DROP VIEW IF EXISTS `v_inventory_category_summary`*/;
/*!50001 SET @saved_cs_client          = @@character_set_client */;
/*!50001 SET @saved_cs_results         = @@character_set_results */;
/*!50001 SET @saved_col_connection     = @@collation_connection */;
/*!50001 SET character_set_client      = utf8mb4 */;
/*!50001 SET character_set_results     = utf8mb4 */;
/*!50001 SET collation_connection      = utf8mb4_general_ci */;
/*!50001 CREATE ALGORITHM=UNDEFINED */
/*!50013 SQL SECURITY DEFINER */
/*!50001 VIEW `v_inventory_category_summary` AS select `products`.`category` AS `category`,count(0) AS `product_count`,coalesce(sum((case when (`products`.`type` = 'item') then `products`.`stock_qty` else 0 end)),0) AS `stock_units`,coalesce(sum((case when (`products`.`type` = 'item') then (`products`.`stock_qty` * `products`.`selling_price`) else 0 end)),0) AS `stock_value`,coalesce(sum((case when ((`products`.`type` = 'item') and (`products`.`stock_qty` <= `products`.`low_stock_threshold`)) then 1 else 0 end)),0) AS `low_stock_count` from `products` where (`products`.`is_active` = 1) group by `products`.`category` */;
/*!50001 SET character_set_client      = @saved_cs_client */;
/*!50001 SET character_set_results     = @saved_cs_results */;
/*!50001 SET collation_connection      = @saved_col_connection */;

--
-- Final view structure for view `v_inventory_group_summary`
--

/*!50001 DROP VIEW IF EXISTS `v_inventory_group_summary`*/;
/*!50001 SET @saved_cs_client          = @@character_set_client */;
/*!50001 SET @saved_cs_results         = @@character_set_results */;
/*!50001 SET @saved_col_connection     = @@collation_connection */;
/*!50001 SET character_set_client      = utf8mb4 */;
/*!50001 SET character_set_results     = utf8mb4 */;
/*!50001 SET collation_connection      = utf8mb4_general_ci */;
/*!50001 CREATE ALGORITHM=UNDEFINED */
/*!50013 SQL SECURITY DEFINER */
/*!50001 VIEW `v_inventory_group_summary` AS select `products`.`product_group` AS `product_group`,count(0) AS `product_count`,coalesce(sum((case when (`products`.`type` = 'item') then `products`.`stock_qty` else 0 end)),0) AS `stock_units`,coalesce(sum((case when (`products`.`type` = 'item') then (`products`.`stock_qty` * `products`.`selling_price`) else 0 end)),0) AS `stock_value`,coalesce(sum((case when ((`products`.`type` = 'item') and (`products`.`stock_qty` <= `products`.`low_stock_threshold`)) then 1 else 0 end)),0) AS `low_stock_count` from `products` where (`products`.`is_active` = 1) group by `products`.`product_group` */;
/*!50001 SET character_set_client      = @saved_cs_client */;
/*!50001 SET character_set_results     = @saved_cs_results */;
/*!50001 SET collation_connection      = @saved_col_connection */;

--
-- Final view structure for view `v_overdue_project_accounts`
--

/*!50001 DROP VIEW IF EXISTS `v_overdue_project_accounts`*/;
/*!50001 SET @saved_cs_client          = @@character_set_client */;
/*!50001 SET @saved_cs_results         = @@character_set_results */;
/*!50001 SET @saved_col_connection     = @@collation_connection */;
/*!50001 SET character_set_client      = utf8mb4 */;
/*!50001 SET character_set_results     = utf8mb4 */;
/*!50001 SET collation_connection      = utf8mb4_general_ci */;
/*!50001 CREATE ALGORITHM=UNDEFINED */
/*!50013 SQL SECURITY DEFINER */
/*!50001 VIEW `v_overdue_project_accounts` AS select `pa`.`id` AS `id`,`pa`.`account_name` AS `account_name`,`pa`.`code` AS `code`,`pa`.`contact_name` AS `contact_name`,`pa`.`next_due_date` AS `next_due_date`,`pa`.`expected_amount` AS `expected_amount`,`pc`.`slug` AS `category_slug`,`pc`.`name` AS `category_name` from (`project_accounts` `pa` join `project_categories` `pc` on((`pc`.`id` = `pa`.`category_id`))) where ((`pa`.`status` = 'active') and (`pa`.`next_due_date` is not null) and (`pa`.`next_due_date` < curdate())) */;
/*!50001 SET character_set_client      = @saved_cs_client */;
/*!50001 SET character_set_results     = @saved_cs_results */;
/*!50001 SET collation_connection      = @saved_col_connection */;

--
-- Final view structure for view `v_project_category_summary`
--

/*!50001 DROP VIEW IF EXISTS `v_project_category_summary`*/;
/*!50001 SET @saved_cs_client          = @@character_set_client */;
/*!50001 SET @saved_cs_results         = @@character_set_results */;
/*!50001 SET @saved_col_connection     = @@collation_connection */;
/*!50001 SET character_set_client      = utf8mb4 */;
/*!50001 SET character_set_results     = utf8mb4 */;
/*!50001 SET collation_connection      = utf8mb4_general_ci */;
/*!50001 CREATE ALGORITHM=UNDEFINED */
/*!50013 SQL SECURITY DEFINER */
/*!50001 VIEW `v_project_category_summary` AS select `pc`.`id` AS `category_id`,`pc`.`slug` AS `slug`,`pc`.`name` AS `name`,coalesce(sum((case when (`pe`.`entry_type` in ('income','payment','harvest')) then `pe`.`amount` else 0 end)),0) AS `income`,coalesce(sum((case when (`pe`.`entry_type` = 'expense') then `pe`.`amount` else 0 end)),0) AS `expense`,coalesce(sum((case when (`pe`.`entry_type` in ('income','payment','harvest')) then `pe`.`amount` when (`pe`.`entry_type` = 'expense') then -(`pe`.`amount`) else 0 end)),0) AS `net_income` from (`project_categories` `pc` left join `project_entries` `pe` on((`pe`.`category_id` = `pc`.`id`))) where (`pc`.`is_active` = 1) group by `pc`.`id`,`pc`.`slug`,`pc`.`name` */;
/*!50001 SET character_set_client      = @saved_cs_client */;
/*!50001 SET character_set_results     = @saved_cs_results */;
/*!50001 SET collation_connection      = @saved_col_connection */;
/*!40103 SET TIME_ZONE=@OLD_TIME_ZONE */;

/*!40101 SET SQL_MODE=@OLD_SQL_MODE */;
/*!40014 SET FOREIGN_KEY_CHECKS=@OLD_FOREIGN_KEY_CHECKS */;
/*!40014 SET UNIQUE_CHECKS=@OLD_UNIQUE_CHECKS */;
/*!40101 SET CHARACTER_SET_CLIENT=@OLD_CHARACTER_SET_CLIENT */;
/*!40101 SET CHARACTER_SET_RESULTS=@OLD_CHARACTER_SET_RESULTS */;
/*!40101 SET COLLATION_CONNECTION=@OLD_COLLATION_CONNECTION */;
/*!40111 SET SQL_NOTES=@OLD_SQL_NOTES */;

-- Dump completed on 2026-05-14 23:08:10

-- MBC inventory real data patch: expiring soon, disposal, damaged, and use history
SET @MBC_REAL_DATA_OLD_FOREIGN_KEY_CHECKS = @@FOREIGN_KEY_CHECKS;
SET FOREIGN_KEY_CHECKS = 0;

ALTER TABLE `products`
  ADD COLUMN `category_name` varchar(120) DEFAULT NULL AFTER `category`,
  ADD COLUMN `is_consumable` tinyint(1) NOT NULL DEFAULT '0' AFTER `low_stock_threshold`,
  ADD COLUMN `requires_expiration` tinyint(1) NOT NULL DEFAULT '0' AFTER `is_consumable`,
  ADD KEY `idx_products_category_name` (`category_name`);

ALTER TABLE `inventory_stock_batches`
  ADD COLUMN `expiration_date` date DEFAULT NULL AFTER `received_date`;

ALTER TABLE `inventory_stock_movements`
  MODIFY `movement_type` enum('opening','stock_in','stock_out','sale','adjustment','damaged','expired','disposal','consumption','refill') NOT NULL;

DELETE `m` FROM `inventory_stock_movements` `m`
INNER JOIN `products` `p` ON `p`.`id` = `m`.`product_id`
WHERE `p`.`sku` IN ('FOOD-BAGOONG-250G','FOOD-BISCUIT-PACK','INK-BLK-REFILL','INK-CYAN-REFILL','COUPON-A4-500','PEN-BLK-BOX');
DELETE `b` FROM `inventory_stock_batches` `b`
INNER JOIN `products` `p` ON `p`.`id` = `b`.`product_id`
WHERE `p`.`sku` IN ('FOOD-BAGOONG-250G','FOOD-BISCUIT-PACK','INK-BLK-REFILL','INK-CYAN-REFILL','COUPON-A4-500','PEN-BLK-BOX');
DELETE FROM `products`
WHERE `sku` IN ('FOOD-BAGOONG-250G','FOOD-BISCUIT-PACK','INK-BLK-REFILL','INK-CYAN-REFILL','COUPON-A4-500','PEN-BLK-BOX');

INSERT INTO `products` (`sku`, `name`, `category`, `category_name`, `product_group`, `type`, `cost_price`, `selling_price`, `stock_qty`, `low_stock_threshold`, `is_consumable`, `requires_expiration`, `is_active`) VALUES
('FOOD-BAGOONG-250G', 'Bagoong 250g Jar', 'other', 'Food', 'product', 'item', 55.00, 75.00, 18, 6, 1, 1, 1),
('FOOD-BISCUIT-PACK', 'Assorted Biscuit Pack', 'other', 'Food', 'product', 'item', 12.00, 18.00, 31, 10, 1, 1, 1),
('INK-BLK-REFILL', 'Xerox Black Refill Ink', 'other', 'Ink', 'product', 'item', 260.00, 350.00, 10, 3, 1, 1, 1),
('INK-CYAN-REFILL', 'Xerox Cyan Refill Ink', 'other', 'Ink', 'product', 'item', 285.00, 375.00, 6, 2, 1, 1, 1),
('COUPON-A4-500', 'A4 Coupon Bond 500 Sheets', 'school_supply', 'Paper', 'product', 'item', 145.00, 190.00, 420, 80, 1, 0, 1),
('PEN-BLK-BOX', 'Black Ballpen Box', 'school_supply', NULL, 'product', 'item', 8.00, 12.00, 37, 20, 0, 0, 1);

INSERT INTO `inventory_stock_batches` (`product_id`, `batch_code`, `received_date`, `expiration_date`, `quantity_received`, `quantity_remaining`, `unit_cost`, `source_type`, `reference_no`, `notes`)
SELECT `id`, 'REAL-BAGOONG-20260501', '2026-05-01 09:00:00', '2026-05-25', 21, 18, 55.00, 'stock_in', 'PO-FOOD-20260501', 'Food jar batch used by expiring-soon and disposal records' FROM `products` WHERE `sku` = 'FOOD-BAGOONG-250G'
UNION ALL
SELECT `id`, 'REAL-BISCUIT-20260420', '2026-04-20 09:30:00', '2026-05-20', 35, 31, 12.00, 'stock_in', 'PO-FOOD-20260420', 'Snack batch with expired item removal history' FROM `products` WHERE `sku` = 'FOOD-BISCUIT-PACK'
UNION ALL
SELECT `id`, 'REAL-INK-BLK-20260501', '2026-05-01 10:00:00', '2026-06-10', 12, 10, 260.00, 'stock_in', 'PO-INK-20260501', 'Ink stock with Xerox refill history' FROM `products` WHERE `sku` = 'INK-BLK-REFILL'
UNION ALL
SELECT `id`, 'REAL-INK-CYAN-20260501', '2026-05-01 10:00:00', '2026-07-15', 7, 6, 285.00, 'stock_in', 'PO-INK-20260501', 'Color ink stock with Xerox refill history' FROM `products` WHERE `sku` = 'INK-CYAN-REFILL'
UNION ALL
SELECT `id`, 'REAL-COUPON-20260412', '2026-04-12 08:30:00', NULL, 500, 420, 145.00, 'stock_in', 'PO-PAPER-20260412', 'Coupon bond stock with service consumption history' FROM `products` WHERE `sku` = 'COUPON-A4-500'
UNION ALL
SELECT `id`, 'REAL-PEN-20260302', '2026-03-02 08:00:00', NULL, 42, 37, 8.00, 'opening_balance', 'REAL-OPEN-PEN-20260302', 'Opening batch with damaged pen removal history' FROM `products` WHERE `sku` = 'PEN-BLK-BOX';

INSERT INTO `inventory_stock_movements` (`product_id`, `batch_id`, `movement_date`, `movement_type`, `quantity_change`, `unit_cost`, `total_cost`, `reference_no`, `notes`)
SELECT `b`.`product_id`, `b`.`id`, `b`.`received_date`, 'opening', `b`.`quantity_received`, `b`.`unit_cost`, `b`.`quantity_received` * `b`.`unit_cost`, `b`.`reference_no`, CONCAT('Opening stock for ', `b`.`batch_code`)
FROM `inventory_stock_batches` `b`
WHERE `b`.`batch_code` LIKE 'REAL-%';

INSERT INTO `inventory_stock_movements` (`product_id`, `batch_id`, `sale_id`, `movement_date`, `movement_type`, `quantity_change`, `unit_cost`, `total_cost`, `reference_no`, `notes`)
SELECT `product_id`, `id`, NULL, '2026-05-14 16:10:00', 'disposal', -3, `unit_cost`, `unit_cost` * 3, 'DISP-FOOD-20260514', 'Expired or cracked bagoong jars disposed and no longer sellable' FROM `inventory_stock_batches` WHERE `batch_code` = 'REAL-BAGOONG-20260501'
UNION ALL
SELECT `product_id`, `id`, NULL, '2026-05-10 15:45:00', 'expired', -4, `unit_cost`, `unit_cost` * 4, 'EXP-SNACK-20260510', 'Expired biscuit packs removed before sale' FROM `inventory_stock_batches` WHERE `batch_code` = 'REAL-BISCUIT-20260420'
UNION ALL
SELECT `product_id`, `id`, NULL, '2026-05-11 09:30:00', 'refill', -2, `unit_cost`, `unit_cost` * 2, 'XRX-INK-20260511', 'Installed black ink refill in Xerox machine XRX-01' FROM `inventory_stock_batches` WHERE `batch_code` = 'REAL-INK-BLK-20260501'
UNION ALL
SELECT `product_id`, `id`, NULL, '2026-05-12 09:45:00', 'refill', -1, `unit_cost`, `unit_cost`, 'XRX-INK-20260512', 'Installed cyan ink refill in Xerox machine XRX-01' FROM `inventory_stock_batches` WHERE `batch_code` = 'REAL-INK-CYAN-20260501'
UNION ALL
SELECT `product_id`, `id`, NULL, '2026-05-13 13:00:00', 'consumption', -80, `unit_cost`, `unit_cost` * 80, 'USE-COUPON-20260513', 'Coupon bond consumed for print service and office forms' FROM `inventory_stock_batches` WHERE `batch_code` = 'REAL-COUPON-20260412'
UNION ALL
SELECT `product_id`, `id`, NULL, '2026-05-09 14:20:00', 'damaged', -5, `unit_cost`, `unit_cost` * 5, 'DMG-PEN-20260509', 'Leaking or broken pens removed from sellable stock' FROM `inventory_stock_batches` WHERE `batch_code` = 'REAL-PEN-20260302';

CREATE OR REPLACE VIEW `v_inventory_category_summary` AS
SELECT COALESCE(NULLIF(`category_name`, ''), `category`) AS `category`, COUNT(*) AS `product_count`, COALESCE(SUM(CASE WHEN `type` = 'item' THEN `stock_qty` ELSE 0 END), 0) AS `stock_units`, COALESCE(SUM(CASE WHEN `type` = 'item' THEN `stock_qty` * `selling_price` ELSE 0 END), 0) AS `stock_value`, COALESCE(SUM(CASE WHEN `type` = 'item' AND `stock_qty` <= `low_stock_threshold` THEN 1 ELSE 0 END), 0) AS `low_stock_count`
FROM `products`
WHERE `is_active` = 1
GROUP BY COALESCE(NULLIF(`category_name`, ''), `category`);

SET FOREIGN_KEY_CHECKS = @MBC_REAL_DATA_OLD_FOREIGN_KEY_CHECKS;
