-- Mindoro State University Bongabong Campus Production and Business Operation Record Management System MySQL Backup
-- Generated at: 2026-05-20 11:36:54
SET FOREIGN_KEY_CHECKS=0;

-- --------------------------------------------------
-- Table: approval_requests
-- --------------------------------------------------
DROP TABLE IF EXISTS `approval_requests`;
CREATE TABLE `approval_requests` (
  `id` int NOT NULL AUTO_INCREMENT,
  `requester_id` int NOT NULL,
  `module` varchar(80) NOT NULL,
  `action_type` varchar(80) NOT NULL,
  `entity_type` varchar(80) DEFAULT NULL,
  `entity_id` varchar(80) DEFAULT NULL,
  `old_value` json DEFAULT NULL,
  `new_value` json DEFAULT NULL,
  `status` enum('pending','approved','rejected','needs_revision','cancelled') NOT NULL DEFAULT 'pending',
  `admin_decision` varchar(20) DEFAULT NULL,
  `admin_remarks` text,
  `decision_date` datetime DEFAULT NULL,
  `decided_by_id` int DEFAULT NULL,
  `created_at` datetime NOT NULL DEFAULT CURRENT_TIMESTAMP,
  `updated_at` datetime NOT NULL DEFAULT CURRENT_TIMESTAMP ON UPDATE CURRENT_TIMESTAMP,
  PRIMARY KEY (`id`),
  KEY `idx_approval_status` (`status`),
  KEY `idx_approval_requester_status` (`requester_id`,`status`),
  KEY `idx_approval_module_type` (`module`,`action_type`),
  KEY `idx_approval_created_at` (`created_at`),
  KEY `fk_approval_decider` (`decided_by_id`),
  CONSTRAINT `fk_approval_decider` FOREIGN KEY (`decided_by_id`) REFERENCES `users` (`id`) ON DELETE SET NULL,
  CONSTRAINT `fk_approval_requester` FOREIGN KEY (`requester_id`) REFERENCES `users` (`id`) ON DELETE CASCADE
) ENGINE=InnoDB AUTO_INCREMENT=11 DEFAULT CHARSET=utf8mb4 COLLATE=utf8mb4_0900_ai_ci;

INSERT INTO `approval_requests` (`id`, `requester_id`, `module`, `action_type`, `entity_type`, `entity_id`, `old_value`, `new_value`, `status`, `admin_decision`, `admin_remarks`, `decision_date`, `decided_by_id`, `created_at`, `updated_at`) VALUES
('7', '1', 'sales', 'void_pos_sale', 'sale', '316,317,318,319', '{\"sales\": [{\"id\": 316, \"quantity\": 1, \"or_number\": \"0000-0005\", \"sale_date\": \"2026-05-14 04:28:25\", \"product_name\": \"A4 Bond Paper Ream\", \"total_amount\": \"240.00\"}, {\"id\": 317, \"quantity\": 1, \"or_number\": \"0000-0005\", \"sale_date\": \"2026-05-14 04:28:25\", \"product_name\": \"A4 Spiral Notebook\", \"total_amount\": \"42.00\"}, {\"id\": 318, \"quantity\": 1, \"or_number\": \"0000-0005\", \"sale_date\": \"2026-05-14 04:28:25\", \"product_name\": \"Alcohol bottle\", \"total_amount\": \"65.00\"}, {\"id\": 319, \"quantity\": 1, \"or_number\": \"0000-0005\", \"sale_date\": \"2026-05-14 04:28:25\", \"product_name\": \"Barcode Label Roll\", \"total_amount\": \"160.00\"}]}', '{\"reason\": \"Void requested from POS receipt\"}', 'rejected', 'rejected', '', '2026-05-14 21:10:29', '1', '2026-05-14 12:28:54', '2026-05-14 21:10:29'),
('8', '1', 'sales', 'void_pos_sale', 'sale', '354,355', '{\"sales\": [{\"id\": 354, \"quantity\": 1, \"or_number\": \"0000-0034\", \"sale_date\": \"2026-05-14 21:59:12\", \"product_name\": \"A4 Bond Paper Ream\", \"total_amount\": \"240.00\"}, {\"id\": 355, \"quantity\": 1, \"or_number\": \"0000-0034\", \"sale_date\": \"2026-05-14 21:59:12\", \"product_name\": \"A4 Spiral Notebook\", \"total_amount\": \"42.00\"}]}', '{\"reason\": \"Void requested from POS receipt\"}', 'pending', NULL, NULL, NULL, NULL, '2026-05-15 06:02:30', '2026-05-15 06:02:30'),
('9', '2', 'proposals', 'submit_proposal', 'proposal', '13', NULL, '{\"title\": \"Automatic Fishfeeder\", \"status\": \"submitted\", \"summary\": null, \"department\": \"BSIT\", \"target_date\": \"2026-05-22\", \"estimated_budget\": 1000, \"project_proponent\": \"Ana Dela Cruz\"}', 'pending', NULL, NULL, NULL, NULL, '2026-05-20 19:24:08', '2026-05-20 19:24:08'),
('10', '2', 'proposals', 'submit_proposal', 'proposal', '14', NULL, '{\"title\": \"Automatic Grass cutter\", \"status\": \"submitted\", \"summary\": null, \"department\": \"BSED\", \"target_date\": \"2026-11-14\", \"estimated_budget\": 1500, \"project_proponent\": \"Mark Reyes\"}', 'pending', NULL, NULL, NULL, NULL, '2026-05-20 19:29:54', '2026-05-20 19:29:54');

-- --------------------------------------------------
-- Table: archived_records
-- --------------------------------------------------
DROP TABLE IF EXISTS `archived_records`;
CREATE TABLE `archived_records` (
  `id` bigint NOT NULL AUTO_INCREMENT,
  `source_table` varchar(80) NOT NULL,
  `source_id` varchar(80) NOT NULL,
  `record_data` json DEFAULT NULL,
  `archived_by` int DEFAULT NULL,
  `archived_at` datetime NOT NULL DEFAULT CURRENT_TIMESTAMP,
  PRIMARY KEY (`id`),
  KEY `idx_archive_source` (`source_table`,`source_id`),
  KEY `fk_archive_user` (`archived_by`),
  CONSTRAINT `fk_archive_user` FOREIGN KEY (`archived_by`) REFERENCES `users` (`id`) ON DELETE SET NULL
) ENGINE=InnoDB AUTO_INCREMENT=8 DEFAULT CHARSET=utf8mb4 COLLATE=utf8mb4_0900_ai_ci;

INSERT INTO `archived_records` (`id`, `source_table`, `source_id`, `record_data`, `archived_by`, `archived_at`) VALUES
('4', 'products', '788', '{\"id\": 788, \"sku\": \"SEED-ID-PRINT\", \"name\": \"ID Printing\", \"type\": \"service\", \"category\": \"id_services\", \"is_active\": 1, \"stock_qty\": 0, \"cost_price\": \"18.00\", \"created_at\": \"2026-05-14 04:36:54\", \"product_group\": \"service\", \"selling_price\": \"40.00\", \"low_stock_threshold\": 0}', '1', '2026-05-15 03:46:08'),
('5', 'products', '442', '{\"id\": 442, \"sku\": \"SEED-PRINT-BW\", \"name\": \"Black and White Print\", \"type\": \"service\", \"category\": \"printing\", \"is_active\": 1, \"stock_qty\": 0, \"cost_price\": \"1.00\", \"created_at\": \"2026-05-14 00:05:17\", \"category_name\": null, \"is_consumable\": 0, \"product_group\": \"service\", \"selling_price\": \"2.00\", \"low_stock_threshold\": 0, \"requires_expiration\": 0}', '1', '2026-05-18 13:21:19'),
('6', 'products', '442', '{\"id\": 442, \"sku\": \"SEED-PRINT-BW\", \"name\": \"Black and White Print\", \"type\": \"service\", \"category\": \"printing\", \"is_active\": 1, \"stock_qty\": 0, \"cost_price\": \"1.00\", \"created_at\": \"2026-05-14 00:05:17\", \"category_name\": null, \"is_consumable\": 0, \"product_group\": \"service\", \"selling_price\": \"2.00\", \"low_stock_threshold\": 0, \"requires_expiration\": 0}', '1', '2026-05-18 13:21:29'),
('7', 'products', '858', '{\"id\": 858, \"sku\": \"SEED-STRESS-029\", \"name\": \"Barcode Label Roll\", \"type\": \"item\", \"unit\": null, \"category\": \"other\", \"is_active\": 1, \"stock_qty\": 43, \"cost_price\": \"95.00\", \"created_at\": \"2026-05-14 04:36:54\", \"category_name\": null, \"is_consumable\": 0, \"product_group\": \"product\", \"selling_price\": \"160.00\", \"low_stock_threshold\": 20, \"requires_expiration\": 0}', '1', '2026-05-19 16:36:35');

-- --------------------------------------------------
-- Table: audit_logs
-- --------------------------------------------------
DROP TABLE IF EXISTS `audit_logs`;
CREATE TABLE `audit_logs` (
  `id` bigint NOT NULL AUTO_INCREMENT,
  `user_id` int DEFAULT NULL,
  `action` varchar(80) NOT NULL,
  `module` varchar(80) NOT NULL,
  `entity_type` varchar(80) DEFAULT NULL,
  `entity_id` varchar(80) DEFAULT NULL,
  `details` text,
  `ip_address` varchar(45) DEFAULT NULL,
  `created_at` datetime NOT NULL DEFAULT CURRENT_TIMESTAMP,
  PRIMARY KEY (`id`),
  KEY `idx_audit_created_at` (`created_at`),
  KEY `idx_audit_user_module` (`user_id`,`module`,`created_at`),
  KEY `idx_audit_module_action_created` (`module`,`action`,`created_at`),
  CONSTRAINT `fk_audit_user` FOREIGN KEY (`user_id`) REFERENCES `users` (`id`) ON DELETE SET NULL
) ENGINE=InnoDB AUTO_INCREMENT=396 DEFAULT CHARSET=utf8mb4 COLLATE=utf8mb4_0900_ai_ci;

INSERT INTO `audit_logs` (`id`, `user_id`, `action`, `module`, `entity_type`, `entity_id`, `details`, `ip_address`, `created_at`) VALUES
('1', '1', 'login_success', 'auth', 'user', 'admin', '{\"ip_address\":\"::1\"}', '::1', '2026-05-13 23:12:09'),
('2', '1', 'login_success', 'auth', 'user', 'admin', '{\"ip_address\":\"::1\"}', '::1', '2026-05-13 23:24:51'),
('3', '1', 'login_success', 'auth', 'user', 'admin', '{\"ip_address\":\"::1\"}', '::1', '2026-05-13 23:36:14'),
('4', '1', 'login_success', 'auth', 'user', 'admin', '{\"ip_address\":\"::1\"}', '::1', '2026-05-13 23:39:20'),
('5', '1', 'login_success', 'auth', 'user', 'admin', '{\"ip_address\":\"::1\"}', '::1', '2026-05-13 23:41:41'),
('6', '1', 'login_success', 'auth', 'user', 'admin', '{\"ip_address\":\"::1\"}', '::1', '2026-05-13 23:49:15'),
('7', '1', 'login_success', 'auth', 'user', 'admin', '{\"ip_address\":\"::1\"}', '::1', '2026-05-14 00:26:20'),
('16', '1', 'login_success', 'auth', 'user', 'admin', '{\"ip_address\":\"::1\"}', '::1', '2026-05-14 04:58:13'),
('17', '1', 'view_security_logs', 'security', 'audit', NULL, '{\"q\":\"\"}', '::1', '2026-05-14 05:03:10'),
('18', '1', 'login_success', 'auth', 'user', 'admin', '{\"ip_address\":\"::1\"}', '::1', '2026-05-14 05:39:27'),
('19', '1', 'view_report', 'reports', 'daily', NULL, '{\"reference_date\":\"2026-05-13\",\"start\":\"2026-05-13 00:00:00\",\"end\":\"2026-05-13 23:59:59\"}', '::1', '2026-05-14 05:44:28'),
('20', '1', 'view_report', 'reports', 'daily', NULL, '{\"reference_date\":\"2026-05-13\",\"start\":\"2026-05-13 00:00:00\",\"end\":\"2026-05-13 23:59:59\"}', '::1', '2026-05-14 05:44:33'),
('21', '1', 'view_report', 'reports', 'daily', NULL, '{\"reference_date\":\"2026-05-13\",\"start\":\"2026-05-13 00:00:00\",\"end\":\"2026-05-13 23:59:59\"}', '::1', '2026-05-14 05:44:37'),
('22', '1', 'view_report', 'reports', 'daily', NULL, '{\"reference_date\":\"2026-05-13\",\"start\":\"2026-05-13 00:00:00\",\"end\":\"2026-05-13 23:59:59\"}', '::1', '2026-05-14 05:44:40'),
('23', '1', 'view_report', 'reports', 'weekly', NULL, '{\"reference_date\":\"2025-05-13\",\"start\":\"2025-05-12 00:00:00\",\"end\":\"2025-05-18 23:59:59\"}', '::1', '2026-05-14 05:45:07'),
('24', '1', 'login_success', 'auth', 'user', 'admin', '{\"ip_address\":\"::1\"}', '::1', '2026-05-14 09:37:14'),
('25', '1', 'login_success', 'auth', 'user', 'admin', '{\"ip_address\":\"::1\"}', '::1', '2026-05-14 10:02:54'),
('26', '1', 'view_report', 'reports', 'daily', NULL, '{\"reference_date\":\"2026-05-14\",\"start\":\"2026-05-14 00:00:00\",\"end\":\"2026-05-14 23:59:59\"}', '::1', '2026-05-14 10:03:59'),
('27', '1', 'view_report', 'reports', 'daily', NULL, '{\"reference_date\":\"2026-05-14\",\"start\":\"2026-05-14 00:00:00\",\"end\":\"2026-05-14 23:59:59\"}', '::1', '2026-05-14 10:04:12'),
('28', '1', 'login_success', 'auth', 'user', 'admin', '{\"ip_address\":\"::1\"}', '::1', '2026-05-14 10:55:57'),
('29', '1', 'login_success', 'auth', 'user', 'admin', '{\"ip_address\":\"::1\"}', '::1', '2026-05-14 11:58:27'),
('30', '1', 'batch_sale', 'sales', 'sale', '316,317,318,319', '{\"item_count\":4,\"total_revenue\":507,\"total_profit\":170,\"logbook_id\":0}', '::1', '2026-05-14 12:28:25'),
('31', '1', 'approval_request_created', 'sales', 'sale', '316,317,318,319', '{\"action_type\":\"void_pos_sale\",\"approval_id\":7}', '::1', '2026-05-14 12:28:54'),
('32', '1', 'login_success', 'auth', 'user', 'admin', '{\"ip_address\":\"::1\"}', '::1', '2026-05-14 14:26:23'),
('33', '1', 'login_success', 'auth', 'user', 'admin', '{\"ip_address\":\"::1\"}', '::1', '2026-05-14 14:37:23'),
('34', '1', 'batch_sale', 'sales', 'sale', '320,321', '{\"item_count\":2,\"total_revenue\":172,\"total_profit\":69.5,\"logbook_id\":0}', '::1', '2026-05-14 14:52:22'),
('35', '1', 'batch_sale', 'sales', 'sale', '322', '{\"item_count\":1,\"total_revenue\":160,\"total_profit\":65,\"logbook_id\":0}', '::1', '2026-05-14 15:09:53'),
('36', '1', 'batch_sale', 'sales', 'sale', '323', '{\"item_count\":1,\"total_revenue\":9,\"total_profit\":4.5,\"logbook_id\":0}', '::1', '2026-05-14 15:10:39'),
('37', '1', 'view_report', 'reports', 'daily', NULL, '{\"reference_date\":\"2026-05-14\",\"start\":\"2026-05-14 00:00:00\",\"end\":\"2026-05-14 23:59:59\"}', '::1', '2026-05-14 15:16:47'),
('38', '1', 'view_security_logs', 'security', 'audit', NULL, '{\"q\":\"\"}', '::1', '2026-05-14 15:26:46'),
('39', '1', 'view_report', 'reports', 'daily', NULL, '{\"reference_date\":\"2026-05-14\",\"start\":\"2026-05-14 00:00:00\",\"end\":\"2026-05-14 23:59:59\"}', '::1', '2026-05-14 15:41:34'),
('40', '1', 'view_report', 'reports', 'daily', NULL, '{\"reference_date\":\"2026-05-14\",\"start\":\"2026-05-14 00:00:00\",\"end\":\"2026-05-14 23:59:59\"}', '::1', '2026-05-14 16:02:13'),
('41', '1', 'view_report', 'reports', 'daily', NULL, '{\"reference_date\":\"2026-05-14\",\"start\":\"2026-05-14 00:00:00\",\"end\":\"2026-05-14 23:59:59\"}', '::1', '2026-05-14 16:12:29'),
('42', '1', 'view_report', 'reports', 'daily', NULL, '{\"reference_date\":\"2026-05-14\",\"start\":\"2026-05-14 00:00:00\",\"end\":\"2026-05-14 23:59:59\"}', '::1', '2026-05-14 16:12:42'),
('43', '1', 'view_report', 'reports', 'daily', NULL, '{\"reference_date\":\"2026-05-14\",\"start\":\"2026-05-14 00:00:00\",\"end\":\"2026-05-14 23:59:59\"}', '::1', '2026-05-14 16:12:45'),
('44', '1', 'view_report', 'reports', 'daily', NULL, '{\"reference_date\":\"2026-05-14\",\"start\":\"2026-05-14 00:00:00\",\"end\":\"2026-05-14 23:59:59\"}', '::1', '2026-05-14 16:12:48'),
('45', '1', 'login_success', 'auth', 'user', 'admin', '{\"ip_address\":\"127.0.0.1\"}', '127.0.0.1', '2026-05-14 16:20:33'),
('46', '1', 'view_report', 'reports', 'daily', NULL, '{\"reference_date\":\"2026-05-14\",\"start\":\"2026-05-14 00:00:00\",\"end\":\"2026-05-14 23:59:59\"}', '::1', '2026-05-14 16:44:27'),
('47', '1', 'login_success', 'auth', 'user', 'admin', '{\"ip_address\":\"::1\"}', '::1', '2026-05-14 21:01:31'),
('48', '1', 'batch_sale', 'sales', 'sale', '324,325', '{\"item_count\":2,\"total_revenue\":225,\"total_profit\":95,\"logbook_id\":329}', '::1', '2026-05-14 21:02:05'),
('49', '1', 'batch_sale', 'sales', 'sale', '326,327,328,329,330,331', '{\"item_count\":6,\"total_revenue\":145,\"total_profit\":66.5,\"logbook_id\":330}', '::1', '2026-05-14 21:08:15'),
('50', '1', 'view_report', 'reports', 'daily', NULL, '{\"reference_date\":\"2026-05-14\",\"start\":\"2026-05-14 00:00:00\",\"end\":\"2026-05-14 23:59:59\"}', '::1', '2026-05-14 21:09:35'),
('51', '1', 'view_report', 'reports', 'weekly', NULL, '{\"reference_date\":\"2026-05-12\",\"start\":\"2026-05-11 00:00:00\",\"end\":\"2026-05-17 23:59:59\"}', '::1', '2026-05-14 21:09:47'),
('52', '1', 'view_report', 'reports', 'weekly', NULL, '{\"reference_date\":\"2026-05-23\",\"start\":\"2026-05-18 00:00:00\",\"end\":\"2026-05-24 23:59:59\"}', '::1', '2026-05-14 21:10:08'),
('53', '1', 'approval_request_rejected', 'sales', 'sale', '316,317,318,319', '{\"approval_id\":7,\"action_type\":\"void_pos_sale\"}', '::1', '2026-05-14 21:10:29'),
('54', '1', 'create_user', 'users', 'user', '3', '{\"username\":\"BPO staff2\",\"role\":\"staff\",\"status\":\"approved\"}', '::1', '2026-05-14 21:12:00'),
('55', '1', 'view_report', 'reports', 'daily', NULL, '{\"reference_date\":\"2026-05-14\",\"start\":\"2026-05-14 00:00:00\",\"end\":\"2026-05-14 23:59:59\"}', '::1', '2026-05-14 22:00:20'),
('56', '1', 'view_report', 'reports', 'daily', NULL, '{\"reference_date\":\"2026-05-14\",\"start\":\"2026-05-14 00:00:00\",\"end\":\"2026-05-14 23:59:59\"}', '::1', '2026-05-14 22:07:10'),
('57', '1', 'login_success', 'auth', 'user', 'admin', '{\"ip_address\":\"::1\"}', '::1', '2026-05-14 22:33:44'),
('58', '1', 'login_success', 'auth', 'user', 'admin', '{\"ip_address\":\"::1\"}', '::1', '2026-05-14 22:34:02'),
('59', '1', 'login_success', 'auth', 'user', 'admin', '{\"ip_address\":\"::1\"}', '::1', '2026-05-14 22:34:18'),
('60', '1', 'login_success', 'auth', 'user', 'admin', '{\"ip_address\":\"::1\"}', '::1', '2026-05-14 22:34:53'),
('61', '1', 'login_success', 'auth', 'user', 'admin', '{\"ip_address\":\"::1\"}', '::1', '2026-05-14 22:35:25'),
('62', '1', 'login_success', 'auth', 'user', 'admin', '{\"ip_address\":\"::1\"}', '::1', '2026-05-14 22:42:57'),
('63', '1', 'batch_sale', 'sales', 'sale', '332', '{\"item_count\":1,\"total_revenue\":4,\"total_profit\":2,\"logbook_id\":331}', '::1', '2026-05-14 22:43:03'),
('64', '1', 'login_success', 'auth', 'user', 'admin', '{\"ip_address\":\"::1\"}', '::1', '2026-05-14 22:43:45'),
('65', '1', 'batch_sale', 'sales', 'sale', '333', '{\"item_count\":1,\"total_revenue\":2,\"total_profit\":1,\"logbook_id\":332}', '::1', '2026-05-14 22:43:51'),
('66', '1', 'login_success', 'auth', 'user', 'admin', '{\"ip_address\":\"::1\"}', '::1', '2026-05-14 22:46:10'),
('67', '1', 'view_report', 'reports', 'daily', NULL, '{\"reference_date\":\"2026-05-14\",\"start\":\"2026-05-14 00:00:00\",\"end\":\"2026-05-14 23:59:59\"}', '::1', '2026-05-14 22:46:18'),
('68', '1', 'batch_sale', 'sales', 'sale', '334,335', '{\"item_count\":2,\"total_revenue\":20,\"total_profit\":11,\"logbook_id\":333}', '::1', '2026-05-14 22:52:55'),
('69', '1', 'batch_sale', 'sales', 'sale', '336,337', '{\"item_count\":2,\"total_revenue\":24,\"total_profit\":9,\"logbook_id\":334}', '::1', '2026-05-14 22:55:04'),
('70', '1', 'login_success', 'auth', 'user', 'admin', '{\"ip_address\":\"::1\"}', '::1', '2026-05-14 22:58:33'),
('71', '1', 'batch_sale', 'sales', 'sale', '338,339', '{\"item_count\":2,\"total_revenue\":7,\"total_profit\":3.5,\"logbook_id\":335}', '::1', '2026-05-14 22:58:40'),
('72', '1', 'login_success', 'auth', 'user', 'admin', '{\"ip_address\":\"::1\"}', '::1', '2026-05-14 22:59:00'),
('73', '1', 'batch_sale', 'sales', 'sale', '340,341', '{\"item_count\":2,\"total_revenue\":7,\"total_profit\":3.5,\"logbook_id\":336}', '::1', '2026-05-14 22:59:06'),
('74', '1', 'login_success', 'auth', 'user', 'admin', '{\"ip_address\":\"::1\"}', '::1', '2026-05-14 23:02:03'),
('75', '1', 'login_success', 'auth', 'user', 'admin', '{\"ip_address\":\"::1\"}', '::1', '2026-05-14 23:02:33'),
('76', '1', 'view_report', 'reports', 'daily', NULL, '{\"reference_date\":\"2026-05-14\",\"start\":\"2026-05-14 00:00:00\",\"end\":\"2026-05-14 23:59:59\"}', '::1', '2026-05-14 23:02:38'),
('77', '1', 'login_success', 'auth', 'user', 'admin', '{\"ip_address\":\"::1\"}', '::1', '2026-05-14 23:03:05'),
('78', '1', 'login_success', 'auth', 'user', 'admin', '{\"ip_address\":\"::1\"}', '::1', '2026-05-14 23:03:50'),
('79', '1', 'view_report', 'reports', 'daily', NULL, '{\"reference_date\":\"2026-05-14\",\"start\":\"2026-05-14 00:00:00\",\"end\":\"2026-05-14 23:59:59\"}', '::1', '2026-05-14 23:03:58'),
('80', '1', 'login_success', 'auth', 'user', 'admin', '{\"ip_address\":\"::1\"}', '::1', '2026-05-14 23:13:46'),
('81', '1', 'login_success', 'auth', 'user', 'admin', '{\"ip_address\":\"::1\"}', '::1', '2026-05-14 23:14:27'),
('82', '1', 'record_fishpond_entry', 'fishpond', 'fishpond_feeding_record', '57', '{\"pond_id\":1,\"record_type\":\"feeding\",\"amount\":0}', '::1', '2026-05-14 23:14:32'),
('83', '1', 'record_fishpond_entry', 'fishpond', 'fishpond_stock_movement', '1', '{\"pond_id\":1,\"record_type\":\"stock_movement\",\"amount\":0}', '::1', '2026-05-14 23:14:34'),
('84', '1', 'record_fishpond_entry', 'fishpond', 'fishpond_expense', '37', '{\"pond_id\":1,\"record_type\":\"expense\",\"amount\":0}', '::1', '2026-05-14 23:14:36'),
('85', '1', 'record_fishpond_entry', 'fishpond', 'fishpond_harvest_record', '39', '{\"pond_id\":1,\"record_type\":\"harvest\",\"amount\":0}', '::1', '2026-05-14 23:14:38'),
('86', '1', 'login_success', 'auth', 'user', 'admin', '{\"ip_address\":\"::1\"}', '::1', '2026-05-14 23:15:01'),
('87', '1', 'login_success', 'auth', 'user', 'admin', '{\"ip_address\":\"::1\"}', '::1', '2026-05-14 23:15:27'),
('88', '1', 'login_success', 'auth', 'user', 'admin', '{\"ip_address\":\"::1\"}', '::1', '2026-05-14 23:16:06'),
('89', '1', 'login_success', 'auth', 'user', 'admin', '{\"ip_address\":\"::1\"}', '::1', '2026-05-14 23:16:47'),
('90', '1', 'login_success', 'auth', 'user', 'admin', '{\"ip_address\":\"::1\"}', '::1', '2026-05-15 02:26:27'),
('91', '1', 'record_fishpond_entry', 'fishpond', 'fishpond_stock_movement', '2', '{\"pond_id\":1,\"record_type\":\"stock_movement\",\"amount\":0}', '::1', '2026-05-15 03:14:57'),
('92', '1', 'batch_sale', 'sales', 'sale', '342,343,344', '{\"item_count\":3,\"total_revenue\":228,\"total_profit\":99.5,\"logbook_id\":337}', '::1', '2026-05-15 03:35:42'),
('93', '1', 'batch_sale', 'sales', 'sale', '345,346,347,348', '{\"item_count\":4,\"total_revenue\":179,\"total_profit\":81.5,\"logbook_id\":338}', '::1', '2026-05-15 03:39:32'),
('94', '1', 'batch_sale', 'sales', 'sale', '349', '{\"item_count\":1,\"total_revenue\":126,\"total_profit\":60,\"logbook_id\":339}', '::1', '2026-05-15 03:40:30'),
('95', '1', 'archive', 'inventory', 'product', '788', '{\"name\":\"ID Printing\"}', '::1', '2026-05-15 03:46:08'),
('96', '1', 'batch_sale', 'sales', 'sale', '350', '{\"item_count\":1,\"total_revenue\":240,\"total_profit\":55,\"logbook_id\":340}', '::1', '2026-05-15 03:57:34'),
('97', '1', 'view_report', 'reports', 'daily', NULL, '{\"reference_date\":\"2026-05-14\",\"start\":\"2026-05-14 00:00:00\",\"end\":\"2026-05-14 23:59:59\"}', '::1', '2026-05-15 03:58:33'),
('98', '1', 'view_report', 'reports', 'daily', NULL, '{\"reference_date\":\"2026-05-14\",\"start\":\"2026-05-14 00:00:00\",\"end\":\"2026-05-14 23:59:59\"}', '::1', '2026-05-15 04:03:24'),
('99', '1', 'view_report', 'reports', 'daily', NULL, '{\"reference_date\":\"2026-05-14\",\"start\":\"2026-05-14 00:00:00\",\"end\":\"2026-05-14 23:59:59\"}', '::1', '2026-05-15 04:19:31'),
('100', '1', 'view_report', 'reports', 'daily', NULL, '{\"reference_date\":\"2026-05-14\",\"start\":\"2026-05-14 00:00:00\",\"end\":\"2026-05-14 23:59:59\"}', '::1', '2026-05-15 04:24:26'),
('101', '1', 'view_report', 'reports', 'daily', NULL, '{\"reference_date\":\"2026-05-14\",\"start\":\"2026-05-14 00:00:00\",\"end\":\"2026-05-14 23:59:59\"}', '::1', '2026-05-15 04:38:12'),
('102', '1', 'view_report', 'reports', 'daily', NULL, '{\"reference_date\":\"2026-05-15\",\"start\":\"2026-05-15 00:00:00\",\"end\":\"2026-05-15 23:59:59\"}', '::1', '2026-05-15 04:50:23'),
('103', '1', 'view_report', 'reports', 'daily', NULL, '{\"reference_date\":\"2026-05-14\",\"start\":\"2026-05-14 00:00:00\",\"end\":\"2026-05-14 23:59:59\"}', '::1', '2026-05-15 04:50:38'),
('104', '2', 'login_success', 'auth', 'user', 'staff', '{\"ip_address\":\"::1\"}', '::1', '2026-05-15 05:04:09'),
('105', '2', 'login_success', 'auth', 'user', 'staff', '{\"ip_address\":\"::1\"}', '::1', '2026-05-15 05:04:11'),
('106', '1', 'login_success', 'auth', 'user', 'admin', '{\"ip_address\":\"::1\"}', '::1', '2026-05-15 05:04:54'),
('107', '1', 'view_report', 'reports', 'daily', NULL, '{\"reference_date\":\"2026-05-14\",\"start\":\"2026-05-14 00:00:00\",\"end\":\"2026-05-14 23:59:59\"}', '::1', '2026-05-15 05:05:02'),
('108', '1', 'view_report', 'reports', 'daily', NULL, '{\"reference_date\":\"2026-05-15\",\"start\":\"2026-05-15 00:00:00\",\"end\":\"2026-05-15 23:59:59\"}', '::1', '2026-05-15 05:05:17'),
('109', '1', 'view_report', 'reports', 'daily', NULL, '{\"reference_date\":\"2026-05-14\",\"start\":\"2026-05-14 00:00:00\",\"end\":\"2026-05-14 23:59:59\"}', '::1', '2026-05-15 05:05:32'),
('110', '1', 'view_report', 'reports', 'daily', NULL, '{\"reference_date\":\"2026-05-14\",\"start\":\"2026-05-14 00:00:00\",\"end\":\"2026-05-14 23:59:59\"}', '::1', '2026-05-15 05:05:39'),
('111', '1', 'view_report', 'reports', 'daily', NULL, '{\"reference_date\":\"2026-05-14\",\"start\":\"2026-05-14 00:00:00\",\"end\":\"2026-05-14 23:59:59\"}', '::1', '2026-05-15 05:05:43'),
('112', '1', 'view_report', 'reports', 'daily', NULL, '{\"reference_date\":\"2026-05-14\",\"start\":\"2026-05-14 00:00:00\",\"end\":\"2026-05-14 23:59:59\"}', '::1', '2026-05-15 05:05:51'),
('113', '1', 'login_success', 'auth', 'user', 'admin', '{\"ip_address\":\"::1\"}', '::1', '2026-05-15 05:53:21'),
('114', '1', 'view_security_logs', 'security', 'audit', NULL, '{\"q\":\"\"}', '::1', '2026-05-15 05:54:29'),
('115', '1', 'view_security_logs', 'security', 'audit', NULL, '{\"q\":\"\"}', '::1', '2026-05-15 05:57:16'),
('116', '1', 'view_security_logs', 'security', 'sessions', NULL, '{\"q\":\"\"}', '::1', '2026-05-15 05:57:20'),
('117', '1', 'view_security_logs', 'security', 'login', NULL, '{\"q\":\"\"}', '::1', '2026-05-15 05:57:25'),
('118', '1', 'view_security_logs', 'security', 'audit', NULL, '{\"q\":\"\"}', '::1', '2026-05-15 05:57:31'),
('119', '1', 'view_security_logs', 'security', 'errors', NULL, '{\"q\":\"\"}', '::1', '2026-05-15 05:57:38'),
('120', '1', 'view_security_logs', 'security', 'audit', NULL, '{\"q\":\"\"}', '::1', '2026-05-15 05:57:52'),
('121', '1', 'batch_sale', 'sales', 'sale', '351,352,353', '{\"item_count\":3,\"total_revenue\":347,\"total_profit\":105,\"logbook_id\":341}', '::1', '2026-05-15 05:58:35'),
('122', '1', 'batch_sale', 'sales', 'sale', '354,355', '{\"item_count\":2,\"total_revenue\":282,\"total_profit\":75,\"logbook_id\":342}', '::1', '2026-05-15 05:59:12'),
('123', '1', 'approval_request_created', 'sales', 'sale', '354,355', '{\"action_type\":\"void_pos_sale\",\"approval_id\":8}', '::1', '2026-05-15 06:02:30'),
('124', '1', 'view_security_logs', 'security', 'audit', NULL, '{\"q\":\"\"}', '::1', '2026-05-15 06:02:55'),
('125', '1', 'view_report', 'reports', 'daily', NULL, '{\"reference_date\":\"2026-05-14\",\"start\":\"2026-05-14 00:00:00\",\"end\":\"2026-05-14 23:59:59\"}', '::1', '2026-05-15 06:55:47'),
('126', '1', 'update', 'inventory', 'product', '773', '{\"name\":\"A4 Bond Paper Ream\"}', '::1', '2026-05-15 06:59:13'),
('127', '1', 'update', 'inventory', 'product', '773', '{\"name\":\"A4 Bond Paper Ream\"}', '::1', '2026-05-15 06:59:31'),
('128', '1', 'login_success', 'auth', 'user', 'admin', '{\"ip_address\":\"::1\"}', '::1', '2026-05-15 07:32:40'),
('129', '1', 'login_success', 'auth', 'user', 'admin', '{\"ip_address\":\"::1\"}', '::1', '2026-05-15 08:03:29'),
('130', '1', 'login_success', 'auth', 'user', 'admin', '{\"ip_address\":\"::1\"}', '::1', '2026-05-17 23:08:21'),
('131', '1', 'login_success', 'auth', 'user', 'admin', '{\"ip_address\":\"127.0.0.1\"}', '127.0.0.1', '2026-05-17 23:15:00'),
('132', '1', 'login_success', 'auth', 'user', 'admin', '{\"ip_address\":\"127.0.0.1\"}', '127.0.0.1', '2026-05-17 23:15:40'),
('133', '1', 'view_report', 'reports', 'daily', NULL, '{\"reference_date\":\"2026-05-17\",\"start\":\"2026-05-17 00:00:00\",\"end\":\"2026-05-17 23:59:59\"}', '127.0.0.1', '2026-05-17 23:16:05'),
('134', '1', 'view_security_logs', 'security', 'audit', NULL, '{\"q\":\"\"}', '127.0.0.1', '2026-05-17 23:16:14'),
('135', '1', 'view_security_logs', 'security', 'sessions', NULL, '{\"q\":\"\"}', '127.0.0.1', '2026-05-17 23:16:16'),
('136', '1', 'view_security_logs', 'security', 'login', NULL, '{\"q\":\"\"}', '127.0.0.1', '2026-05-17 23:16:18'),
('137', '1', 'view_security_logs', 'security', 'errors', NULL, '{\"q\":\"\"}', '127.0.0.1', '2026-05-17 23:16:19'),
('138', '1', 'login_success', 'auth', 'user', 'admin', '{\"ip_address\":\"127.0.0.1\"}', '127.0.0.1', '2026-05-17 23:17:17'),
('139', '1', 'view_report', 'reports', 'daily', NULL, '{\"reference_date\":\"2026-05-17\",\"start\":\"2026-05-17 00:00:00\",\"end\":\"2026-05-17 23:59:59\"}', '127.0.0.1', '2026-05-17 23:17:42'),
('140', '1', 'view_security_logs', 'security', 'audit', NULL, '{\"q\":\"\"}', '127.0.0.1', '2026-05-17 23:17:51'),
('141', '1', 'view_security_logs', 'security', 'sessions', NULL, '{\"q\":\"\"}', '127.0.0.1', '2026-05-17 23:17:53'),
('142', '1', 'view_security_logs', 'security', 'login', NULL, '{\"q\":\"\"}', '127.0.0.1', '2026-05-17 23:17:55'),
('143', '1', 'view_security_logs', 'security', 'errors', NULL, '{\"q\":\"\"}', '127.0.0.1', '2026-05-17 23:17:56'),
('144', '1', 'login_success', 'auth', 'user', 'admin', '{\"ip_address\":\"127.0.0.1\"}', '127.0.0.1', '2026-05-17 23:18:16'),
('145', '1', 'login_success', 'auth', 'user', 'admin', '{\"ip_address\":\"127.0.0.1\"}', '127.0.0.1', '2026-05-17 23:18:54'),
('146', '1', 'login_success', 'auth', 'user', 'admin', '{\"ip_address\":\"127.0.0.1\"}', '127.0.0.1', '2026-05-17 23:58:53'),
('147', '1', 'login_success', 'auth', 'user', 'admin', '{\"ip_address\":\"127.0.0.1\"}', '127.0.0.1', '2026-05-17 23:59:22'),
('148', '1', 'view_report', 'reports', 'daily', NULL, '{\"reference_date\":\"2026-05-17\",\"start\":\"2026-05-17 00:00:00\",\"end\":\"2026-05-17 23:59:59\"}', '127.0.0.1', '2026-05-18 00:00:15'),
('149', '1', 'view_security_logs', 'security', 'audit', NULL, '{\"q\":\"\"}', '127.0.0.1', '2026-05-18 00:00:23'),
('150', '2', 'login_success', 'auth', 'user', 'staff', '{\"ip_address\":\"127.0.0.1\"}', '127.0.0.1', '2026-05-18 00:00:43'),
('151', '2', 'access_denied_admin', 'auth', 'page_access', NULL, NULL, '127.0.0.1', '2026-05-18 00:01:29'),
('152', '2', 'view_report', 'reports', 'daily', NULL, '{\"reference_date\":\"2026-05-17\",\"start\":\"2026-05-17 00:00:00\",\"end\":\"2026-05-17 23:59:59\"}', '127.0.0.1', '2026-05-18 00:01:33'),
('153', '1', 'login_success', 'auth', 'user', 'admin', '{\"ip_address\":\"127.0.0.1\"}', '127.0.0.1', '2026-05-18 00:02:35'),
('154', '1', 'view_report', 'reports', 'daily', NULL, '{\"reference_date\":\"2026-05-17\",\"start\":\"2026-05-17 00:00:00\",\"end\":\"2026-05-17 23:59:59\"}', '127.0.0.1', '2026-05-18 00:03:26'),
('155', '1', 'view_security_logs', 'security', 'audit', NULL, '{\"q\":\"\"}', '127.0.0.1', '2026-05-18 00:03:35'),
('156', '1', 'login_success', 'auth', 'user', 'admin', '{\"ip_address\":\"127.0.0.1\"}', '127.0.0.1', '2026-05-18 00:04:18'),
('157', '1', 'view_report', 'reports', 'monthly', NULL, '{\"reference_date\":\"2026-05-17\",\"start\":\"2026-05-01 00:00:00\",\"end\":\"2026-05-31 23:59:59\"}', '127.0.0.1', '2026-05-18 00:04:52'),
('158', '1', 'login_success', 'auth', 'user', 'admin', '{\"ip_address\":\"127.0.0.1\"}', '127.0.0.1', '2026-05-18 00:05:16'),
('159', '1', 'login_success', 'auth', 'user', 'admin', '{\"ip_address\":\"127.0.0.1\"}', '127.0.0.1', '2026-05-18 00:06:03'),
('160', '1', 'login_success', 'auth', 'user', 'admin', '{\"ip_address\":\"127.0.0.1\"}', '127.0.0.1', '2026-05-18 00:06:39'),
('161', '1', 'login_success', 'auth', 'user', 'admin', '{\"ip_address\":\"127.0.0.1\"}', '127.0.0.1', '2026-05-18 00:07:07'),
('162', '1', 'view_security_logs', 'security', 'audit', NULL, '{\"q\":\"\"}', '127.0.0.1', '2026-05-18 00:07:25'),
('163', '1', 'login_success', 'auth', 'user', 'admin', '{\"ip_address\":\"127.0.0.1\"}', '127.0.0.1', '2026-05-18 00:07:51'),
('164', '1', 'login_success', 'auth', 'user', 'admin', '{\"ip_address\":\"127.0.0.1\"}', '127.0.0.1', '2026-05-18 00:08:32'),
('165', '1', 'login_success', 'auth', 'user', 'admin', '{\"ip_address\":\"127.0.0.1\"}', '127.0.0.1', '2026-05-18 00:10:04'),
('166', '1', 'login_success', 'auth', 'user', 'admin', '{\"ip_address\":\"127.0.0.1\"}', '127.0.0.1', '2026-05-18 00:11:53'),
('167', '1', 'login_success', 'auth', 'user', 'admin', '{\"ip_address\":\"127.0.0.1\"}', '127.0.0.1', '2026-05-18 00:31:22'),
('168', '1', 'view_security_logs', 'security', 'login', NULL, '{\"q\":\"login\"}', '127.0.0.1', '2026-05-18 00:31:30'),
('169', '1', 'view_security_logs', 'security', 'sessions', NULL, '{\"q\":\"login\"}', '127.0.0.1', '2026-05-18 00:31:32'),
('170', '1', 'view_security_logs', 'security', 'errors', NULL, '{\"q\":\"error\"}', '127.0.0.1', '2026-05-18 00:31:34'),
('171', '1', 'view_security_logs', 'security', 'audit', NULL, '{\"q\":\"login\"}', '127.0.0.1', '2026-05-18 00:31:36'),
('172', '1', 'view_report', 'reports', 'daily', NULL, '{\"reference_date\":\"2026-05-17\",\"start\":\"2026-05-17 00:00:00\",\"end\":\"2026-05-17 23:59:59\"}', '127.0.0.1', '2026-05-18 00:31:38'),
('173', '1', 'login_success', 'auth', 'user', 'admin', '{\"ip_address\":\"127.0.0.1\"}', '127.0.0.1', '2026-05-18 00:32:23'),
('174', '2', 'login_success', 'auth', 'user', 'staff', '{\"ip_address\":\"127.0.0.1\"}', '127.0.0.1', '2026-05-18 00:32:29'),
('175', '1', 'login_success', 'auth', 'user', 'admin', '{\"ip_address\":\"127.0.0.1\"}', '127.0.0.1', '2026-05-18 00:34:21'),
('176', '2', 'login_success', 'auth', 'user', 'staff', '{\"ip_address\":\"127.0.0.1\"}', '127.0.0.1', '2026-05-18 00:34:27'),
('177', '1', 'login_success', 'auth', 'user', 'admin', '{\"ip_address\":\"127.0.0.1\"}', '127.0.0.1', '2026-05-18 00:35:07'),
('178', '1', 'login_success', 'auth', 'user', 'admin', '{\"ip_address\":\"127.0.0.1\"}', '127.0.0.1', '2026-05-18 00:35:30'),
('179', '1', 'login_success', 'auth', 'user', 'admin', '{\"ip_address\":\"::1\"}', '::1', '2026-05-18 00:44:05'),
('180', '1', 'batch_sale', 'sales', 'sale', '356,357', '{\"item_count\":2,\"total_revenue\":7,\"total_profit\":3,\"logbook_id\":343}', '::1', '2026-05-18 00:44:40'),
('181', '1', 'login_success', 'auth', 'user', 'admin', '{\"ip_address\":\"::1\"}', '::1', '2026-05-18 13:08:11'),
('182', '1', 'login_success', 'auth', 'user', 'admin', '{\"ip_address\":\"127.0.0.1\"}', '127.0.0.1', '2026-05-18 13:10:41'),
('183', '1', 'archive', 'inventory', 'product', '442', '{\"name\":\"Black and White Print\"}', '::1', '2026-05-18 13:21:19'),
('184', '1', 'archive', 'inventory', 'product', '442', '{\"name\":\"Black and White Print\"}', '::1', '2026-05-18 13:21:29'),
('185', '1', 'login_success', 'auth', 'user', 'admin', '{\"ip_address\":\"127.0.0.1\"}', '127.0.0.1', '2026-05-18 13:21:35'),
('186', NULL, 'login_failed', 'auth', 'user', 'not_a_user', '{\"ip_address\":\"127.0.0.1\"}', '127.0.0.1', '2026-05-18 13:31:56'),
('187', '1', 'login_success', 'auth', 'user', 'admin', '{\"ip_address\":\"::1\"}', '::1', '2026-05-18 13:45:00'),
('188', '1', 'login_success', 'auth', 'user', 'admin', '{\"ip_address\":\"::1\"}', '::1', '2026-05-18 13:45:40'),
('189', '1', 'login_success', 'auth', 'user', 'admin', '{\"ip_address\":\"::1\"}', '::1', '2026-05-18 13:49:56'),
('190', '1', 'login_success', 'auth', 'user', 'admin', '{\"ip_address\":\"::1\"}', '::1', '2026-05-18 23:34:45'),
('191', '1', 'batch_sale', 'sales', 'sale', '358,359,360,361', '{\"item_count\":4,\"total_revenue\":1538,\"total_profit\":375.75,\"logbook_id\":344}', '::1', '2026-05-19 00:11:41'),
('192', '1', 'batch_sale', 'sales', 'sale', '362', '{\"item_count\":1,\"total_revenue\":12,\"total_profit\":4.5,\"logbook_id\":345}', '::1', '2026-05-19 00:26:03'),
('193', '1', 'void_transaction', 'sales', 'sale_header', '526', '{\"or_number\":\"0000-0037\",\"original_cashier\":\"BPO Admin\",\"voided_by\":\"BPO Admin\",\"void_reason\":\"wrong item\",\"voided_at\":\"2026-05-18 16:33:21\",\"affected_inventory\":[{\"product_id\":778,\"batch_id\":6,\"quantity_restored\":1,\"unit_cost\":7.5,\"source_movement_id\":374,\"restore_movement_id\":375}],\"cash_flow_reversal\":{\"cash_transaction_id\":131,\"direction\":\"out\",\"amount\":12}}', '::1', '2026-05-19 00:33:21'),
('194', '1', 'void_transaction', 'sales', 'sale_header', '525', '{\"or_number\":\"0000-0036\",\"original_cashier\":\"BPO Admin\",\"voided_by\":\"BPO Admin\",\"void_reason\":\"wrong item\",\"voided_at\":\"2026-05-18 16:35:15\",\"affected_inventory\":[{\"product_id\":773,\"batch_id\":1,\"quantity_restored\":6,\"unit_cost\":185,\"source_movement_id\":371,\"restore_movement_id\":376},{\"product_id\":777,\"batch_id\":5,\"quantity_restored\":2,\"unit_cost\":22,\"source_movement_id\":372,\"restore_movement_id\":377},{\"product_id\":778,\"batch_id\":6,\"quantity_restored\":1,\"unit_cost\":7.5,\"source_movement_id\":373,\"restore_movement_id\":378}],\"cash_flow_reversal\":{\"cash_transaction_id\":132,\"direction\":\"out\",\"amount\":1538}}', '::1', '2026-05-19 00:35:15'),
('195', '1', 'batch_sale', 'sales', 'sale', '363,364', '{\"item_count\":2,\"total_revenue\":54,\"total_profit\":24.5,\"logbook_id\":346}', '::1', '2026-05-19 00:35:42'),
('196', '1', 'view_report', 'reports', 'daily', NULL, '{\"reference_date\":\"2026-05-18\",\"start\":\"2026-05-18 00:00:00\",\"end\":\"2026-05-18 23:59:59\"}', '::1', '2026-05-19 00:45:35'),
('197', '1', 'view_security_logs', 'security', 'login', NULL, '{\"q\":\"\"}', '::1', '2026-05-19 01:10:40'),
('198', '1', 'view_report', 'reports', 'daily', NULL, '{\"reference_date\":\"2026-05-18\",\"start\":\"2026-05-18 00:00:00\",\"end\":\"2026-05-18 23:59:59\"}', '::1', '2026-05-19 01:33:57'),
('199', '1', 'login_success', 'auth', 'user', 'admin', '{\"ip_address\":\"::1\"}', '::1', '2026-05-19 02:52:49'),
('200', '1', 'view_report', 'reports', 'daily', NULL, '{\"reference_date\":\"2026-05-18\",\"start\":\"2026-05-18 00:00:00\",\"end\":\"2026-05-18 23:59:59\"}', '::1', '2026-05-19 04:13:16'),
('203', '1', 'proposal_rejected', 'proposals', 'proposal', '12', '{\"old_status\":\"under_review\",\"new_status\":\"rejected\",\"admin_notes\":\"\"}', '::1', '2026-05-19 04:14:29'),
('204', '1', 'view_report', 'reports', 'daily', NULL, '{\"reference_date\":\"2026-05-18\",\"start\":\"2026-05-18 00:00:00\",\"end\":\"2026-05-18 23:59:59\"}', '::1', '2026-05-19 04:15:41'),
('205', '1', 'login_success', 'auth', 'user', 'admin', '{\"ip_address\":\"::1\"}', '::1', '2026-05-19 08:54:33'),
('206', '1', 'login_success', 'auth', 'user', 'admin', '{\"ip_address\":\"::1\"}', '::1', '2026-05-19 08:55:10'),
('207', '1', 'login_success', 'auth', 'user', 'admin', '{\"ip_address\":\"::1\"}', '::1', '2026-05-19 08:56:02'),
('208', '1', 'login_success', 'auth', 'user', 'admin', '{\"ip_address\":\"::1\"}', '::1', '2026-05-19 08:57:21'),
('209', '1', 'login_success', 'auth', 'user', 'admin', '{\"ip_address\":\"::1\"}', '::1', '2026-05-19 09:06:09'),
('210', '1', 'login_success', 'auth', 'user', 'admin', '{\"ip_address\":\"::1\"}', '::1', '2026-05-19 09:09:52'),
('211', '1', 'login_success', 'auth', 'user', 'admin', '{\"ip_address\":\"::1\"}', '::1', '2026-05-19 09:10:23'),
('212', '1', 'login_success', 'auth', 'user', 'admin', '{\"ip_address\":\"::1\"}', '::1', '2026-05-19 10:00:17'),
('213', NULL, 'login_failed', 'auth', 'user', 'admin', '{\"ip_address\":\"::1\"}', '::1', '2026-05-19 16:07:28'),
('214', '1', 'login_success', 'auth', 'user', 'admin', '{\"ip_address\":\"::1\"}', '::1', '2026-05-19 16:08:11'),
('215', '1', 'archive', 'inventory', 'product', '858', '{\"name\":\"Barcode Label Roll\"}', '::1', '2026-05-19 16:36:35'),
('216', '1', 'login_success', 'auth', 'user', 'admin', '{\"ip_address\":\"::1\"}', '::1', '2026-05-19 19:11:09'),
('217', '1', 'update', 'settings', 'inventory_category', '1', '{\"old_name\":\"ID Lace Replacement\",\"new_name\":\"ID Lace Replacement\",\"section\":\"services\"}', '::1', '2026-05-19 19:12:46'),
('218', '1', 'create', 'settings', 'inventory_category', 'Food product', '{\"section\":\"products\"}', '::1', '2026-05-19 19:51:00'),
('219', '1', 'create', 'inventory', 'product', '20149', '{\"name\":\"Bagoong\",\"unit\":\"bottle\",\"category\":\"Food product\",\"product_group\":\"product\",\"type\":\"item\",\"product_type\":\"consumable\",\"initial_quantity\":0,\"status\":\"active\"}', '::1', '2026-05-19 19:53:41'),
('220', '1', 'update', 'inventory', 'product', '20149', '{\"name\":\"Bagoong\"}', '::1', '2026-05-19 19:54:29'),
('221', '1', 'mark_toga_returned', 'projects', 'project_account', '21', '{\"return_date\":\"2026-05-19\",\"refund_amount\":0}', '::1', '2026-05-19 20:00:25'),
('222', '1', 'login_success', 'auth', 'user', 'admin', '{\"ip_address\":\"::1\"}', '::1', '2026-05-19 21:33:48'),
('223', '1', 'create_pond', 'fishpond', 'pond', '2598', '{\"pond_name\":\"Pond C\",\"pond_code\":null}', '::1', '2026-05-19 21:43:21'),
('224', '1', 'record_fishpond_entry', 'fishpond', 'fishpond_expense', '2362', '{\"pond_id\":2598,\"record_type\":\"expense\",\"amount\":100}', '::1', '2026-05-19 21:43:52'),
('225', '1', 'record_fishpond_entry', 'fishpond', 'fishpond_harvest_record', '2368', '{\"pond_id\":2598,\"record_type\":\"harvest\",\"amount\":6000}', '::1', '2026-05-19 21:44:32'),
('226', '1', 'view_report', 'reports', 'daily', NULL, '{\"reference_date\":\"2026-05-19\",\"start\":\"2026-05-19 00:00:00\",\"end\":\"2026-05-19 23:59:59\"}', '::1', '2026-05-19 21:56:19'),
('227', '1', 'view_report', 'reports', 'daily', NULL, '{\"reference_date\":\"2026-05-19\",\"start\":\"2026-05-19 00:00:00\",\"end\":\"2026-05-19 23:59:59\"}', '::1', '2026-05-19 22:06:40'),
('228', '1', 'view_report', 'reports', 'daily', NULL, '{\"reference_date\":\"2026-05-19\",\"start\":\"2026-05-19 00:00:00\",\"end\":\"2026-05-19 23:59:59\"}', '::1', '2026-05-19 22:06:44'),
('229', '1', 'view_report', 'reports', 'daily', NULL, '{\"reference_date\":\"2026-05-19\",\"start\":\"2026-05-19 00:00:00\",\"end\":\"2026-05-19 23:59:59\"}', '::1', '2026-05-19 22:06:48'),
('230', '1', 'view_report', 'reports', 'daily', NULL, '{\"reference_date\":\"2026-05-19\",\"start\":\"2026-05-19 00:00:00\",\"end\":\"2026-05-19 23:59:59\"}', '::1', '2026-05-19 22:06:53'),
('231', '1', 'view_report', 'reports', 'daily', NULL, '{\"reference_date\":\"2026-05-19\",\"start\":\"2026-05-19 00:00:00\",\"end\":\"2026-05-19 23:59:59\"}', '::1', '2026-05-19 22:06:58'),
('232', '1', 'view_report', 'reports', 'daily', NULL, '{\"reference_date\":\"2026-05-18\",\"start\":\"2026-05-18 00:00:00\",\"end\":\"2026-05-18 23:59:59\"}', '::1', '2026-05-19 22:07:10'),
('233', '1', 'view_report', 'reports', 'daily', NULL, '{\"reference_date\":\"2026-05-19\",\"start\":\"2026-05-19 00:00:00\",\"end\":\"2026-05-19 23:59:59\"}', '::1', '2026-05-19 22:08:09'),
('234', '1', 'view_security_logs', 'security', 'audit', NULL, '{\"q\":\"\"}', '::1', '2026-05-19 22:25:30'),
('235', '1', 'view_security_logs', 'security', 'sessions', NULL, '{\"q\":\"\"}', '::1', '2026-05-19 22:25:35'),
('236', '1', 'view_security_logs', 'security', 'login', NULL, '{\"q\":\"\"}', '::1', '2026-05-19 22:25:46'),
('237', '1', 'view_security_logs', 'security', 'errors', NULL, '{\"q\":\"\"}', '::1', '2026-05-19 22:25:52'),
('238', '1', 'view_security_logs', 'security', 'audit', NULL, '{\"q\":\"\"}', '::1', '2026-05-19 22:30:06'),
('239', '1', 'create_backup', 'settings', 'backup_file', 'backup_20260519_143142.sql', NULL, '::1', '2026-05-19 22:31:42'),
('240', '1', 'create_backup', 'backup', 'backup_file', 'backup_20260519_143157.sql', NULL, '::1', '2026-05-19 22:31:57'),
('241', '1', 'view_security_logs', 'security', 'login', NULL, '{\"q\":\"\"}', '::1', '2026-05-19 22:37:25'),
('242', '1', 'view_security_logs', 'security', 'errors', NULL, '{\"q\":\"\"}', '::1', '2026-05-19 22:38:00'),
('243', '1', 'view_security_logs', 'security', 'sessions', NULL, '{\"q\":\"\"}', '::1', '2026-05-19 22:38:20'),
('244', '1', 'view_security_logs', 'security', 'sessions', NULL, '{\"q\":\"\"}', '::1', '2026-05-19 22:38:44'),
('245', '1', 'view_security_logs', 'security', 'audit', NULL, '{\"q\":\"\"}', '::1', '2026-05-19 22:38:53'),
('246', '1', 'view_security_logs', 'security', 'audit', NULL, '{\"q\":\"\"}', '::1', '2026-05-19 22:42:34'),
('247', '1', 'view_security_logs', 'security', 'sessions', NULL, '{\"q\":\"\"}', '::1', '2026-05-19 22:42:42'),
('248', '1', 'view_security_logs', 'security', 'login', NULL, '{\"q\":\"\"}', '::1', '2026-05-19 22:42:50'),
('249', '1', 'view_security_logs', 'security', 'errors', NULL, '{\"q\":\"\"}', '::1', '2026-05-19 22:42:59'),
('250', '1', 'create_backup', 'backup', 'backup_file', 'backup_20260519_150028.sql', NULL, '::1', '2026-05-19 23:00:28'),
('251', '1', 'view_security_logs', 'security', 'errors', NULL, '{\"q\":\"\"}', '::1', '2026-05-19 23:00:37'),
('252', '1', 'view_security_logs', 'security', 'audit', NULL, '{\"q\":\"\"}', '::1', '2026-05-19 23:10:32'),
('253', '1', 'view_report', 'reports', 'daily', NULL, '{\"reference_date\":\"2026-05-19\",\"start\":\"2026-05-19 00:00:00\",\"end\":\"2026-05-19 23:59:59\"}', '::1', '2026-05-19 23:13:39'),
('254', '1', 'view_report', 'reports', 'daily', NULL, '{\"reference_date\":\"2026-05-19\",\"start\":\"2026-05-19 00:00:00\",\"end\":\"2026-05-19 23:59:59\"}', '::1', '2026-05-19 23:15:17'),
('255', '2', 'login_success', 'auth', 'user', 'staff', '{\"ip_address\":\"::1\"}', '::1', '2026-05-20 00:12:11'),
('256', '2', 'view_report', 'reports', 'daily', NULL, '{\"reference_date\":\"2026-05-19\",\"start\":\"2026-05-19 00:00:00\",\"end\":\"2026-05-19 23:59:59\"}', '::1', '2026-05-20 00:13:12'),
('257', '2', 'view_report', 'reports', 'daily', NULL, '{\"reference_date\":\"2026-05-19\",\"start\":\"2026-05-19 00:00:00\",\"end\":\"2026-05-19 23:59:59\"}', '::1', '2026-05-20 00:13:22'),
('258', '2', 'view_report', 'reports', 'daily', NULL, '{\"reference_date\":\"2026-05-19\",\"start\":\"2026-05-19 00:00:00\",\"end\":\"2026-05-19 23:59:59\"}', '::1', '2026-05-20 00:15:16'),
('259', '2', 'view_report', 'reports', 'daily', NULL, '{\"reference_date\":\"2026-05-19\",\"start\":\"2026-05-19 00:00:00\",\"end\":\"2026-05-19 23:59:59\"}', '::1', '2026-05-20 00:15:25'),
('260', '2', 'view_report', 'reports', 'daily', NULL, '{\"reference_date\":\"2026-05-19\",\"start\":\"2026-05-19 00:00:00\",\"end\":\"2026-05-19 23:59:59\"}', '::1', '2026-05-20 00:15:30'),
('261', '2', 'view_report', 'reports', 'daily', NULL, '{\"reference_date\":\"2026-05-19\",\"start\":\"2026-05-19 00:00:00\",\"end\":\"2026-05-19 23:59:59\"}', '::1', '2026-05-20 00:17:28'),
('262', '2', 'view_report', 'reports', 'daily', NULL, '{\"reference_date\":\"2026-05-19\",\"start\":\"2026-05-19 00:00:00\",\"end\":\"2026-05-19 23:59:59\"}', '::1', '2026-05-20 00:28:22'),
('263', '2', 'view_report', 'reports', 'daily', NULL, '{\"reference_date\":\"2026-05-19\",\"start\":\"2026-05-19 00:00:00\",\"end\":\"2026-05-19 23:59:59\"}', '::1', '2026-05-20 00:28:27'),
('264', '2', 'view_report', 'reports', 'daily', NULL, '{\"reference_date\":\"2026-05-19\",\"start\":\"2026-05-19 00:00:00\",\"end\":\"2026-05-19 23:59:59\"}', '::1', '2026-05-20 00:28:30'),
('265', '2', 'view_report', 'reports', 'daily', NULL, '{\"reference_date\":\"2026-05-19\",\"start\":\"2026-05-19 00:00:00\",\"end\":\"2026-05-19 23:59:59\"}', '::1', '2026-05-20 00:51:04'),
('266', '1', 'login_success', 'auth', 'user', 'admin', '{\"ip_address\":\"::1\"}', '::1', '2026-05-20 00:51:38'),
('268', '1', 'view_report', 'reports', 'daily', NULL, '{\"reference_date\":\"2026-05-19\",\"start\":\"2026-05-19 00:00:00\",\"end\":\"2026-05-19 23:59:59\"}', '::1', '2026-05-20 00:58:14'),
('269', '1', 'view_report', 'reports', 'daily', NULL, '{\"reference_date\":\"2026-05-19\",\"start\":\"2026-05-19 00:00:00\",\"end\":\"2026-05-19 23:59:59\"}', '::1', '2026-05-20 00:58:18'),
('270', '1', 'view_report', 'reports', 'daily', NULL, '{\"reference_date\":\"2026-05-19\",\"start\":\"2026-05-19 00:00:00\",\"end\":\"2026-05-19 23:59:59\"}', '::1', '2026-05-20 00:58:20'),
('271', '2', 'login_success', 'auth', 'user', 'staff', '{\"ip_address\":\"::1\"}', '::1', '2026-05-20 01:03:22'),
('272', '2', 'view_report', 'reports', 'daily', NULL, '{\"reference_date\":\"2026-05-19\",\"start\":\"2026-05-19 00:00:00\",\"end\":\"2026-05-19 23:59:59\"}', '::1', '2026-05-20 01:03:48'),
('273', '2', 'view_report', 'reports', 'daily', NULL, '{\"reference_date\":\"2026-05-19\",\"start\":\"2026-05-19 00:00:00\",\"end\":\"2026-05-19 23:59:59\"}', '::1', '2026-05-20 01:03:51'),
('274', '2', 'view_report', 'reports', 'daily', NULL, '{\"reference_date\":\"2026-05-19\",\"start\":\"2026-05-19 00:00:00\",\"end\":\"2026-05-19 23:59:59\"}', '::1', '2026-05-20 01:03:54'),
('275', '2', 'view_report', 'reports', 'daily', NULL, '{\"reference_date\":\"2026-05-19\",\"start\":\"2026-05-19 00:00:00\",\"end\":\"2026-05-19 23:59:59\"}', '::1', '2026-05-20 01:03:59'),
('276', '1', 'login_success', 'auth', 'user', 'admin', '{\"ip_address\":\"::1\"}', '::1', '2026-05-20 01:04:55'),
('277', '1', 'login_success', 'auth', 'user', 'admin', '{\"ip_address\":\"::1\"}', '::1', '2026-05-20 06:57:07'),
('278', '1', 'login_success', 'auth', 'user', 'admin', '{\"ip_address\":\"::1\"}', '::1', '2026-05-20 10:56:49'),
('279', '1', 'login_success', 'auth', 'user', 'admin', '{\"ip_address\":\"::1\"}', '::1', '2026-05-20 11:43:49'),
('280', '2', 'login_success', 'auth', 'user', 'staff', '{\"ip_address\":\"::1\"}', '::1', '2026-05-20 11:44:45'),
('281', '2', 'view_report', 'reports', 'daily', NULL, '{\"reference_date\":\"2026-05-20\",\"start\":\"2026-05-20 00:00:00\",\"end\":\"2026-05-20 23:59:59\"}', '::1', '2026-05-20 11:48:03'),
('282', '2', 'view_report', 'reports', 'daily', NULL, '{\"reference_date\":\"2026-05-20\",\"start\":\"2026-05-20 00:00:00\",\"end\":\"2026-05-20 23:59:59\"}', '::1', '2026-05-20 11:48:28'),
('283', '1', 'login_success', 'auth', 'user', 'admin', '{\"ip_address\":\"::1\"}', '::1', '2026-05-20 11:50:22'),
('285', '1', 'view_report', 'reports', 'daily', NULL, '{\"reference_date\":\"2026-05-20\",\"start\":\"2026-05-20 00:00:00\",\"end\":\"2026-05-20 23:59:59\"}', '::1', '2026-05-20 11:56:26'),
('286', '1', 'view_security_logs', 'security', 'audit', NULL, '{\"q\":\"\"}', '::1', '2026-05-20 11:58:08'),
('287', '1', 'view_security_logs', 'security', 'errors', NULL, '{\"q\":\"\"}', '::1', '2026-05-20 11:59:01'),
('288', '1', 'view_security_logs', 'security', 'login', NULL, '{\"q\":\"\"}', '::1', '2026-05-20 11:59:06'),
('289', '1', 'view_security_logs', 'security', 'audit', NULL, '{\"q\":\"\"}', '::1', '2026-05-20 11:59:12'),
('290', '1', 'download_backup', 'backup', 'backup_file', 'backup_20260519_150028.sql', NULL, '::1', '2026-05-20 11:59:44'),
('291', '1', 'login_success', 'auth', 'user', 'admin', '{\"ip_address\":\"::1\"}', '::1', '2026-05-20 12:30:42'),
('292', '1', 'view_report', 'reports', 'daily', NULL, '{\"reference_date\":\"2026-05-20\",\"start\":\"2026-05-20 00:00:00\",\"end\":\"2026-05-20 23:59:59\"}', '::1', '2026-05-20 12:49:02'),
('293', NULL, 'login_failed', 'auth', 'user', 'staff', '{\"ip_address\":\"::1\"}', '::1', '2026-05-20 12:50:01'),
('294', '2', 'login_success', 'auth', 'user', 'staff', '{\"ip_address\":\"::1\"}', '::1', '2026-05-20 12:50:19'),
('295', '2', 'view_report', 'reports', 'daily', NULL, '{\"reference_date\":\"2026-05-20\",\"start\":\"2026-05-20 00:00:00\",\"end\":\"2026-05-20 23:59:59\"}', '::1', '2026-05-20 12:50:29'),
('296', '1', 'login_success', 'auth', 'user', 'admin', '{\"ip_address\":\"::1\"}', '::1', '2026-05-20 13:41:13'),
('297', '1', 'view_report', 'reports', 'daily', NULL, '{\"reference_date\":\"2026-05-20\",\"start\":\"2026-05-20 00:00:00\",\"end\":\"2026-05-20 23:59:59\"}', '::1', '2026-05-20 13:41:22'),
('298', '1', 'view_report', 'reports', 'daily', NULL, '{\"reference_date\":\"2026-05-20\",\"start\":\"2026-05-20 00:00:00\",\"end\":\"2026-05-20 23:59:59\"}', '::1', '2026-05-20 13:48:14'),
('299', '1', 'login_success', 'auth', 'user', 'admin', '{\"ip_address\":\"::1\"}', '::1', '2026-05-20 14:15:55'),
('300', '1', 'view_report', 'reports', 'daily', NULL, '{\"reference_date\":\"2026-05-20\",\"start\":\"2026-05-20 00:00:00\",\"end\":\"2026-05-20 23:59:59\"}', '::1', '2026-05-20 14:16:01'),
('301', '1', 'view_report', 'reports', 'daily', NULL, '{\"reference_date\":\"2026-05-20\",\"start\":\"2026-05-20 00:00:00\",\"end\":\"2026-05-20 23:59:59\"}', '::1', '2026-05-20 14:16:08'),
('302', '1', 'view_report', 'reports', 'daily', NULL, '{\"reference_date\":\"2026-05-20\",\"start\":\"2026-05-20 00:00:00\",\"end\":\"2026-05-20 23:59:59\"}', '::1', '2026-05-20 14:16:12'),
('303', '1', 'view_report', 'reports', 'daily', NULL, '{\"reference_date\":\"2026-05-20\",\"start\":\"2026-05-20 00:00:00\",\"end\":\"2026-05-20 23:59:59\"}', '::1', '2026-05-20 14:16:36'),
('304', '1', 'view_report', 'reports', 'daily', NULL, '{\"reference_date\":\"2026-05-20\",\"start\":\"2026-05-20 00:00:00\",\"end\":\"2026-05-20 23:59:59\"}', '::1', '2026-05-20 14:16:54'),
('305', '1', 'view_report', 'reports', 'daily', NULL, '{\"reference_date\":\"2026-05-20\",\"start\":\"2026-05-20 00:00:00\",\"end\":\"2026-05-20 23:59:59\"}', '::1', '2026-05-20 14:25:13'),
('306', '1', 'view_report', 'reports', 'daily', NULL, '{\"reference_date\":\"2026-05-20\",\"start\":\"2026-05-20 00:00:00\",\"end\":\"2026-05-20 23:59:59\"}', '::1', '2026-05-20 14:53:41'),
('307', '1', 'view_report', 'reports', 'daily', NULL, '{\"reference_date\":\"2026-05-20\",\"start\":\"2026-05-20 00:00:00\",\"end\":\"2026-05-20 23:59:59\"}', '::1', '2026-05-20 14:53:46'),
('308', '1', 'view_report', 'reports', 'daily', NULL, '{\"reference_date\":\"2026-05-20\",\"start\":\"2026-05-20 00:00:00\",\"end\":\"2026-05-20 23:59:59\"}', '::1', '2026-05-20 14:53:51'),
('309', '1', 'login_success', 'auth', 'user', 'admin', '{\"ip_address\":\"::1\"}', '::1', '2026-05-20 15:29:01'),
('310', '1', 'view_report', 'reports', 'daily', NULL, '{\"reference_date\":\"2026-05-20\",\"start\":\"2026-05-20 00:00:00\",\"end\":\"2026-05-20 23:59:59\"}', '::1', '2026-05-20 15:29:28'),
('311', '1', 'view_report', 'reports', 'daily', NULL, '{\"reference_date\":\"2026-05-20\",\"start\":\"2026-05-20 00:00:00\",\"end\":\"2026-05-20 23:59:59\"}', '::1', '2026-05-20 15:29:32'),
('312', '1', 'view_report', 'reports', 'daily', NULL, '{\"reference_date\":\"2026-05-20\",\"start\":\"2026-05-20 00:00:00\",\"end\":\"2026-05-20 23:59:59\"}', '::1', '2026-05-20 15:29:44'),
('313', '1', 'login_success', 'auth', 'user', 'admin', '{\"ip_address\":\"::1\"}', '::1', '2026-05-20 15:52:37'),
('314', '1', 'view_report', 'reports', 'daily', NULL, '{\"reference_date\":\"2026-05-20\",\"start\":\"2026-05-20 00:00:00\",\"end\":\"2026-05-20 23:59:59\"}', '::1', '2026-05-20 15:53:14'),
('315', '1', 'view_report', 'reports', 'daily', NULL, '{\"reference_date\":\"2026-05-20\",\"start\":\"2026-05-20 00:00:00\",\"end\":\"2026-05-20 23:59:59\"}', '::1', '2026-05-20 15:53:17'),
('316', '1', 'view_report', 'reports', 'daily', NULL, '{\"reference_date\":\"2026-05-20\",\"start\":\"2026-05-20 00:00:00\",\"end\":\"2026-05-20 23:59:59\"}', '::1', '2026-05-20 15:53:22'),
('317', '1', 'view_report', 'reports', 'daily', NULL, '{\"reference_date\":\"2026-05-20\",\"start\":\"2026-05-20 00:00:00\",\"end\":\"2026-05-20 23:59:59\"}', '::1', '2026-05-20 15:56:32'),
('318', '1', 'view_report', 'reports', 'daily', NULL, '{\"reference_date\":\"2026-05-19\",\"start\":\"2026-05-19 00:00:00\",\"end\":\"2026-05-19 23:59:59\"}', '::1', '2026-05-20 15:58:23'),
('319', '1', 'login_success', 'auth', 'user', 'admin', '{\"ip_address\":\"::1\"}', '::1', '2026-05-20 17:57:33'),
('320', '1', 'create', 'inventory', 'product', '26258', '{\"name\":\"Notebooks\",\"unit\":\"pcs\",\"category\":\"School Supply\",\"product_group\":\"product\",\"type\":\"item\",\"product_type\":\"non_consumable\",\"initial_quantity\":10,\"status\":\"active\"}', '::1', '2026-05-20 18:01:19'),
('321', '1', 'create', 'inventory', 'product', '26283', '{\"name\":\"Writing pads\",\"unit\":\"pcs\",\"category\":\"ID Products\",\"product_group\":\"product\",\"type\":\"item\",\"product_type\":\"non_consumable\",\"initial_quantity\":100,\"status\":\"active\"}', '::1', '2026-05-20 18:02:26'),
('322', '1', 'create', 'inventory', 'product', '26308', '{\"name\":\"Yellow legal pads\",\"unit\":\"ream\",\"category\":\"School Supply\",\"product_group\":\"product\",\"type\":\"item\",\"product_type\":\"non_consumable\",\"initial_quantity\":50,\"status\":\"active\"}', '::1', '2026-05-20 18:03:11'),
('323', '1', 'create', 'inventory', 'product', '26333', '{\"name\":\"Multi-colored paper\",\"unit\":\"pcs\",\"category\":\"School Supply\",\"product_group\":\"product\",\"type\":\"item\",\"product_type\":\"non_consumable\",\"initial_quantity\":20,\"status\":\"active\"}', '::1', '2026-05-20 18:03:55'),
('324', '1', 'create', 'inventory', 'product', '26382', '{\"name\":\"Folder envelopes\",\"unit\":\"pcs\",\"category\":\"School Supply\",\"product_group\":\"product\",\"type\":\"item\",\"product_type\":\"non_consumable\",\"initial_quantity\":60,\"status\":\"active\"}', '::1', '2026-05-20 18:05:11'),
('325', '1', 'create', 'inventory', 'product', '26407', '{\"name\":\"Plastic folders\",\"unit\":\"pcs\",\"category\":\"School Supply\",\"product_group\":\"product\",\"type\":\"item\",\"product_type\":\"non_consumable\",\"initial_quantity\":100,\"status\":\"active\"}', '::1', '2026-05-20 18:05:54'),
('326', '1', 'create', 'inventory', 'product', '26432', '{\"name\":\"Index cards\",\"unit\":\"ream\",\"category\":\"School Supply\",\"product_group\":\"product\",\"type\":\"item\",\"product_type\":\"non_consumable\",\"initial_quantity\":100,\"status\":\"active\"}', '::1', '2026-05-20 18:07:08'),
('327', '1', 'create', 'inventory', 'product', '26457', '{\"name\":\"Binder clips\",\"unit\":\"pcs\",\"category\":\"School Supply\",\"product_group\":\"product\",\"type\":\"item\",\"product_type\":\"non_consumable\",\"initial_quantity\":100,\"status\":\"active\"}', '::1', '2026-05-20 18:07:54'),
('328', '1', 'create', 'inventory', 'product', '26542', '{\"name\":\"ID Lace\",\"unit\":\"pcs\",\"category\":\"ID Products\",\"product_group\":\"product\",\"type\":\"item\",\"product_type\":\"non_consumable\",\"initial_quantity\":50,\"status\":\"active\"}', '::1', '2026-05-20 18:09:59'),
('329', '1', 'batch_sale', 'sales', 'sale', '365', '{\"item_count\":1,\"total_revenue\":2,\"total_profit\":1,\"logbook_id\":347}', '::1', '2026-05-20 18:21:07'),
('330', '1', 'batch_sale', 'sales', 'sale', '366,367,368', '{\"item_count\":3,\"total_revenue\":177,\"total_profit\":67,\"logbook_id\":348}', '::1', '2026-05-20 18:25:06'),
('331', '1', 'void_transaction', 'sales', 'sale_header', '529', '{\"or_number\":\"0000-0040\",\"original_cashier\":\"BPO Admin\",\"voided_by\":\"BPO Admin\",\"void_reason\":\"wrong item\",\"voided_at\":\"2026-05-20 10:25:28\",\"affected_inventory\":[{\"product_id\":20149,\"batch_id\":114,\"quantity_restored\":2,\"unit_cost\":30,\"source_movement_id\":400,\"restore_movement_id\":403},{\"product_id\":26382,\"batch_id\":128,\"quantity_restored\":3,\"unit_cost\":10,\"source_movement_id\":401,\"restore_movement_id\":404},{\"product_id\":26457,\"batch_id\":131,\"quantity_restored\":4,\"unit_cost\":5,\"source_movement_id\":402,\"restore_movement_id\":405}],\"cash_flow_reversal\":{\"cash_transaction_id\":138,\"direction\":\"out\",\"amount\":177}}', '::1', '2026-05-20 18:25:28'),
('332', '1', 'batch_sale', 'sales', 'sale', '369,370,371', '{\"item_count\":3,\"total_revenue\":473,\"total_profit\":53,\"logbook_id\":349}', '::1', '2026-05-20 18:26:14'),
('333', '1', 'batch_sale', 'sales', 'sale', '372', '{\"item_count\":1,\"total_revenue\":8,\"total_profit\":3,\"logbook_id\":350}', '::1', '2026-05-20 18:26:28'),
('334', '1', 'batch_sale', 'sales', 'sale', '373', '{\"item_count\":1,\"total_revenue\":30,\"total_profit\":10,\"logbook_id\":351}', '::1', '2026-05-20 18:26:49'),
('335', '1', 'batch_sale', 'sales', 'sale', '374,375', '{\"item_count\":2,\"total_revenue\":110,\"total_profit\":30,\"logbook_id\":352}', '::1', '2026-05-20 18:27:20'),
('336', '1', 'batch_sale', 'sales', 'sale', '376', '{\"item_count\":1,\"total_revenue\":15,\"total_profit\":5,\"logbook_id\":353}', '::1', '2026-05-20 18:27:35'),
('337', '1', 'batch_sale', 'sales', 'sale', '377', '{\"item_count\":1,\"total_revenue\":20,\"total_profit\":4,\"logbook_id\":354}', '::1', '2026-05-20 18:27:51'),
('338', '1', 'batch_sale', 'sales', 'sale', '378', '{\"item_count\":1,\"total_revenue\":120,\"total_profit\":20,\"logbook_id\":355}', '::1', '2026-05-20 18:28:16'),
('339', '1', 'batch_sale', 'sales', 'sale', '379,380', '{\"item_count\":2,\"total_revenue\":120,\"total_profit\":45,\"logbook_id\":356}', '::1', '2026-05-20 18:28:36'),
('340', '1', 'update', 'inventory', 'product', '2', '{\"name\":\"ID Card\"}', '::1', '2026-05-20 18:29:22'),
('341', '1', 'stock_movement', 'inventory', 'product', '2', '{\"direction\":\"in\",\"movement_type\":\"stock_in\",\"quantity\":15,\"unit_cost\":20}', '::1', '2026-05-20 18:35:52'),
('342', '1', 'stock_movement', 'inventory', 'product', '1', '{\"direction\":\"in\",\"movement_type\":\"stock_in\",\"quantity\":20,\"unit_cost\":10}', '::1', '2026-05-20 18:36:14'),
('343', '1', 'batch_sale', 'sales', 'sale', '381,382', '{\"item_count\":2,\"total_revenue\":233,\"total_profit\":48,\"logbook_id\":357}', '::1', '2026-05-20 18:38:10'),
('344', '1', 'stock_movement', 'inventory', 'product', '20149', '{\"direction\":\"in\",\"movement_type\":\"stock_in\",\"quantity\":12,\"unit_cost\":30}', '::1', '2026-05-20 18:40:06'),
('345', '1', 'stock_movement', 'inventory', 'product', '26382', '{\"direction\":\"in\",\"movement_type\":\"stock_in\",\"quantity\":8,\"unit_cost\":10}', '::1', '2026-05-20 18:40:24'),
('346', '1', 'view_report', 'reports', 'daily', NULL, '{\"reference_date\":\"2026-05-20\",\"start\":\"2026-05-20 00:00:00\",\"end\":\"2026-05-20 23:59:59\"}', '::1', '2026-05-20 18:41:53'),
('347', '1', 'login_success', 'auth', 'user', 'admin', '{\"ip_address\":\"::1\"}', '::1', '2026-05-20 18:51:09'),
('348', '1', 'login_success', 'auth', 'user', 'admin', '{\"ip_address\":\"::1\"}', '::1', '2026-05-20 18:53:07'),
('349', '1', 'batch_sale', 'sales', 'sale', '383,384,385,386,387', '{\"item_count\":5,\"total_revenue\":135,\"total_profit\":39,\"logbook_id\":358}', '::1', '2026-05-20 18:53:55'),
('350', '1', 'batch_sale', 'sales', 'sale', '388,389', '{\"item_count\":2,\"total_revenue\":23,\"total_profit\":8,\"logbook_id\":359}', '::1', '2026-05-20 18:54:18'),
('351', '1', 'void_transaction', 'sales', 'sale_header', '539', '{\"or_number\":\"0000-0050\",\"original_cashier\":\"BPO Admin\",\"voided_by\":\"BPO Admin\",\"void_reason\":\"wrong item\",\"voided_at\":\"2026-05-20 10:55:11\",\"affected_inventory\":[{\"product_id\":20149,\"batch_id\":133,\"quantity_restored\":1,\"unit_cost\":30,\"source_movement_id\":424,\"restore_movement_id\":430},{\"product_id\":26382,\"batch_id\":128,\"quantity_restored\":1,\"unit_cost\":10,\"source_movement_id\":425,\"restore_movement_id\":431},{\"product_id\":26457,\"batch_id\":131,\"quantity_restored\":1,\"unit_cost\":5,\"source_movement_id\":426,\"restore_movement_id\":432},{\"product_id\":26542,\"batch_id\":132,\"quantity_restored\":1,\"unit_cost\":50,\"source_movement_id\":427,\"restore_movement_id\":433}],\"cash_flow_reversal\":{\"cash_transaction_id\":150,\"direction\":\"out\",\"amount\":135}}', '::1', '2026-05-20 18:55:11'),
('352', '1', 'create', 'inventory', 'product', '28079', '{\"name\":\"Binder pins\",\"unit\":\"pcs\",\"category\":\"School Supply\",\"product_group\":\"product\",\"type\":\"item\",\"product_type\":\"non_consumable\",\"initial_quantity\":100,\"status\":\"active\"}', '::1', '2026-05-20 18:57:00'),
('353', '1', 'login_success', 'auth', 'user', 'admin', '{\"ip_address\":\"::1\"}', '::1', '2026-05-20 19:02:19'),
('354', '1', 'login_failed', 'auth', 'user', 'admin', '{\"ip_address\":\"::1\"}', '::1', '2026-05-20 19:04:21'),
('355', '1', 'login_success', 'auth', 'user', 'admin', '{\"ip_address\":\"::1\"}', '::1', '2026-05-20 19:04:52'),
('356', '1', 'update_system_settings', 'settings', 'section', 'security', '{\"keys\":[\"security.maximum_login_attempts\",\"security.account_lock_duration\",\"security.session_timeout\",\"security.password_minimum_length\",\"security.require_strong_password\",\"security.enable_session_logs\"]}', '::1', '2026-05-20 19:05:18'),
('357', '1', 'login_failed', 'auth', 'user', 'admin', '{\"ip_address\":\"::1\"}', '::1', '2026-05-20 19:06:30'),
('358', '1', 'login_failed', 'auth', 'user', 'admin', '{\"ip_address\":\"::1\"}', '::1', '2026-05-20 19:06:50'),
('359', '1', 'login_success', 'auth', 'user', 'admin', '{\"ip_address\":\"::1\"}', '::1', '2026-05-20 19:07:04'),
('360', '1', 'batch_sale', 'sales', 'sale', '390,391,392', '{\"item_count\":3,\"total_revenue\":71,\"total_profit\":28,\"logbook_id\":360}', '::1', '2026-05-20 19:08:04'),
('361', '1', 'void_transaction', 'sales', 'sale_header', '541', '{\"or_number\":\"0000-0052\",\"original_cashier\":\"BPO Admin\",\"voided_by\":\"BPO Admin\",\"void_reason\":\"wrong item\",\"voided_at\":\"2026-05-20 11:08:47\",\"affected_inventory\":[{\"product_id\":20149,\"batch_id\":133,\"quantity_restored\":1,\"unit_cost\":30,\"source_movement_id\":435,\"restore_movement_id\":438},{\"product_id\":26457,\"batch_id\":131,\"quantity_restored\":2,\"unit_cost\":5,\"source_movement_id\":436,\"restore_movement_id\":439},{\"product_id\":28079,\"batch_id\":138,\"quantity_restored\":1,\"unit_cost\":3,\"source_movement_id\":437,\"restore_movement_id\":440}],\"cash_flow_reversal\":{\"cash_transaction_id\":152,\"direction\":\"out\",\"amount\":71}}', '::1', '2026-05-20 19:08:47'),
('362', '1', 'create', 'inventory', 'product', '28608', '{\"name\":\"bond paper\",\"unit\":\"rpcs\",\"category\":\"School Supply\",\"product_group\":\"product\",\"type\":\"item\",\"product_type\":\"non_consumable\",\"initial_quantity\":500,\"status\":\"active\"}', '::1', '2026-05-20 19:10:27'),
('363', '1', 'login_failed', 'auth', 'user', 'admin', '{\"ip_address\":\"::1\"}', '::1', '2026-05-20 19:12:16'),
('364', '1', 'login_success', 'auth', 'user', 'admin', '{\"ip_address\":\"::1\"}', '::1', '2026-05-20 19:12:28'),
('365', '1', 'batch_sale', 'sales', 'sale', '393', '{\"item_count\":1,\"total_revenue\":8,\"total_profit\":3,\"logbook_id\":361}', '::1', '2026-05-20 19:13:13'),
('366', '1', 'void_transaction', 'sales', 'sale_header', '542', '{\"or_number\":\"0000-0053\",\"original_cashier\":\"BPO Admin\",\"voided_by\":\"BPO Admin\",\"void_reason\":\"retured\",\"voided_at\":\"2026-05-20 11:13:45\",\"affected_inventory\":[{\"product_id\":26457,\"batch_id\":131,\"quantity_restored\":1,\"unit_cost\":5,\"source_movement_id\":442,\"restore_movement_id\":443}],\"cash_flow_reversal\":{\"cash_transaction_id\":154,\"direction\":\"out\",\"amount\":8}}', '::1', '2026-05-20 19:13:45'),
('367', '1', 'create', 'inventory', 'product', '28873', '{\"name\":\"colored marker\",\"unit\":\"pcs\",\"category\":\"School Supply\",\"product_group\":\"product\",\"type\":\"item\",\"product_type\":\"non_consumable\",\"initial_quantity\":100,\"status\":\"active\"}', '::1', '2026-05-20 19:15:42'),
('368', '1', 'create', 'inventory', 'product', '28910', '{\"name\":\"ID Lace\",\"unit\":\"pcs\",\"category\":\"ID Services\",\"product_group\":\"service\",\"type\":\"service\",\"product_type\":\"non_consumable\",\"initial_quantity\":0,\"status\":\"active\"}', '::1', '2026-05-20 19:16:32'),
('369', '1', 'record_fishpond_entry', 'fishpond', 'fishpond_harvest_record', '3663', '{\"pond_id\":1,\"record_type\":\"harvest\",\"amount\":1000}', '::1', '2026-05-20 19:18:24'),
('370', '1', 'record_entry', 'projects', 'project_entry', '79', '{\"category_id\":2,\"account_id\":null,\"entry_type\":\"payment\",\"amount\":0}', '::1', '2026-05-20 19:18:52'),
('371', '1', 'mark_toga_returned', 'projects', 'project_account', '5', '{\"return_date\":\"2026-05-20\",\"refund_amount\":0}', '::1', '2026-05-20 19:19:42'),
('372', '1', 'record_entry', 'projects', 'project_entry', '81', '{\"category_id\":2,\"account_id\":3,\"entry_type\":\"payment\",\"amount\":1000}', '::1', '2026-05-20 19:20:09'),
('373', '1', 'view_report', 'reports', 'daily', NULL, '{\"reference_date\":\"2026-05-20\",\"start\":\"2026-05-20 00:00:00\",\"end\":\"2026-05-20 23:59:59\"}', '::1', '2026-05-20 19:20:38'),
('374', '1', 'view_report', 'reports', 'daily', NULL, '{\"reference_date\":\"2026-05-20\",\"start\":\"2026-05-20 00:00:00\",\"end\":\"2026-05-20 23:59:59\"}', '::1', '2026-05-20 19:21:15'),
('375', '1', 'view_report', 'reports', 'daily', NULL, '{\"reference_date\":\"2026-05-20\",\"start\":\"2026-05-20 00:00:00\",\"end\":\"2026-05-20 23:59:59\"}', '::1', '2026-05-20 19:21:32'),
('376', '2', 'login_success', 'auth', 'user', 'staff', '{\"ip_address\":\"::1\"}', '::1', '2026-05-20 19:22:10'),
('377', '2', 'create_person', 'people', 'person', '38', '{\"status\":\"pending\"}', '::1', '2026-05-20 19:23:23'),
('378', '2', 'approval_request_created', 'proposals', 'proposal', '13', '{\"action_type\":\"submit_proposal\",\"approval_id\":9}', '::1', '2026-05-20 19:24:08'),
('379', '2', 'submit_proposal', 'proposals', 'proposal', '13', '{\"title\":\"Automatic Fishfeeder\",\"status\":\"submitted\"}', '::1', '2026-05-20 19:24:08'),
('380', '2', 'view_report', 'reports', 'daily', NULL, '{\"reference_date\":\"2026-05-20\",\"start\":\"2026-05-20 00:00:00\",\"end\":\"2026-05-20 23:59:59\"}', '::1', '2026-05-20 19:26:20'),
('381', '2', 'approval_request_created', 'proposals', 'proposal', '14', '{\"action_type\":\"submit_proposal\",\"approval_id\":10}', '::1', '2026-05-20 19:29:54'),
('382', '2', 'submit_proposal', 'proposals', 'proposal', '14', '{\"title\":\"Automatic Grass cutter\",\"status\":\"submitted\"}', '::1', '2026-05-20 19:29:54'),
('383', '1', 'login_success', 'auth', 'user', 'admin', '{\"ip_address\":\"::1\"}', '::1', '2026-05-20 19:30:17'),
('384', '1', 'proposal_approved', 'proposals', 'proposal', '14', '{\"old_status\":\"submitted\",\"new_status\":\"approved\",\"admin_notes\":\"\"}', '::1', '2026-05-20 19:31:36'),
('385', '1', 'proposal_rejected', 'proposals', 'proposal', '13', '{\"old_status\":\"submitted\",\"new_status\":\"rejected\",\"admin_notes\":\"\"}', '::1', '2026-05-20 19:31:52'),
('386', '1', 'view_report', 'reports', 'daily', NULL, '{\"reference_date\":\"2026-05-20\",\"start\":\"2026-05-20 00:00:00\",\"end\":\"2026-05-20 23:59:59\"}', '::1', '2026-05-20 19:32:04'),
('387', '1', 'view_report', 'reports', 'daily', NULL, '{\"reference_date\":\"2026-05-20\",\"start\":\"2026-05-20 00:00:00\",\"end\":\"2026-05-20 23:59:59\"}', '::1', '2026-05-20 19:32:18'),
('388', '1', 'view_report', 'reports', 'daily', NULL, '{\"reference_date\":\"2026-05-20\",\"start\":\"2026-05-20 00:00:00\",\"end\":\"2026-05-20 23:59:59\"}', '::1', '2026-05-20 19:32:33'),
('389', '1', 'view_report', 'reports', 'daily', NULL, '{\"reference_date\":\"2026-05-20\",\"start\":\"2026-05-20 00:00:00\",\"end\":\"2026-05-20 23:59:59\"}', '::1', '2026-05-20 19:32:41'),
('390', '1', 'update_landing_content', 'business_center', 'section', 'contact', NULL, '::1', '2026-05-20 19:33:54'),
('391', '1', 'update_system_settings', 'settings', 'section', 'security', '{\"keys\":[\"security.maximum_login_attempts\",\"security.account_lock_duration\",\"security.session_timeout\",\"security.password_minimum_length\",\"security.require_strong_password\",\"security.enable_session_logs\"]}', '::1', '2026-05-20 19:36:13'),
('392', '1', 'view_security_logs', 'security', 'audit', NULL, '{\"q\":\"\"}', '::1', '2026-05-20 19:36:19'),
('393', '1', 'view_security_logs', 'security', 'sessions', NULL, '{\"q\":\"\"}', '::1', '2026-05-20 19:36:33'),
('394', '1', 'view_security_logs', 'security', 'login', NULL, '{\"q\":\"\"}', '::1', '2026-05-20 19:36:39'),
('395', '1', 'view_security_logs', 'security', 'errors', NULL, '{\"q\":\"\"}', '::1', '2026-05-20 19:36:43');

-- --------------------------------------------------
-- Table: business_center_content
-- --------------------------------------------------
DROP TABLE IF EXISTS `business_center_content`;
CREATE TABLE `business_center_content` (
  `id` int NOT NULL AUTO_INCREMENT,
  `section_key` varchar(80) NOT NULL,
  `title` varchar(180) NOT NULL,
  `body` text,
  `is_active` tinyint(1) NOT NULL DEFAULT '1',
  `updated_by` int DEFAULT NULL,
  `updated_at` timestamp NULL DEFAULT CURRENT_TIMESTAMP ON UPDATE CURRENT_TIMESTAMP,
  PRIMARY KEY (`id`),
  UNIQUE KEY `section_key` (`section_key`),
  KEY `idx_bc_active_section` (`is_active`,`section_key`),
  KEY `fk_bc_content_user` (`updated_by`),
  CONSTRAINT `fk_bc_content_user` FOREIGN KEY (`updated_by`) REFERENCES `users` (`id`) ON DELETE SET NULL
) ENGINE=InnoDB AUTO_INCREMENT=15494 DEFAULT CHARSET=utf8mb4 COLLATE=utf8mb4_0900_ai_ci;

INSERT INTO `business_center_content` (`id`, `section_key`, `title`, `body`, `is_active`, `updated_by`, `updated_at`) VALUES
('1', 'hero', 'Production and Business Operation Services', 'Sales, inventory, cash flow, rentals, fishpond operations, proposal requests, logbook entries, and official reports in one record management system.', '1', '1', '2026-05-14 04:36:54'),
('2', 'mission_vision', 'Mission and Vision', 'Vision: The Mindoro State University is a center of excellence in agriculture and fishery, science, technology, culture and education of globally competitive lifelong learners in a diverse yet cohesive society.\n\nMission: The University commits to produce 21st-century skilled lifelong learners and generates and commercializes innovative technologies by providing excellent and relevant services in instruction, research, extension, and production through industry-driven curricula, collaboration, internationalization, and continual organizational growth for sustainable development.', '1', '1', '2026-05-14 04:36:54'),
('3', 'services', 'Campus Services', 'Daily operation tools for the campus business center and income-generating projects.', '1', '1', '2026-05-14 04:36:54'),
('4', 'features', 'What the System Helps Manage', 'Sales records and POS transactions\nCash in, cash out, and net cash monitoring\nInventory catalog, low stock alerts, and stock ledger\nFishpond monitoring, harvest income, and expense records\nStall rentals, toga releases, payments, and overdue records\nProposal requests and administrative approval workflow\nOffice logbook entries for visits and service requests\nPrintable official reports for campus operations', '1', '1', '2026-05-14 04:36:54'),
('5', 'contact', 'Visit the Mindoro State University  Business Center', 'Mindoro State University Bongabong Campus Production and Business Operation Office.', '1', '1', '2026-05-20 19:33:54'),
('6', 'footer', 'Production and Business Operation Record Management System', 'Official campus operations records for sales, inventory, cash flow, projects, rentals, proposals, logbook, reports, and audit monitoring.', '1', '1', '2026-05-14 04:36:54');

-- --------------------------------------------------
-- Table: cash_transactions
-- --------------------------------------------------
DROP TABLE IF EXISTS `cash_transactions`;
CREATE TABLE `cash_transactions` (
  `id` int NOT NULL AUTO_INCREMENT,
  `txn_date` datetime NOT NULL DEFAULT CURRENT_TIMESTAMP,
  `direction` enum('in','out') NOT NULL,
  `source_module` varchar(80) NOT NULL DEFAULT 'manual',
  `manual_category` varchar(100) DEFAULT NULL,
  `project_entry_id` int DEFAULT NULL,
  `amount` decimal(12,2) NOT NULL,
  `or_number` varchar(100) DEFAULT NULL,
  `description` varchar(255) DEFAULT NULL,
  `created_by` int DEFAULT NULL,
  `created_at` timestamp NULL DEFAULT CURRENT_TIMESTAMP,
  PRIMARY KEY (`id`),
  KEY `idx_cash_date` (`txn_date`),
  KEY `idx_cash_project_entry` (`project_entry_id`),
  KEY `idx_cash_source_direction_date` (`source_module`,`direction`,`txn_date`),
  KEY `idx_cash_or_number` (`or_number`),
  KEY `fk_cash_user` (`created_by`),
  CONSTRAINT `fk_cash_project_entry` FOREIGN KEY (`project_entry_id`) REFERENCES `project_entries` (`id`) ON DELETE SET NULL,
  CONSTRAINT `fk_cash_user` FOREIGN KEY (`created_by`) REFERENCES `users` (`id`) ON DELETE SET NULL
) ENGINE=InnoDB AUTO_INCREMENT=157 DEFAULT CHARSET=utf8mb4 COLLATE=utf8mb4_0900_ai_ci;

INSERT INTO `cash_transactions` (`id`, `txn_date`, `direction`, `source_module`, `manual_category`, `project_entry_id`, `amount`, `or_number`, `description`, `created_by`, `created_at`) VALUES
('1', '2026-05-07 10:00:00', 'out', 'fishpond', NULL, '1', '2200.00', 'DEMO-FP-001', 'Fishpond - expense', NULL, '2026-05-13 23:11:58'),
('2', '2026-05-10 10:00:00', 'in', 'fishpond', NULL, '3', '12750.00', 'DEMO-FP-002', 'Fishpond - harvest', NULL, '2026-05-13 23:11:58'),
('3', '2026-05-11 10:00:00', 'in', 'rental', NULL, '4', '3500.00', 'DEMO-R-001', 'Rental - payment', NULL, '2026-05-13 23:11:58'),
('4', '2026-05-12 10:00:00', 'in', 'rental', NULL, '5', '2500.00', 'DEMO-R-002', 'Rental - payment', NULL, '2026-05-13 23:11:58'),
('5', '2026-05-11 10:00:00', 'in', 'toga', NULL, '6', '650.00', 'DEMO-T-001', 'Toga - payment', NULL, '2026-05-13 23:11:58'),
('6', '2026-05-01 10:00:00', 'in', 'toga', NULL, '7', '650.00', 'DEMO-T-002', 'Toga - payment', NULL, '2026-05-13 23:11:58'),
('7', '2026-05-09 10:00:00', 'out', 'toga', NULL, '8', '500.00', NULL, 'Toga - expense', NULL, '2026-05-13 23:11:58'),
('134', '2026-05-19 13:43:00', 'out', 'fishpond', NULL, NULL, '100.00', NULL, 'Fishpond expense', '1', '2026-05-19 21:43:52'),
('135', '2026-05-19 13:44:00', 'in', 'fishpond', NULL, NULL, '6000.00', NULL, 'Fishpond harvest', '1', '2026-05-19 21:44:32'),
('136', '2026-05-20 10:21:07', 'in', 'sales', NULL, NULL, '2.00', '0000-0039', 'Batch POS sale (1 items)', '1', '2026-05-20 18:21:07'),
('137', '2026-05-20 10:25:06', 'in', 'sales', NULL, NULL, '177.00', '0000-0040', 'Batch POS sale (3 items)', '1', '2026-05-20 18:25:06'),
('138', '2026-05-20 10:25:28', 'out', 'sales', NULL, NULL, '177.00', '0000-0040', 'Void reversal for OR 0000-0040', '1', '2026-05-20 18:25:28'),
('139', '2026-05-20 10:26:14', 'in', 'sales', NULL, NULL, '473.00', '0000-0041', 'Batch POS sale (3 items)', '1', '2026-05-20 18:26:14'),
('140', '2026-05-20 10:26:28', 'in', 'sales', NULL, NULL, '8.00', '0000-0042', 'Batch POS sale (1 items)', '1', '2026-05-20 18:26:28'),
('141', '2026-05-20 10:26:49', 'in', 'sales', NULL, NULL, '30.00', '0000-0043', 'Batch POS sale (1 items)', '1', '2026-05-20 18:26:49'),
('142', '2026-05-20 10:27:20', 'in', 'sales', NULL, NULL, '110.00', '0000-0044', 'Batch POS sale (2 items)', '1', '2026-05-20 18:27:20'),
('143', '2026-05-20 10:27:35', 'in', 'sales', NULL, NULL, '15.00', '0000-0045', 'Batch POS sale (1 items)', '1', '2026-05-20 18:27:35'),
('144', '2026-05-20 10:27:51', 'in', 'sales', NULL, NULL, '20.00', '0000-0046', 'Batch POS sale (1 items)', '1', '2026-05-20 18:27:51'),
('145', '2026-05-20 10:28:16', 'in', 'sales', NULL, NULL, '120.00', '0000-0047', 'Batch POS sale (1 items)', '1', '2026-05-20 18:28:16'),
('146', '2026-05-20 10:28:36', 'in', 'sales', NULL, NULL, '120.00', '0000-0048', 'Batch POS sale (2 items)', '1', '2026-05-20 18:28:36'),
('147', '2026-05-20 10:38:10', 'in', 'sales', NULL, NULL, '233.00', '0000-0049', 'Batch POS sale (2 items)', '1', '2026-05-20 18:38:10'),
('148', '2026-05-20 10:53:55', 'in', 'sales', NULL, NULL, '135.00', '0000-0050', 'Batch POS sale (5 items)', '1', '2026-05-20 18:53:55'),
('149', '2026-05-20 10:54:18', 'in', 'sales', NULL, NULL, '23.00', '0000-0051', 'Batch POS sale (2 items)', '1', '2026-05-20 18:54:18'),
('150', '2026-05-20 10:55:11', 'out', 'sales', NULL, NULL, '135.00', '0000-0050', 'Void reversal for OR 0000-0050', '1', '2026-05-20 18:55:11'),
('151', '2026-05-20 11:08:04', 'in', 'sales', NULL, NULL, '71.00', '0000-0052', 'Batch POS sale (3 items)', '1', '2026-05-20 19:08:04'),
('152', '2026-05-20 11:08:47', 'out', 'sales', NULL, NULL, '71.00', '0000-0052', 'Void reversal for OR 0000-0052', '1', '2026-05-20 19:08:47'),
('153', '2026-05-20 11:13:13', 'in', 'sales', NULL, NULL, '8.00', '0000-0053', 'Batch POS sale (1 items)', '1', '2026-05-20 19:13:13'),
('154', '2026-05-20 11:13:45', 'out', 'sales', NULL, NULL, '8.00', '0000-0053', 'Void reversal for OR 0000-0053', '1', '2026-05-20 19:13:45'),
('155', '2026-05-20 11:17:00', 'in', 'fishpond', NULL, NULL, '1000.00', NULL, 'Fishpond harvest', '1', '2026-05-20 19:18:24'),
('156', '2026-05-20 11:19:00', 'in', 'rental', NULL, '81', '1000.00', NULL, 'Rental and Stalls - payment', '1', '2026-05-20 19:20:09');

-- --------------------------------------------------
-- Table: fishpond_expenses
-- --------------------------------------------------
DROP TABLE IF EXISTS `fishpond_expenses`;
CREATE TABLE `fishpond_expenses` (
  `id` int NOT NULL AUTO_INCREMENT,
  `pond_id` int NOT NULL,
  `legacy_project_entry_id` int DEFAULT NULL,
  `expense_date` datetime NOT NULL,
  `expense_type` varchar(120) DEFAULT NULL,
  `amount` decimal(12,2) NOT NULL DEFAULT '0.00',
  `reference_no` varchar(120) DEFAULT NULL,
  `remarks` text,
  `is_active` tinyint(1) NOT NULL DEFAULT '1',
  `created_by` int DEFAULT NULL,
  `created_at` timestamp NULL DEFAULT CURRENT_TIMESTAMP,
  `updated_at` timestamp NULL DEFAULT CURRENT_TIMESTAMP ON UPDATE CURRENT_TIMESTAMP,
  PRIMARY KEY (`id`),
  UNIQUE KEY `uq_fishpond_expense_legacy` (`legacy_project_entry_id`),
  KEY `idx_fishpond_expenses_pond_date` (`pond_id`,`expense_date`),
  KEY `idx_fishpond_expenses_type` (`expense_type`),
  KEY `idx_fishpond_expenses_reference` (`reference_no`),
  KEY `fk_fishpond_expenses_created_by` (`created_by`),
  CONSTRAINT `fk_fishpond_expenses_created_by` FOREIGN KEY (`created_by`) REFERENCES `users` (`id`) ON DELETE SET NULL,
  CONSTRAINT `fk_fishpond_expenses_legacy` FOREIGN KEY (`legacy_project_entry_id`) REFERENCES `project_entries` (`id`) ON DELETE SET NULL,
  CONSTRAINT `fk_fishpond_expenses_pond` FOREIGN KEY (`pond_id`) REFERENCES `ponds` (`id`) ON DELETE CASCADE
) ENGINE=InnoDB AUTO_INCREMENT=3817 DEFAULT CHARSET=utf8mb4 COLLATE=utf8mb4_0900_ai_ci;

INSERT INTO `fishpond_expenses` (`id`, `pond_id`, `legacy_project_entry_id`, `expense_date`, `expense_type`, `amount`, `reference_no`, `remarks`, `is_active`, `created_by`, `created_at`, `updated_at`) VALUES
('1', '1', '1', '2026-05-07 10:00:00', NULL, '2200.00', 'DEMO-FP-001', 'Commercial feeds', '1', NULL, '2026-05-13 23:11:58', '2026-05-14 23:13:12'),
('37', '1', NULL, '2026-05-14 23:14:00', 'Verification', '0.00', 'P3-VERIFY-EXP', 'Priority 3 verification expense', '1', '1', '2026-05-14 23:14:36', '2026-05-14 23:14:36'),
('2362', '2598', NULL, '2026-05-19 13:43:00', 'Feeds', '100.00', NULL, NULL, '1', '1', '2026-05-19 21:43:52', '2026-05-19 21:43:52');

-- --------------------------------------------------
-- Table: fishpond_feeding_records
-- --------------------------------------------------
DROP TABLE IF EXISTS `fishpond_feeding_records`;
CREATE TABLE `fishpond_feeding_records` (
  `id` int NOT NULL AUTO_INCREMENT,
  `pond_id` int NOT NULL,
  `legacy_project_entry_id` int DEFAULT NULL,
  `fed_at` datetime NOT NULL,
  `feed_type` varchar(120) DEFAULT NULL,
  `quantity` decimal(12,2) DEFAULT NULL,
  `unit` varchar(40) DEFAULT NULL,
  `cost` decimal(12,2) NOT NULL DEFAULT '0.00',
  `caretaker_id` int DEFAULT NULL,
  `remarks` text,
  `created_by` int DEFAULT NULL,
  `created_at` timestamp NULL DEFAULT CURRENT_TIMESTAMP,
  `updated_at` timestamp NULL DEFAULT CURRENT_TIMESTAMP ON UPDATE CURRENT_TIMESTAMP,
  PRIMARY KEY (`id`),
  UNIQUE KEY `uq_fishpond_feeding_legacy` (`legacy_project_entry_id`),
  KEY `idx_fishpond_feeding_pond_date` (`pond_id`,`fed_at`),
  KEY `idx_fishpond_feeding_caretaker` (`caretaker_id`),
  KEY `fk_fishpond_feeding_created_by` (`created_by`),
  CONSTRAINT `fk_fishpond_feeding_caretaker` FOREIGN KEY (`caretaker_id`) REFERENCES `people` (`id`) ON DELETE SET NULL,
  CONSTRAINT `fk_fishpond_feeding_created_by` FOREIGN KEY (`created_by`) REFERENCES `users` (`id`) ON DELETE SET NULL,
  CONSTRAINT `fk_fishpond_feeding_legacy` FOREIGN KEY (`legacy_project_entry_id`) REFERENCES `project_entries` (`id`) ON DELETE SET NULL,
  CONSTRAINT `fk_fishpond_feeding_pond` FOREIGN KEY (`pond_id`) REFERENCES `ponds` (`id`) ON DELETE CASCADE
) ENGINE=InnoDB AUTO_INCREMENT=3840 DEFAULT CHARSET=utf8mb4 COLLATE=utf8mb4_0900_ai_ci;

INSERT INTO `fishpond_feeding_records` (`id`, `pond_id`, `legacy_project_entry_id`, `fed_at`, `feed_type`, `quantity`, `unit`, `cost`, `caretaker_id`, `remarks`, `created_by`, `created_at`, `updated_at`) VALUES
('1', '1', '1', '2026-05-07 10:00:00', NULL, '12.00', 'sacks', '2200.00', NULL, 'Commercial feeds', NULL, '2026-05-13 23:11:58', '2026-05-14 23:13:12'),
('57', '1', NULL, '2026-05-14 23:14:00', 'Verification Feed', '1.00', 'kg', '0.00', NULL, 'Priority 3 verification feeding', '1', '2026-05-14 23:14:32', '2026-05-14 23:14:32');

-- --------------------------------------------------
-- Table: fishpond_harvest_records
-- --------------------------------------------------
DROP TABLE IF EXISTS `fishpond_harvest_records`;
CREATE TABLE `fishpond_harvest_records` (
  `id` int NOT NULL AUTO_INCREMENT,
  `pond_id` int NOT NULL,
  `legacy_project_entry_id` int DEFAULT NULL,
  `harvest_date` datetime NOT NULL,
  `kilos` decimal(12,2) DEFAULT NULL,
  `price_per_kilo` decimal(12,2) DEFAULT NULL,
  `total_sales` decimal(12,2) NOT NULL DEFAULT '0.00',
  `buyer` varchar(150) DEFAULT NULL,
  `remarks` text,
  `is_active` tinyint(1) NOT NULL DEFAULT '1',
  `created_by` int DEFAULT NULL,
  `created_at` timestamp NULL DEFAULT CURRENT_TIMESTAMP,
  `updated_at` timestamp NULL DEFAULT CURRENT_TIMESTAMP ON UPDATE CURRENT_TIMESTAMP,
  PRIMARY KEY (`id`),
  UNIQUE KEY `uq_fishpond_harvest_legacy` (`legacy_project_entry_id`),
  KEY `idx_fishpond_harvest_pond_date` (`pond_id`,`harvest_date`),
  KEY `idx_fishpond_harvest_buyer` (`buyer`),
  KEY `fk_fishpond_harvest_created_by` (`created_by`),
  CONSTRAINT `fk_fishpond_harvest_created_by` FOREIGN KEY (`created_by`) REFERENCES `users` (`id`) ON DELETE SET NULL,
  CONSTRAINT `fk_fishpond_harvest_legacy` FOREIGN KEY (`legacy_project_entry_id`) REFERENCES `project_entries` (`id`) ON DELETE SET NULL,
  CONSTRAINT `fk_fishpond_harvest_pond` FOREIGN KEY (`pond_id`) REFERENCES `ponds` (`id`) ON DELETE CASCADE
) ENGINE=InnoDB AUTO_INCREMENT=3818 DEFAULT CHARSET=utf8mb4 COLLATE=utf8mb4_0900_ai_ci;

INSERT INTO `fishpond_harvest_records` (`id`, `pond_id`, `legacy_project_entry_id`, `harvest_date`, `kilos`, `price_per_kilo`, `total_sales`, `buyer`, `remarks`, `is_active`, `created_by`, `created_at`, `updated_at`) VALUES
('1', '1', '3', '2026-05-10 10:00:00', '85.00', NULL, '12750.00', NULL, 'Tilapia harvest', '1', NULL, '2026-05-13 23:11:58', '2026-05-14 23:13:12'),
('39', '1', NULL, '2026-05-14 23:14:00', '1.00', '0.00', '0.00', 'Verification', 'Priority 3 verification harvest', '1', '1', '2026-05-14 23:14:38', '2026-05-14 23:14:38'),
('2368', '2598', NULL, '2026-05-19 13:44:00', '100.00', '60.00', '6000.00', 'cateen', NULL, '1', '1', '2026-05-19 21:44:32', '2026-05-19 21:44:32'),
('3663', '1', NULL, '2026-05-20 11:17:00', '10.00', '100.00', '1000.00', 'cateen', NULL, '1', '1', '2026-05-20 19:18:24', '2026-05-20 19:18:24');

-- --------------------------------------------------
-- Table: fishpond_stock_movements
-- --------------------------------------------------
DROP TABLE IF EXISTS `fishpond_stock_movements`;
CREATE TABLE `fishpond_stock_movements` (
  `id` int NOT NULL AUTO_INCREMENT,
  `pond_id` int NOT NULL,
  `legacy_project_entry_id` int DEFAULT NULL,
  `movement_at` datetime NOT NULL,
  `movement_type` varchar(80) NOT NULL,
  `quantity` int DEFAULT NULL,
  `unit` varchar(40) DEFAULT NULL,
  `remaining_stock` int DEFAULT NULL,
  `mortality_count` int DEFAULT NULL,
  `fish_growth_stage` varchar(120) DEFAULT NULL,
  `caretaker_id` int DEFAULT NULL,
  `remarks` text,
  `created_by` int DEFAULT NULL,
  `created_at` timestamp NULL DEFAULT CURRENT_TIMESTAMP,
  `updated_at` timestamp NULL DEFAULT CURRENT_TIMESTAMP ON UPDATE CURRENT_TIMESTAMP,
  PRIMARY KEY (`id`),
  UNIQUE KEY `uq_fishpond_stock_legacy` (`legacy_project_entry_id`),
  KEY `idx_fishpond_stock_pond_date` (`pond_id`,`movement_at`),
  KEY `idx_fishpond_stock_type` (`movement_type`),
  KEY `idx_fishpond_stock_caretaker` (`caretaker_id`),
  KEY `fk_fishpond_stock_created_by` (`created_by`),
  CONSTRAINT `fk_fishpond_stock_caretaker` FOREIGN KEY (`caretaker_id`) REFERENCES `people` (`id`) ON DELETE SET NULL,
  CONSTRAINT `fk_fishpond_stock_created_by` FOREIGN KEY (`created_by`) REFERENCES `users` (`id`) ON DELETE SET NULL,
  CONSTRAINT `fk_fishpond_stock_legacy` FOREIGN KEY (`legacy_project_entry_id`) REFERENCES `project_entries` (`id`) ON DELETE SET NULL,
  CONSTRAINT `fk_fishpond_stock_pond` FOREIGN KEY (`pond_id`) REFERENCES `ponds` (`id`) ON DELETE CASCADE
) ENGINE=InnoDB AUTO_INCREMENT=3 DEFAULT CHARSET=utf8mb4 COLLATE=utf8mb4_0900_ai_ci;

INSERT INTO `fishpond_stock_movements` (`id`, `pond_id`, `legacy_project_entry_id`, `movement_at`, `movement_type`, `quantity`, `unit`, `remaining_stock`, `mortality_count`, `fish_growth_stage`, `caretaker_id`, `remarks`, `created_by`, `created_at`, `updated_at`) VALUES
('1', '1', NULL, '2026-05-14 23:14:00', 'Adjustment', '1', 'fish', '494', '0', 'Verification', NULL, 'Priority 3 verification stock', '1', '2026-05-14 23:14:34', '2026-05-14 23:14:34'),
('2', '1', NULL, '2026-05-14 19:14:00', 'Stock Out', NULL, 'fish', NULL, NULL, NULL, NULL, NULL, '1', '2026-05-15 03:14:57', '2026-05-15 03:14:57');

-- --------------------------------------------------
-- Table: inventory_categories
-- --------------------------------------------------
DROP TABLE IF EXISTS `inventory_categories`;
CREATE TABLE `inventory_categories` (
  `id` int NOT NULL AUTO_INCREMENT,
  `name` varchar(120) NOT NULL,
  `section` enum('products','services') NOT NULL,
  `is_active` tinyint(1) NOT NULL DEFAULT '1',
  `created_at` timestamp NULL DEFAULT CURRENT_TIMESTAMP,
  `updated_at` timestamp NULL DEFAULT CURRENT_TIMESTAMP ON UPDATE CURRENT_TIMESTAMP,
  PRIMARY KEY (`id`),
  UNIQUE KEY `uq_inventory_categories_section_name` (`section`,`name`),
  KEY `idx_inventory_categories_active` (`section`,`is_active`,`name`)
) ENGINE=InnoDB AUTO_INCREMENT=1633 DEFAULT CHARSET=utf8mb4 COLLATE=utf8mb4_0900_ai_ci;

INSERT INTO `inventory_categories` (`id`, `name`, `section`, `is_active`, `created_at`, `updated_at`) VALUES
('1', 'ID Lace Replacement', 'services', '1', '2026-05-19 08:59:13', '2026-05-19 08:59:13'),
('2', 'Food product', 'products', '1', '2026-05-19 19:51:00', '2026-05-19 19:51:00');

-- --------------------------------------------------
-- Table: inventory_stock_batches
-- --------------------------------------------------
DROP TABLE IF EXISTS `inventory_stock_batches`;
CREATE TABLE `inventory_stock_batches` (
  `id` int NOT NULL AUTO_INCREMENT,
  `product_id` int NOT NULL,
  `batch_code` varchar(100) DEFAULT NULL,
  `received_date` datetime NOT NULL DEFAULT CURRENT_TIMESTAMP,
  `expiration_date` date DEFAULT NULL,
  `supplier` varchar(150) DEFAULT NULL,
  `quantity_received` int NOT NULL,
  `quantity_remaining` int NOT NULL,
  `unit_cost` decimal(12,2) NOT NULL DEFAULT '0.00',
  `source_type` varchar(40) NOT NULL DEFAULT 'stock_in',
  `reference_no` varchar(100) DEFAULT NULL,
  `notes` varchar(255) DEFAULT NULL,
  `created_by` int DEFAULT NULL,
  `created_at` timestamp NULL DEFAULT CURRENT_TIMESTAMP,
  PRIMARY KEY (`id`),
  KEY `idx_stock_batches_fifo` (`product_id`,`quantity_remaining`,`received_date`,`id`),
  KEY `idx_stock_batches_product_date` (`product_id`,`received_date`),
  KEY `fk_stock_batch_user` (`created_by`),
  KEY `idx_stock_batches_fefo` (`product_id`,`quantity_remaining`,`expiration_date`,`received_date`,`id`),
  CONSTRAINT `fk_stock_batch_product` FOREIGN KEY (`product_id`) REFERENCES `products` (`id`),
  CONSTRAINT `fk_stock_batch_user` FOREIGN KEY (`created_by`) REFERENCES `users` (`id`) ON DELETE SET NULL
) ENGINE=InnoDB AUTO_INCREMENT=141 DEFAULT CHARSET=utf8mb4 COLLATE=utf8mb4_0900_ai_ci;

INSERT INTO `inventory_stock_batches` (`id`, `product_id`, `batch_code`, `received_date`, `expiration_date`, `supplier`, `quantity_received`, `quantity_remaining`, `unit_cost`, `source_type`, `reference_no`, `notes`, `created_by`, `created_at`) VALUES
('114', '20149', 'BATCH-20149-20260519115811-626', '2026-05-19 11:54:00', '2030-12-19', 'AnnStore', '8', '7', '30.00', 'stock_in', NULL, NULL, '1', '2026-05-19 19:58:11'),
('124', '26258', 'OPEN-26258-20260520100119-867', '2026-05-20 10:01:19', NULL, NULL, '10', '1', '20.00', 'opening_balance', NULL, 'Initial quantity from Add Product', '1', '2026-05-20 18:01:19'),
('125', '26283', 'OPEN-26283-20260520100226-372', '2026-05-20 10:02:26', NULL, NULL, '100', '100', '70.00', 'opening_balance', NULL, 'Initial quantity from Add Product', '1', '2026-05-20 18:02:26'),
('126', '26308', 'OPEN-26308-20260520100311-266', '2026-05-20 10:03:11', NULL, NULL, '50', '50', '75.00', 'opening_balance', NULL, 'Initial quantity from Add Product', '1', '2026-05-20 18:03:11'),
('127', '26333', 'OPEN-26333-20260520100355-882', '2026-05-20 10:03:55', NULL, NULL, '20', '19', '16.00', 'opening_balance', NULL, 'Initial quantity from Add Product', '1', '2026-05-20 18:03:55'),
('128', '26382', 'OPEN-26382-20260520100511-716', '2026-05-20 10:05:11', NULL, NULL, '60', '55', '10.00', 'opening_balance', NULL, 'Initial quantity from Add Product', '1', '2026-05-20 18:05:11'),
('129', '26407', 'OPEN-26407-20260520100554-501', '2026-05-20 10:05:54', NULL, NULL, '100', '100', '8.00', 'opening_balance', NULL, 'Initial quantity from Add Product', '1', '2026-05-20 18:05:54'),
('130', '26432', 'OPEN-26432-20260520100708-177', '2026-05-20 10:07:08', NULL, NULL, '100', '90', '45.00', 'opening_balance', NULL, 'Initial quantity from Add Product', '1', '2026-05-20 18:07:08'),
('131', '26457', 'OPEN-26457-20260520100754-861', '2026-05-20 10:07:54', NULL, NULL, '100', '96', '5.00', 'opening_balance', NULL, 'Initial quantity from Add Product', '1', '2026-05-20 18:07:54'),
('132', '26542', 'OPEN-26542-20260520100959-829', '2026-05-20 10:09:59', NULL, NULL, '50', '47', '50.00', 'opening_balance', NULL, 'Initial quantity from Add Product', '1', '2026-05-20 18:09:59'),
('133', '20149', 'BATCH-20149-20260520103226-820', '2026-05-20 10:31:00', '2026-05-30', NULL, '5', '5', '30.00', 'stock_in', NULL, NULL, '1', '2026-05-20 18:32:26'),
('134', '2', 'BATCH-2-20260520103552-377', '2026-05-20 10:34:00', NULL, NULL, '15', '15', '20.00', 'stock_in', NULL, NULL, '1', '2026-05-20 18:35:52'),
('135', '1', 'BATCH-1-20260520103614-564', '2026-05-20 10:35:00', NULL, NULL, '20', '20', '10.00', 'stock_in', NULL, NULL, '1', '2026-05-20 18:36:14'),
('136', '20149', 'BATCH-20149-20260520104006-536', '2026-05-20 10:39:00', '2026-07-17', NULL, '12', '12', '30.00', 'stock_in', NULL, NULL, '1', '2026-05-20 18:40:06'),
('137', '26382', 'BATCH-26382-20260520104024-457', '2026-05-20 10:40:00', NULL, NULL, '8', '8', '10.00', 'stock_in', NULL, NULL, '1', '2026-05-20 18:40:24'),
('138', '28079', 'OPEN-28079-20260520105700-208', '2026-05-20 10:57:00', NULL, NULL, '100', '100', '3.00', 'opening_balance', NULL, 'Initial quantity from Add Product', '1', '2026-05-20 18:57:00'),
('139', '28608', 'OPEN-28608-20260520111027-143', '2026-05-20 11:10:27', NULL, NULL, '500', '500', '1.00', 'opening_balance', NULL, 'Initial quantity from Add Product', '1', '2026-05-20 19:10:27'),
('140', '28873', 'OPEN-28873-20260520111542-587', '2026-05-20 11:15:42', NULL, NULL, '100', '100', '8.00', 'opening_balance', NULL, 'Initial quantity from Add Product', '1', '2026-05-20 19:15:42');

-- --------------------------------------------------
-- Table: inventory_stock_movements
-- --------------------------------------------------
DROP TABLE IF EXISTS `inventory_stock_movements`;
CREATE TABLE `inventory_stock_movements` (
  `id` bigint NOT NULL AUTO_INCREMENT,
  `product_id` int NOT NULL,
  `batch_id` int DEFAULT NULL,
  `sale_id` int DEFAULT NULL,
  `movement_date` datetime NOT NULL DEFAULT CURRENT_TIMESTAMP,
  `movement_type` enum('opening','stock_in','stock_out','sale','adjustment','damaged','expired','disposal','consumption','refill','void_return') NOT NULL,
  `quantity_change` int NOT NULL,
  `previous_quantity` int DEFAULT NULL,
  `new_quantity` int DEFAULT NULL,
  `unit_cost` decimal(12,2) NOT NULL DEFAULT '0.00',
  `total_cost` decimal(12,2) NOT NULL DEFAULT '0.00',
  `reference_no` varchar(100) DEFAULT NULL,
  `notes` varchar(255) DEFAULT NULL,
  `created_by` int DEFAULT NULL,
  `created_at` timestamp NULL DEFAULT CURRENT_TIMESTAMP,
  PRIMARY KEY (`id`),
  KEY `idx_stock_movements_product_date` (`product_id`,`movement_date`),
  KEY `idx_stock_movements_batch` (`batch_id`),
  KEY `idx_stock_movements_sale` (`sale_id`),
  KEY `fk_stock_movement_user` (`created_by`),
  CONSTRAINT `fk_stock_movement_batch` FOREIGN KEY (`batch_id`) REFERENCES `inventory_stock_batches` (`id`) ON DELETE SET NULL,
  CONSTRAINT `fk_stock_movement_product` FOREIGN KEY (`product_id`) REFERENCES `products` (`id`),
  CONSTRAINT `fk_stock_movement_sale` FOREIGN KEY (`sale_id`) REFERENCES `sales` (`id`) ON DELETE SET NULL,
  CONSTRAINT `fk_stock_movement_user` FOREIGN KEY (`created_by`) REFERENCES `users` (`id`) ON DELETE SET NULL
) ENGINE=InnoDB AUTO_INCREMENT=445 DEFAULT CHARSET=utf8mb4 COLLATE=utf8mb4_0900_ai_ci;

INSERT INTO `inventory_stock_movements` (`id`, `product_id`, `batch_id`, `sale_id`, `movement_date`, `movement_type`, `quantity_change`, `previous_quantity`, `new_quantity`, `unit_cost`, `total_cost`, `reference_no`, `notes`, `created_by`, `created_at`) VALUES
('381', '20149', '114', NULL, '2026-05-19 11:54:00', 'stock_in', '8', '0', '8', '30.00', '240.00', NULL, NULL, '1', '2026-05-19 19:58:11'),
('391', '26258', '124', NULL, '2026-05-20 10:01:19', 'stock_in', '10', '0', '10', '20.00', '200.00', NULL, 'Initial quantity from Add Product', '1', '2026-05-20 18:01:19'),
('392', '26283', '125', NULL, '2026-05-20 10:02:26', 'stock_in', '100', '0', '100', '70.00', '7000.00', NULL, 'Initial quantity from Add Product', '1', '2026-05-20 18:02:26'),
('393', '26308', '126', NULL, '2026-05-20 10:03:11', 'stock_in', '50', '0', '50', '75.00', '3750.00', NULL, 'Initial quantity from Add Product', '1', '2026-05-20 18:03:11'),
('394', '26333', '127', NULL, '2026-05-20 10:03:55', 'stock_in', '20', '0', '20', '16.00', '320.00', NULL, 'Initial quantity from Add Product', '1', '2026-05-20 18:03:55'),
('395', '26382', '128', NULL, '2026-05-20 10:05:11', 'stock_in', '60', '0', '60', '10.00', '600.00', NULL, 'Initial quantity from Add Product', '1', '2026-05-20 18:05:11'),
('396', '26407', '129', NULL, '2026-05-20 10:05:54', 'stock_in', '100', '0', '100', '8.00', '800.00', NULL, 'Initial quantity from Add Product', '1', '2026-05-20 18:05:54'),
('397', '26432', '130', NULL, '2026-05-20 10:07:08', 'stock_in', '100', '0', '100', '45.00', '4500.00', NULL, 'Initial quantity from Add Product', '1', '2026-05-20 18:07:08'),
('398', '26457', '131', NULL, '2026-05-20 10:07:54', 'stock_in', '100', '0', '100', '5.00', '500.00', NULL, 'Initial quantity from Add Product', '1', '2026-05-20 18:07:54'),
('399', '26542', '132', NULL, '2026-05-20 10:09:59', 'stock_in', '50', '0', '50', '50.00', '2500.00', NULL, 'Initial quantity from Add Product', '1', '2026-05-20 18:09:59'),
('400', '20149', '114', '366', '2026-05-20 10:25:06', 'sale', '-2', '8', '6', '30.00', '60.00', '0000-0040', 'POS sale (batch)', '1', '2026-05-20 18:25:06'),
('401', '26382', '128', '367', '2026-05-20 10:25:06', 'sale', '-3', '60', '57', '10.00', '30.00', '0000-0040', 'POS sale (batch)', '1', '2026-05-20 18:25:06'),
('402', '26457', '131', '368', '2026-05-20 10:25:06', 'sale', '-4', '100', '96', '5.00', '20.00', '0000-0040', 'POS sale (batch)', '1', '2026-05-20 18:25:06'),
('403', '20149', '114', '366', '2026-05-20 10:25:28', 'stock_in', '2', NULL, NULL, '30.00', '60.00', '0000-0040', 'Void restore: wrong item', '1', '2026-05-20 18:25:28'),
('404', '26382', '128', '367', '2026-05-20 10:25:28', 'stock_in', '3', NULL, NULL, '10.00', '30.00', '0000-0040', 'Void restore: wrong item', '1', '2026-05-20 18:25:28'),
('405', '26457', '131', '368', '2026-05-20 10:25:28', 'stock_in', '4', NULL, NULL, '5.00', '20.00', '0000-0040', 'Void restore: wrong item', '1', '2026-05-20 18:25:28'),
('406', '26382', '128', '369', '2026-05-20 10:26:14', 'sale', '-1', '60', '59', '10.00', '10.00', '0000-0041', 'POS sale (batch)', '1', '2026-05-20 18:26:14'),
('407', '26432', '130', '370', '2026-05-20 10:26:14', 'sale', '-9', '100', '91', '45.00', '405.00', '0000-0041', 'POS sale (batch)', '1', '2026-05-20 18:26:14'),
('408', '26457', '131', '371', '2026-05-20 10:26:14', 'sale', '-1', '100', '99', '5.00', '5.00', '0000-0041', 'POS sale (batch)', '1', '2026-05-20 18:26:14'),
('409', '26457', '131', '372', '2026-05-20 10:26:28', 'sale', '-1', '99', '98', '5.00', '5.00', '0000-0042', 'POS sale (batch)', '1', '2026-05-20 18:26:28'),
('410', '26382', '128', '373', '2026-05-20 10:26:49', 'sale', '-2', '59', '57', '10.00', '20.00', '0000-0043', 'POS sale (batch)', '1', '2026-05-20 18:26:49'),
('411', '20149', '114', '374', '2026-05-20 10:27:20', 'sale', '-1', '8', '7', '30.00', '30.00', '0000-0044', 'POS sale (batch)', '1', '2026-05-20 18:27:20'),
('412', '26542', '132', '375', '2026-05-20 10:27:20', 'sale', '-1', '50', '49', '50.00', '50.00', '0000-0044', 'POS sale (batch)', '1', '2026-05-20 18:27:20'),
('413', '26382', '128', '376', '2026-05-20 10:27:35', 'sale', '-1', '57', '56', '10.00', '10.00', '0000-0045', 'POS sale (batch)', '1', '2026-05-20 18:27:35'),
('414', '26333', '127', '377', '2026-05-20 10:27:51', 'sale', '-1', '20', '19', '16.00', '16.00', '0000-0046', 'POS sale (batch)', '1', '2026-05-20 18:27:51'),
('415', '26542', '132', '378', '2026-05-20 10:28:16', 'sale', '-2', '49', '47', '50.00', '100.00', '0000-0047', 'POS sale (batch)', '1', '2026-05-20 18:28:16'),
('416', '26432', '130', '380', '2026-05-20 10:28:36', 'sale', '-1', '91', '90', '45.00', '45.00', '0000-0048', 'POS sale (batch)', '1', '2026-05-20 18:28:36'),
('417', '20149', '133', NULL, '2026-05-20 10:31:00', 'stock_in', '5', '0', '5', '30.00', '150.00', NULL, NULL, '1', '2026-05-20 18:32:26'),
('418', '2', '134', NULL, '2026-05-20 10:34:00', 'stock_in', '15', '0', '15', '20.00', '300.00', NULL, NULL, '1', '2026-05-20 18:35:52'),
('419', '1', '135', NULL, '2026-05-20 10:35:00', 'stock_in', '20', '0', '20', '10.00', '200.00', NULL, NULL, '1', '2026-05-20 18:36:14'),
('420', '26258', '124', '381', '2026-05-20 10:38:10', 'sale', '-9', '10', '1', '20.00', '180.00', '0000-0049', 'POS sale (batch)', '1', '2026-05-20 18:38:10'),
('421', '26457', '131', '382', '2026-05-20 10:38:10', 'sale', '-1', '98', '97', '5.00', '5.00', '0000-0049', 'POS sale (batch)', '1', '2026-05-20 18:38:10'),
('422', '20149', '136', NULL, '2026-05-20 10:39:00', 'stock_in', '12', '0', '12', '30.00', '360.00', NULL, NULL, '1', '2026-05-20 18:40:06'),
('423', '26382', '137', NULL, '2026-05-20 10:40:00', 'stock_in', '8', '0', '8', '10.00', '80.00', NULL, NULL, '1', '2026-05-20 18:40:24'),
('424', '20149', '133', '383', '2026-05-20 10:53:55', 'sale', '-1', '5', '4', '30.00', '30.00', '0000-0050', 'POS sale (batch)', '1', '2026-05-20 18:53:55'),
('425', '26382', '128', '385', '2026-05-20 10:53:55', 'sale', '-1', '56', '55', '10.00', '10.00', '0000-0050', 'POS sale (batch)', '1', '2026-05-20 18:53:55'),
('426', '26457', '131', '386', '2026-05-20 10:53:55', 'sale', '-1', '97', '96', '5.00', '5.00', '0000-0050', 'POS sale (batch)', '1', '2026-05-20 18:53:55'),
('427', '26542', '132', '387', '2026-05-20 10:53:55', 'sale', '-1', '47', '46', '50.00', '50.00', '0000-0050', 'POS sale (batch)', '1', '2026-05-20 18:53:55'),
('428', '26382', '128', '388', '2026-05-20 10:54:18', 'sale', '-1', '55', '54', '10.00', '10.00', '0000-0051', 'POS sale (batch)', '1', '2026-05-20 18:54:18'),
('429', '26457', '131', '389', '2026-05-20 10:54:18', 'sale', '-1', '96', '95', '5.00', '5.00', '0000-0051', 'POS sale (batch)', '1', '2026-05-20 18:54:18'),
('430', '20149', '133', '383', '2026-05-20 10:55:11', 'stock_in', '1', NULL, NULL, '30.00', '30.00', '0000-0050', 'Void restore: wrong item', '1', '2026-05-20 18:55:11'),
('431', '26382', '128', '385', '2026-05-20 10:55:11', 'stock_in', '1', NULL, NULL, '10.00', '10.00', '0000-0050', 'Void restore: wrong item', '1', '2026-05-20 18:55:11'),
('432', '26457', '131', '386', '2026-05-20 10:55:11', 'stock_in', '1', NULL, NULL, '5.00', '5.00', '0000-0050', 'Void restore: wrong item', '1', '2026-05-20 18:55:11'),
('433', '26542', '132', '387', '2026-05-20 10:55:11', 'stock_in', '1', NULL, NULL, '50.00', '50.00', '0000-0050', 'Void restore: wrong item', '1', '2026-05-20 18:55:11'),
('434', '28079', '138', NULL, '2026-05-20 10:57:00', 'stock_in', '100', '0', '100', '3.00', '300.00', NULL, 'Initial quantity from Add Product', '1', '2026-05-20 18:57:00'),
('435', '20149', '133', '390', '2026-05-20 11:08:04', 'sale', '-1', '5', '4', '30.00', '30.00', '0000-0052', 'POS sale (batch)', '1', '2026-05-20 19:08:04'),
('436', '26457', '131', '391', '2026-05-20 11:08:04', 'sale', '-2', '96', '94', '5.00', '10.00', '0000-0052', 'POS sale (batch)', '1', '2026-05-20 19:08:04'),
('437', '28079', '138', '392', '2026-05-20 11:08:04', 'sale', '-1', '100', '99', '3.00', '3.00', '0000-0052', 'POS sale (batch)', '1', '2026-05-20 19:08:04'),
('438', '20149', '133', '390', '2026-05-20 11:08:47', 'stock_in', '1', NULL, NULL, '30.00', '30.00', '0000-0052', 'Void restore: wrong item', '1', '2026-05-20 19:08:47'),
('439', '26457', '131', '391', '2026-05-20 11:08:47', 'stock_in', '2', NULL, NULL, '5.00', '10.00', '0000-0052', 'Void restore: wrong item', '1', '2026-05-20 19:08:47'),
('440', '28079', '138', '392', '2026-05-20 11:08:47', 'stock_in', '1', NULL, NULL, '3.00', '3.00', '0000-0052', 'Void restore: wrong item', '1', '2026-05-20 19:08:47'),
('441', '28608', '139', NULL, '2026-05-20 11:10:27', 'stock_in', '500', '0', '500', '1.00', '500.00', NULL, 'Initial quantity from Add Product', '1', '2026-05-20 19:10:27'),
('442', '26457', '131', '393', '2026-05-20 11:13:13', 'sale', '-1', '96', '95', '5.00', '5.00', '0000-0053', 'POS sale (batch)', '1', '2026-05-20 19:13:13'),
('443', '26457', '131', '393', '2026-05-20 11:13:45', 'stock_in', '1', NULL, NULL, '5.00', '5.00', '0000-0053', 'Void restore: retured', '1', '2026-05-20 19:13:45'),
('444', '28873', '140', NULL, '2026-05-20 11:15:42', 'stock_in', '100', '0', '100', '8.00', '800.00', NULL, 'Initial quantity from Add Product', '1', '2026-05-20 19:15:42');

-- --------------------------------------------------
-- Table: login_attempts
-- --------------------------------------------------
DROP TABLE IF EXISTS `login_attempts`;
CREATE TABLE `login_attempts` (
  `id` int NOT NULL AUTO_INCREMENT,
  `username` varchar(120) NOT NULL,
  `ip_address` varchar(45) NOT NULL,
  `was_successful` tinyint(1) NOT NULL DEFAULT '0',
  `attempted_at` datetime NOT NULL DEFAULT CURRENT_TIMESTAMP,
  PRIMARY KEY (`id`),
  KEY `idx_login_attempts_lookup` (`username`,`ip_address`,`was_successful`,`attempted_at`),
  KEY `idx_login_attempts_cleanup` (`attempted_at`)
) ENGINE=InnoDB AUTO_INCREMENT=126 DEFAULT CHARSET=utf8mb4 COLLATE=utf8mb4_0900_ai_ci;

INSERT INTO `login_attempts` (`id`, `username`, `ip_address`, `was_successful`, `attempted_at`) VALUES
('114', 'admin', '::1', '1', '2026-05-20 18:51:09'),
('115', 'admin', '::1', '1', '2026-05-20 18:53:07'),
('116', 'admin', '::1', '1', '2026-05-20 19:02:19'),
('118', 'admin', '::1', '1', '2026-05-20 19:04:52'),
('121', 'admin', '::1', '1', '2026-05-20 19:07:04'),
('123', 'admin', '::1', '1', '2026-05-20 19:12:28'),
('125', 'admin', '::1', '1', '2026-05-20 19:30:17'),
('124', 'staff', '::1', '1', '2026-05-20 19:22:10');

-- --------------------------------------------------
-- Table: office_logbook
-- --------------------------------------------------
DROP TABLE IF EXISTS `office_logbook`;
CREATE TABLE `office_logbook` (
  `id` int NOT NULL AUTO_INCREMENT,
  `person_id` int DEFAULT NULL,
  `log_date` date NOT NULL,
  `time_in` time NOT NULL,
  `time_out` time DEFAULT NULL,
  `student_name` varchar(120) NOT NULL,
  `student_id` varchar(60) DEFAULT NULL,
  `or_number` varchar(100) DEFAULT NULL,
  `purpose` varchar(255) DEFAULT NULL,
  `created_by` int DEFAULT NULL,
  `created_at` timestamp NULL DEFAULT CURRENT_TIMESTAMP,
  PRIMARY KEY (`id`),
  KEY `idx_logbook_date` (`log_date`),
  KEY `idx_logbook_person` (`person_id`),
  KEY `idx_logbook_student_name` (`student_name`),
  KEY `idx_logbook_student_id` (`student_id`),
  KEY `fk_logbook_user` (`created_by`),
  KEY `idx_logbook_or_number` (`or_number`),
  KEY `idx_logbook_or_date` (`or_number`,`log_date`),
  CONSTRAINT `fk_logbook_person` FOREIGN KEY (`person_id`) REFERENCES `people` (`id`) ON DELETE SET NULL,
  CONSTRAINT `fk_logbook_user` FOREIGN KEY (`created_by`) REFERENCES `users` (`id`) ON DELETE SET NULL
) ENGINE=InnoDB AUTO_INCREMENT=362 DEFAULT CHARSET=utf8mb4 COLLATE=utf8mb4_0900_ai_ci;

INSERT INTO `office_logbook` (`id`, `person_id`, `log_date`, `time_in`, `time_out`, `student_name`, `student_id`, `or_number`, `purpose`, `created_by`, `created_at`) VALUES
('1', '5', '2026-05-13', '08:10:00', '09:05:00', 'Liza Mendoza', '2026-010', NULL, 'Printing request', NULL, '2026-05-13 23:11:58'),
('2', '6', '2026-05-12', '10:20:00', '10:45:00', 'Carlo Rivera', '2026-011', NULL, 'Photocopy documents', NULL, '2026-05-13 23:11:58'),
('3', '7', '2026-05-11', '14:00:00', '14:40:00', 'Nina Santos', '2026-012', NULL, 'Toga inquiry', NULL, '2026-05-13 23:11:58'),
('329', NULL, '2026-05-14', '13:02:05', NULL, '', NULL, '0000-0021', 'POS sale: Alcohol bottle x 1, Barcode Label Roll x 1', '1', '2026-05-14 21:02:05'),
('330', NULL, '2026-05-14', '13:08:15', NULL, '', NULL, '0000-0022', 'POS sale: A4 Spiral Notebook x 1, Black Ballpen x 1, Blue Ballpen x 1, Brown Envelope x 1, Binder clips x 1, Alcohol bottle x 1', '1', '2026-05-14 21:08:15'),
('331', NULL, '2026-05-14', '14:43:03', NULL, '', NULL, '0000-0023', 'POS sale: Black and White Print x 2', '1', '2026-05-14 22:43:03'),
('332', NULL, '2026-05-14', '14:43:51', NULL, '', NULL, '0000-0024', 'POS sale: Black and White Print x 1', '1', '2026-05-14 22:43:51'),
('333', NULL, '2026-05-14', '14:52:55', NULL, '', NULL, '0000-0025', 'POS sale: Binder clips x 1, Cartolina x 1', '1', '2026-05-14 22:52:55'),
('334', NULL, '2026-05-14', '14:55:04', NULL, '', NULL, '0000-0026', 'POS sale: Black Ballpen x 1, Blue Ballpen x 1', '1', '2026-05-14 22:55:04'),
('335', NULL, '2026-05-14', '14:58:40', NULL, '', NULL, '0000-0027', 'POS sale: Loose bond paper x 3, Black and White Print x 2', '1', '2026-05-14 22:58:40'),
('336', NULL, '2026-05-14', '14:59:06', NULL, '', NULL, '0000-0028', 'POS sale: Loose bond paper x 3, Black and White Print x 2', '1', '2026-05-14 22:59:06'),
('337', NULL, '2026-05-14', '19:35:42', NULL, '', NULL, '0000-0029', 'POS sale: Brown Envelope x 7, Binder clips x 1, Barcode Label Roll x 1', '1', '2026-05-15 03:35:42'),
('338', NULL, '2026-05-14', '19:39:32', NULL, '', NULL, '0000-0030', 'POS sale: A4 Spiral Notebook x 1, Blue Ballpen x 3, Brown Envelope x 4, Alcohol bottle x 1', '1', '2026-05-15 03:39:32'),
('339', NULL, '2026-05-14', '19:40:30', NULL, '', NULL, '0000-0031', 'POS sale: A4 Spiral Notebook x 3', '1', '2026-05-15 03:40:30'),
('340', NULL, '2026-05-14', '19:57:34', NULL, '', NULL, '0000-0032', 'POS sale: A4 Bond Paper Ream x 1', '1', '2026-05-15 03:57:34'),
('341', NULL, '2026-05-14', '21:58:35', NULL, '', NULL, '0000-0033', 'POS sale: A4 Bond Paper Ream x 1, A4 Spiral Notebook x 1, Alcohol bottle x 1', '1', '2026-05-15 05:58:35'),
('342', NULL, '2026-05-14', '21:59:12', NULL, '', NULL, '0000-0034', 'POS sale: A4 Bond Paper Ream x 1, A4 Spiral Notebook x 1', '1', '2026-05-15 05:59:12'),
('343', NULL, '2026-05-17', '16:44:40', NULL, '', NULL, '0000-0035', 'POS sale: Print Service, Black & White x 1, Photocopy Service, Colored x 1', '1', '2026-05-18 00:44:40'),
('344', NULL, '2026-05-18', '16:11:41', NULL, '', NULL, '0000-0036', 'POS sale: A4 Bond Paper Ream x 6, A4 Spiral Notebook x 2, Black Ballpen x 1, Photocopy Service, Black & White x 1', '1', '2026-05-19 00:11:41'),
('345', NULL, '2026-05-18', '16:26:03', NULL, '', NULL, '0000-0037', 'POS sale: Black Ballpen x 1', '1', '2026-05-19 00:26:03'),
('346', NULL, '2026-05-18', '16:35:42', NULL, '', NULL, '0000-0038', 'POS sale: A4 Spiral Notebook x 1, Black Ballpen x 1', '1', '2026-05-19 00:35:42'),
('347', NULL, '2026-05-20', '10:21:07', NULL, '', NULL, '0000-0039', 'POS sale: Print Service, Black & White x 1', '1', '2026-05-20 18:21:07'),
('348', NULL, '2026-05-20', '10:25:06', NULL, '', NULL, '0000-0040', 'POS sale: Bagoong x 2, Folder envelopes x 3, Binder clips x 4', '1', '2026-05-20 18:25:06'),
('349', NULL, '2026-05-20', '10:26:14', NULL, '', NULL, '0000-0041', 'POS sale: Folder envelopes x 1, Index cards x 9, Binder clips x 1', '1', '2026-05-20 18:26:14'),
('350', NULL, '2026-05-20', '10:26:28', NULL, '', NULL, '0000-0042', 'POS sale: Binder clips x 1', '1', '2026-05-20 18:26:28'),
('351', NULL, '2026-05-20', '10:26:49', NULL, '', NULL, '0000-0043', 'POS sale: Folder envelopes x 2', '1', '2026-05-20 18:26:49'),
('352', NULL, '2026-05-20', '10:27:20', NULL, '', NULL, '0000-0044', 'POS sale: Bagoong x 1, ID Lace x 1', '1', '2026-05-20 18:27:20'),
('353', NULL, '2026-05-20', '10:27:35', NULL, '', NULL, '0000-0045', 'POS sale: Folder envelopes x 1', '1', '2026-05-20 18:27:35'),
('354', NULL, '2026-05-20', '10:27:51', NULL, '', NULL, '0000-0046', 'POS sale: Multi-colored paper x 1', '1', '2026-05-20 18:27:51'),
('355', NULL, '2026-05-20', '10:28:16', NULL, '', NULL, '0000-0047', 'POS sale: ID Lace x 2', '1', '2026-05-20 18:28:16'),
('356', NULL, '2026-05-20', '10:28:36', NULL, '', NULL, '0000-0048', 'POS sale: ID Printing x 2, Index cards x 1', '1', '2026-05-20 18:28:36'),
('357', NULL, '2026-05-20', '10:38:10', NULL, '', NULL, '0000-0049', 'POS sale: Notebooks x 9, Binder clips x 1', '1', '2026-05-20 18:38:10'),
('358', NULL, '2026-05-20', '10:53:55', NULL, '', NULL, '0000-0050', 'POS sale: Bagoong x 1, Print Service, Black & White x 1, Folder envelopes x 1, Binder clips x 1, ID Lace x 1', '1', '2026-05-20 18:53:55'),
('359', NULL, '2026-05-20', '10:54:18', NULL, '', NULL, '0000-0051', 'POS sale: Folder envelopes x 1, Binder clips x 1', '1', '2026-05-20 18:54:18'),
('360', NULL, '2026-05-20', '11:08:04', NULL, '', NULL, '0000-0052', 'POS sale: Bagoong x 1, Binder clips x 2, Binder pins x 1', '1', '2026-05-20 19:08:04'),
('361', NULL, '2026-05-20', '11:13:13', NULL, '', NULL, '0000-0053', 'POS sale: Binder clips x 1', '1', '2026-05-20 19:13:13');

-- --------------------------------------------------
-- Table: people
-- --------------------------------------------------
DROP TABLE IF EXISTS `people`;
CREATE TABLE `people` (
  `id` int NOT NULL AUTO_INCREMENT,
  `full_name` varchar(150) NOT NULL,
  `person_code` varchar(80) DEFAULT NULL,
  `department` varchar(120) DEFAULT NULL,
  `role_or_position` varchar(120) DEFAULT NULL,
  `contact_info` varchar(160) DEFAULT NULL,
  `status` enum('pending','approved','inactive') NOT NULL DEFAULT 'pending',
  `created_by` int DEFAULT NULL,
  `approved_by` int DEFAULT NULL,
  `approved_at` datetime DEFAULT NULL,
  `created_at` timestamp NULL DEFAULT CURRENT_TIMESTAMP,
  `updated_at` timestamp NULL DEFAULT CURRENT_TIMESTAMP ON UPDATE CURRENT_TIMESTAMP,
  PRIMARY KEY (`id`),
  UNIQUE KEY `uniq_people_person_code` (`person_code`),
  KEY `idx_people_status_name` (`status`,`full_name`),
  KEY `idx_people_code` (`person_code`),
  KEY `idx_people_department_role` (`department`,`role_or_position`),
  KEY `fk_people_created_by` (`created_by`),
  KEY `fk_people_approved_by` (`approved_by`),
  CONSTRAINT `fk_people_approved_by` FOREIGN KEY (`approved_by`) REFERENCES `users` (`id`) ON DELETE SET NULL,
  CONSTRAINT `fk_people_created_by` FOREIGN KEY (`created_by`) REFERENCES `users` (`id`) ON DELETE SET NULL
) ENGINE=InnoDB AUTO_INCREMENT=39 DEFAULT CHARSET=utf8mb4 COLLATE=utf8mb4_0900_ai_ci;

INSERT INTO `people` (`id`, `full_name`, `person_code`, `department`, `role_or_position`, `contact_info`, `status`, `created_by`, `approved_by`, `approved_at`, `created_at`, `updated_at`) VALUES
('1', 'Canteen Stall 1', NULL, NULL, 'Maria Santos', NULL, 'approved', NULL, NULL, '2026-05-14 04:36:53', '2026-05-14 04:36:53', '2026-05-14 04:36:53'),
('2', 'Printing Kiosk', NULL, NULL, 'Juan Dizon', NULL, 'approved', NULL, NULL, '2026-05-14 04:36:53', '2026-05-14 04:36:53', '2026-05-14 04:36:53'),
('3', 'Ana Dela Cruz', '2026-001', 'BSIT', 'Toga Release', NULL, 'approved', NULL, NULL, '2026-05-14 04:36:53', '2026-05-14 04:36:53', '2026-05-14 04:36:53'),
('4', 'Mark Reyes', '2026-002', 'BSED', 'Toga Release', NULL, 'approved', NULL, NULL, '2026-05-14 04:36:53', '2026-05-14 04:36:53', '2026-05-14 04:36:53'),
('5', 'Liza Mendoza', '2026-010', NULL, 'Student', NULL, 'approved', NULL, NULL, '2026-05-14 04:36:53', '2026-05-14 04:36:53', '2026-05-14 04:36:53'),
('6', 'Carlo Rivera', '2026-011', NULL, 'Student', NULL, 'approved', NULL, NULL, '2026-05-14 04:36:53', '2026-05-14 04:36:53', '2026-05-14 04:36:53'),
('7', 'Nina Santos', '2026-012', NULL, 'Student', NULL, 'approved', NULL, NULL, '2026-05-14 04:36:53', '2026-05-14 04:36:53', '2026-05-14 04:36:53'),
('38', 'Anna Dela Cruz', 'MBC2024-00004', 'BSIT', 'student', 'annacruz@gmail.com', 'pending', '2', NULL, NULL, '2026-05-20 19:23:23', '2026-05-20 19:23:23');

-- --------------------------------------------------
-- Table: ponds
-- --------------------------------------------------
DROP TABLE IF EXISTS `ponds`;
CREATE TABLE `ponds` (
  `id` int NOT NULL AUTO_INCREMENT,
  `project_account_id` int DEFAULT NULL,
  `pond_code` varchar(80) DEFAULT NULL,
  `pond_name` varchar(150) NOT NULL,
  `fish_type` varchar(120) DEFAULT NULL,
  `stock_count` int DEFAULT NULL,
  `survival_rate` varchar(40) DEFAULT NULL,
  `fish_growth_stage` varchar(120) DEFAULT NULL,
  `caretaker_id` int DEFAULT NULL,
  `status` enum('active','inactive') NOT NULL DEFAULT 'active',
  `notes` varchar(255) DEFAULT NULL,
  `created_by` int DEFAULT NULL,
  `created_at` timestamp NULL DEFAULT CURRENT_TIMESTAMP,
  `updated_at` timestamp NULL DEFAULT CURRENT_TIMESTAMP ON UPDATE CURRENT_TIMESTAMP,
  PRIMARY KEY (`id`),
  UNIQUE KEY `uq_ponds_name` (`pond_name`),
  UNIQUE KEY `uq_ponds_project_account` (`project_account_id`),
  UNIQUE KEY `uq_ponds_code` (`pond_code`),
  KEY `idx_ponds_status_name` (`status`,`pond_name`),
  KEY `idx_ponds_caretaker` (`caretaker_id`),
  KEY `fk_ponds_created_by` (`created_by`),
  CONSTRAINT `fk_ponds_caretaker` FOREIGN KEY (`caretaker_id`) REFERENCES `people` (`id`) ON DELETE SET NULL,
  CONSTRAINT `fk_ponds_created_by` FOREIGN KEY (`created_by`) REFERENCES `users` (`id`) ON DELETE SET NULL,
  CONSTRAINT `fk_ponds_project_account` FOREIGN KEY (`project_account_id`) REFERENCES `project_accounts` (`id`) ON DELETE SET NULL
) ENGINE=InnoDB AUTO_INCREMENT=4059 DEFAULT CHARSET=utf8mb4 COLLATE=utf8mb4_0900_ai_ci;

INSERT INTO `ponds` (`id`, `project_account_id`, `pond_code`, `pond_name`, `fish_type`, `stock_count`, `survival_rate`, `fish_growth_stage`, `caretaker_id`, `status`, `notes`, `created_by`, `created_at`, `updated_at`) VALUES
('1', '1', 'FP-A', 'Pond A', NULL, '494', NULL, NULL, NULL, 'active', 'Tilapia production pond', NULL, '2026-05-14 22:21:57', '2026-05-14 23:14:35'),
('2', '2', 'FP-B', 'Pond B', NULL, NULL, NULL, NULL, NULL, 'active', 'Fingerling monitoring pond', NULL, '2026-05-14 22:21:57', '2026-05-14 22:21:57'),
('2598', NULL, NULL, 'Pond C', 'Tilapia', NULL, NULL, NULL, NULL, 'active', NULL, '1', '2026-05-19 21:43:21', '2026-05-19 21:43:21');

-- --------------------------------------------------
-- Table: product_price_history
-- --------------------------------------------------
DROP TABLE IF EXISTS `product_price_history`;
CREATE TABLE `product_price_history` (
  `id` bigint NOT NULL AUTO_INCREMENT,
  `product_id` int NOT NULL,
  `changed_at` datetime NOT NULL DEFAULT CURRENT_TIMESTAMP,
  `cost_price` decimal(12,2) NOT NULL DEFAULT '0.00',
  `selling_price` decimal(12,2) NOT NULL DEFAULT '0.00',
  `source_type` varchar(40) NOT NULL DEFAULT 'manual',
  `notes` varchar(255) DEFAULT NULL,
  `changed_by` int DEFAULT NULL,
  `created_at` timestamp NULL DEFAULT CURRENT_TIMESTAMP,
  PRIMARY KEY (`id`),
  KEY `idx_price_history_product_date` (`product_id`,`changed_at`,`id`),
  KEY `fk_price_history_user` (`changed_by`),
  CONSTRAINT `fk_price_history_product` FOREIGN KEY (`product_id`) REFERENCES `products` (`id`),
  CONSTRAINT `fk_price_history_user` FOREIGN KEY (`changed_by`) REFERENCES `users` (`id`) ON DELETE SET NULL
) ENGINE=InnoDB AUTO_INCREMENT=278 DEFAULT CHARSET=utf8mb4 COLLATE=utf8mb4_0900_ai_ci;

INSERT INTO `product_price_history` (`id`, `product_id`, `changed_at`, `cost_price`, `selling_price`, `source_type`, `notes`, `changed_by`, `created_at`) VALUES
('1', '1', '2026-05-13 23:11:58', '10.00', '20.00', 'opening', 'Opening price record', NULL, '2026-05-14 04:36:53'),
('2', '2', '2026-05-13 23:11:58', '20.00', '40.00', 'opening', 'Opening price record', NULL, '2026-05-14 04:36:53'),
('3', '3', '2026-05-13 23:11:58', '15.00', '35.00', 'opening', 'Opening price record', NULL, '2026-05-14 04:36:53'),
('4', '4', '2026-05-13 23:11:58', '25.00', '60.00', 'opening', 'Opening price record', NULL, '2026-05-14 04:36:53'),
('246', '20149', '2026-05-19 19:53:41', '0.00', '0.00', 'created', 'Initial item price', '1', '2026-05-19 19:53:41'),
('247', '20149', '2026-05-19 19:54:29', '30.00', '50.00', 'updated', 'Price updated from inventory form', '1', '2026-05-19 19:54:29'),
('263', '25950', '2026-05-20 15:31:06', '1.00', '2.00', 'opening', 'Opening price record', NULL, '2026-05-20 15:31:06'),
('264', '25951', '2026-05-20 15:31:06', '5.00', '5.00', 'opening', 'Opening price record', NULL, '2026-05-20 15:31:06'),
('265', '26258', '2026-05-20 18:01:19', '20.00', '25.00', 'created', 'Initial item price', '1', '2026-05-20 18:01:19'),
('266', '26283', '2026-05-20 18:02:26', '70.00', '80.00', 'created', 'Initial item price', '1', '2026-05-20 18:02:26'),
('267', '26308', '2026-05-20 18:03:11', '75.00', '900.00', 'created', 'Initial item price', '1', '2026-05-20 18:03:11'),
('268', '26333', '2026-05-20 18:03:55', '16.00', '20.00', 'created', 'Initial item price', '1', '2026-05-20 18:03:55'),
('269', '26382', '2026-05-20 18:05:11', '10.00', '15.00', 'created', 'Initial item price', '1', '2026-05-20 18:05:11'),
('270', '26407', '2026-05-20 18:05:54', '8.00', '10.00', 'created', 'Initial item price', '1', '2026-05-20 18:05:54'),
('271', '26432', '2026-05-20 18:07:08', '45.00', '50.00', 'created', 'Initial item price', '1', '2026-05-20 18:07:08'),
('272', '26457', '2026-05-20 18:07:54', '5.00', '8.00', 'created', 'Initial item price', '1', '2026-05-20 18:07:54'),
('273', '26542', '2026-05-20 18:09:59', '50.00', '60.00', 'created', 'Initial item price', '1', '2026-05-20 18:09:59'),
('274', '28079', '2026-05-20 18:57:00', '3.00', '5.00', 'created', 'Initial item price', '1', '2026-05-20 18:57:00'),
('275', '28608', '2026-05-20 19:10:27', '1.00', '1.50', 'created', 'Initial item price', '1', '2026-05-20 19:10:27'),
('276', '28873', '2026-05-20 19:15:42', '8.00', '15.00', 'created', 'Initial item price', '1', '2026-05-20 19:15:42'),
('277', '28910', '2026-05-20 19:16:32', '70.00', '80.00', 'created', 'Initial item price', '1', '2026-05-20 19:16:32');

-- --------------------------------------------------
-- Table: products
-- --------------------------------------------------
DROP TABLE IF EXISTS `products`;
CREATE TABLE `products` (
  `id` int NOT NULL AUTO_INCREMENT,
  `sku` varchar(100) DEFAULT NULL,
  `name` varchar(150) NOT NULL,
  `unit` varchar(40) DEFAULT NULL,
  `category` enum('school_supply','id_supplies','id_services','printing','photocopy','other') NOT NULL DEFAULT 'school_supply',
  `category_name` varchar(120) DEFAULT NULL,
  `product_group` enum('product','igp','service') NOT NULL DEFAULT 'product',
  `type` enum('item','service') NOT NULL DEFAULT 'item',
  `product_type` enum('consumable','non_consumable') NOT NULL DEFAULT 'non_consumable',
  `cost_price` decimal(12,2) NOT NULL DEFAULT '0.00',
  `selling_price` decimal(12,2) NOT NULL DEFAULT '0.00',
  `stock_qty` int NOT NULL DEFAULT '0',
  `low_stock_threshold` int NOT NULL DEFAULT '5',
  `is_consumable` tinyint(1) NOT NULL DEFAULT '0',
  `requires_expiration` tinyint(1) NOT NULL DEFAULT '0',
  `is_active` tinyint(1) NOT NULL DEFAULT '1',
  `created_at` timestamp NULL DEFAULT CURRENT_TIMESTAMP,
  `updated_at` timestamp NULL DEFAULT CURRENT_TIMESTAMP ON UPDATE CURRENT_TIMESTAMP,
  PRIMARY KEY (`id`),
  UNIQUE KEY `sku` (`sku`),
  KEY `idx_products_active_name` (`is_active`,`name`),
  KEY `idx_products_active_category` (`is_active`,`category`),
  KEY `idx_products_active_group` (`is_active`,`product_group`),
  KEY `idx_products_active_sku` (`is_active`,`sku`),
  KEY `idx_products_category_name` (`category_name`)
) ENGINE=InnoDB AUTO_INCREMENT=29943 DEFAULT CHARSET=utf8mb4 COLLATE=utf8mb4_0900_ai_ci;

INSERT INTO `products` (`id`, `sku`, `name`, `unit`, `category`, `category_name`, `product_group`, `type`, `product_type`, `cost_price`, `selling_price`, `stock_qty`, `low_stock_threshold`, `is_consumable`, `requires_expiration`, `is_active`, `created_at`, `updated_at`) VALUES
('1', 'ID-LACE-001', 'ID Lace', NULL, 'id_supplies', NULL, 'product', 'item', 'non_consumable', '10.00', '20.00', '20', '10', '0', '0', '1', '2026-05-13 23:11:58', '2026-05-20 18:36:14'),
('2', 'ID-CARD-001', 'ID Card', NULL, 'id_supplies', NULL, 'product', 'item', 'non_consumable', '20.00', '40.00', '15', '10', '0', '0', '1', '2026-05-13 23:11:58', '2026-05-20 18:35:52'),
('3', 'ID-PRINT-001', 'ID Printing', NULL, 'id_services', NULL, 'service', 'service', 'non_consumable', '15.00', '35.00', '0', '0', '0', '0', '1', '2026-05-13 23:11:58', '2026-05-19 01:37:15'),
('4', 'ID-REPLACE-001', 'ID Replacement', NULL, 'id_services', NULL, 'service', 'service', 'non_consumable', '25.00', '60.00', '0', '0', '0', '0', '1', '2026-05-13 23:11:58', '2026-05-19 01:37:15'),
('20149', NULL, 'Bagoong', 'bottle', 'other', 'Food product', 'product', 'item', 'consumable', '30.00', '50.00', '24', '5', '1', '1', '1', '2026-05-19 19:53:41', '2026-05-20 19:08:47'),
('25950', 'SEED-PRINT-BW', 'Black and White Print', NULL, 'printing', NULL, 'service', 'service', 'non_consumable', '1.00', '2.00', '0', '0', '0', '0', '1', '2026-05-20 15:31:06', '2026-05-20 15:31:06'),
('25951', 'SEED-PRINT-COLOR', 'Colored Print', NULL, 'printing', NULL, 'service', 'service', 'non_consumable', '5.00', '5.00', '0', '0', '0', '0', '1', '2026-05-20 15:31:06', '2026-05-20 15:31:06'),
('26258', NULL, 'Notebooks', 'pcs', 'school_supply', NULL, 'product', 'item', 'non_consumable', '20.00', '25.00', '1', '5', '0', '0', '1', '2026-05-20 18:01:19', '2026-05-20 18:38:10'),
('26283', NULL, 'Writing pads', 'pcs', 'id_supplies', NULL, 'product', 'item', 'non_consumable', '70.00', '80.00', '100', '5', '0', '0', '1', '2026-05-20 18:02:26', '2026-05-20 18:02:26'),
('26308', NULL, 'Yellow legal pads', 'ream', 'school_supply', NULL, 'product', 'item', 'non_consumable', '75.00', '900.00', '50', '5', '0', '0', '1', '2026-05-20 18:03:11', '2026-05-20 18:03:11'),
('26333', NULL, 'Multi-colored paper', 'pcs', 'school_supply', NULL, 'product', 'item', 'non_consumable', '16.00', '20.00', '19', '5', '0', '0', '1', '2026-05-20 18:03:55', '2026-05-20 18:27:51'),
('26382', NULL, 'Folder envelopes', 'pcs', 'school_supply', NULL, 'product', 'item', 'non_consumable', '10.00', '15.00', '63', '5', '0', '0', '1', '2026-05-20 18:05:11', '2026-05-20 18:55:11'),
('26407', NULL, 'Plastic folders', 'pcs', 'school_supply', NULL, 'product', 'item', 'non_consumable', '8.00', '10.00', '100', '5', '0', '0', '1', '2026-05-20 18:05:54', '2026-05-20 18:05:54'),
('26432', NULL, 'Index cards', 'ream', 'school_supply', NULL, 'product', 'item', 'non_consumable', '45.00', '50.00', '90', '5', '0', '0', '1', '2026-05-20 18:07:08', '2026-05-20 18:28:36'),
('26457', NULL, 'Binder clips', 'pcs', 'school_supply', NULL, 'product', 'item', 'non_consumable', '5.00', '8.00', '96', '5', '0', '0', '1', '2026-05-20 18:07:54', '2026-05-20 19:13:45'),
('26542', NULL, 'ID Lace', 'pcs', 'id_supplies', NULL, 'product', 'item', 'non_consumable', '50.00', '60.00', '47', '5', '0', '0', '1', '2026-05-20 18:09:59', '2026-05-20 18:55:11'),
('28079', NULL, 'Binder pins', 'pcs', 'school_supply', NULL, 'product', 'item', 'non_consumable', '3.00', '5.00', '100', '5', '0', '0', '1', '2026-05-20 18:57:00', '2026-05-20 19:08:47'),
('28608', NULL, 'bond paper', 'rpcs', 'school_supply', NULL, 'product', 'item', 'non_consumable', '1.00', '1.50', '500', '5', '0', '0', '1', '2026-05-20 19:10:27', '2026-05-20 19:10:27'),
('28873', NULL, 'colored marker', 'pcs', 'school_supply', NULL, 'product', 'item', 'non_consumable', '8.00', '15.00', '100', '5', '0', '0', '1', '2026-05-20 19:15:42', '2026-05-20 19:15:42'),
('28910', NULL, 'ID Lace', 'pcs', 'id_services', NULL, 'service', 'service', 'non_consumable', '70.00', '80.00', '0', '0', '0', '0', '1', '2026-05-20 19:16:32', '2026-05-20 19:16:32');

-- --------------------------------------------------
-- Table: project_account_meta
-- --------------------------------------------------
DROP TABLE IF EXISTS `project_account_meta`;
CREATE TABLE `project_account_meta` (
  `id` int NOT NULL AUTO_INCREMENT,
  `account_id` int NOT NULL,
  `meta_key` varchar(80) NOT NULL,
  `meta_value` varchar(255) DEFAULT NULL,
  `created_at` timestamp NULL DEFAULT CURRENT_TIMESTAMP,
  `updated_at` timestamp NULL DEFAULT CURRENT_TIMESTAMP ON UPDATE CURRENT_TIMESTAMP,
  PRIMARY KEY (`id`),
  UNIQUE KEY `uq_project_account_meta` (`account_id`,`meta_key`),
  KEY `idx_project_account_meta_key` (`meta_key`),
  CONSTRAINT `fk_project_account_meta_account` FOREIGN KEY (`account_id`) REFERENCES `project_accounts` (`id`) ON DELETE CASCADE
) ENGINE=InnoDB AUTO_INCREMENT=64 DEFAULT CHARSET=utf8mb4 COLLATE=utf8mb4_0900_ai_ci;

INSERT INTO `project_account_meta` (`id`, `account_id`, `meta_key`, `meta_value`, `created_at`, `updated_at`) VALUES
('1', '5', 'toga_status', 'returned', '2026-05-13 23:11:58', '2026-05-20 19:19:42'),
('2', '5', 'deposit_amount', '500.00', '2026-05-13 23:11:58', '2026-05-13 23:11:58'),
('3', '5', 'fee_amount', '150.00', '2026-05-13 23:11:58', '2026-05-13 23:11:58'),
('4', '5', 'program', 'BSIT', '2026-05-13 23:11:58', '2026-05-13 23:11:58'),
('5', '6', 'toga_status', 'returned', '2026-05-13 23:11:58', '2026-05-13 23:11:58'),
('6', '6', 'return_date', '2026-05-09', '2026-05-13 23:11:58', '2026-05-13 23:11:58'),
('7', '6', 'deposit_amount', '500.00', '2026-05-13 23:11:58', '2026-05-13 23:11:58'),
('8', '6', 'fee_amount', '150.00', '2026-05-13 23:11:58', '2026-05-13 23:11:58'),
('9', '6', 'program', 'BSED', '2026-05-13 23:11:58', '2026-05-13 23:11:58'),
('63', '5', 'return_date', '2026-05-20', '2026-05-20 19:19:42', '2026-05-20 19:19:42');

-- --------------------------------------------------
-- Table: project_accounts
-- --------------------------------------------------
DROP TABLE IF EXISTS `project_accounts`;
CREATE TABLE `project_accounts` (
  `id` int NOT NULL AUTO_INCREMENT,
  `category_id` int NOT NULL,
  `person_id` int DEFAULT NULL,
  `account_name` varchar(150) NOT NULL,
  `code` varchar(80) DEFAULT NULL,
  `contact_name` varchar(120) DEFAULT NULL,
  `start_date` date DEFAULT NULL,
  `next_due_date` date DEFAULT NULL,
  `expected_amount` decimal(12,2) DEFAULT NULL,
  `status` enum('active','inactive') NOT NULL DEFAULT 'active',
  `notes` varchar(255) DEFAULT NULL,
  `created_at` timestamp NULL DEFAULT CURRENT_TIMESTAMP,
  PRIMARY KEY (`id`),
  KEY `idx_project_account_due` (`next_due_date`),
  KEY `idx_project_account_person` (`person_id`),
  KEY `idx_project_account_category_status` (`category_id`,`status`),
  KEY `idx_project_account_name_code` (`account_name`,`code`),
  CONSTRAINT `fk_project_account_category` FOREIGN KEY (`category_id`) REFERENCES `project_categories` (`id`),
  CONSTRAINT `fk_project_account_person` FOREIGN KEY (`person_id`) REFERENCES `people` (`id`) ON DELETE SET NULL
) ENGINE=InnoDB AUTO_INCREMENT=29 DEFAULT CHARSET=utf8mb4 COLLATE=utf8mb4_0900_ai_ci;

INSERT INTO `project_accounts` (`id`, `category_id`, `person_id`, `account_name`, `code`, `contact_name`, `start_date`, `next_due_date`, `expected_amount`, `status`, `notes`, `created_at`) VALUES
('1', '1', NULL, 'Pond A', 'FP-A', 'Farm Unit', '2026-01-13', NULL, NULL, 'active', 'Tilapia production pond', '2026-05-13 23:11:58'),
('2', '1', NULL, 'Pond B', 'FP-B', 'Farm Unit', '2026-02-12', NULL, NULL, 'active', 'Fingerling monitoring pond', '2026-05-13 23:11:58'),
('3', '2', '1', 'Canteen Stall 1', 'STALL-01', 'Maria Santos', '2025-11-14', '2026-06-20', '3500.00', 'active', 'Monthly rental account', '2026-05-13 23:11:58'),
('4', '2', '2', 'Printing Kiosk', 'KIOSK-02', 'Juan Dizon', '2025-12-14', '2026-05-31', '2500.00', 'active', 'Monthly rental account', '2026-05-13 23:11:58'),
('5', '3', '3', 'Ana Dela Cruz', '2026-001', 'BSIT', '2026-05-11', NULL, '650.00', 'inactive', 'Demo toga release', '2026-05-13 23:11:58'),
('6', '3', '4', 'Mark Reyes', '2026-002', 'BSED', '2026-05-01', NULL, '650.00', 'inactive', 'Demo returned toga', '2026-05-13 23:11:58');

-- --------------------------------------------------
-- Table: project_categories
-- --------------------------------------------------
DROP TABLE IF EXISTS `project_categories`;
CREATE TABLE `project_categories` (
  `id` int NOT NULL AUTO_INCREMENT,
  `slug` varchar(80) NOT NULL,
  `name` varchar(120) NOT NULL,
  `description` varchar(255) DEFAULT NULL,
  `is_active` tinyint(1) NOT NULL DEFAULT '1',
  `created_at` timestamp NULL DEFAULT CURRENT_TIMESTAMP,
  PRIMARY KEY (`id`),
  UNIQUE KEY `slug` (`slug`)
) ENGINE=InnoDB AUTO_INCREMENT=18077 DEFAULT CHARSET=utf8mb4 COLLATE=utf8mb4_0900_ai_ci;

INSERT INTO `project_categories` (`id`, `slug`, `name`, `description`, `is_active`, `created_at`) VALUES
('1', 'fishpond', 'Fishpond', 'Fishpond monitoring, harvest tracking, and fishpond expenses/income.', '1', '2026-05-13 23:11:58'),
('2', 'rental', 'Rental and Stalls', 'School stall rentals and renewal payment monitoring.', '1', '2026-05-13 23:11:58'),
('3', 'toga', 'Toga', 'Toga release, deposit, return, and forfeiture monitoring.', '1', '2026-05-13 23:11:58'),
('4', 'business-center', 'Business Center', 'Business Center operations, services, income, expenses, and monitoring.', '1', '2026-05-13 23:11:58'),
('5', 'printing', 'Printing Services', 'Printing service activity tracked as a project category.', '1', '2026-05-13 23:11:58'),
('6', 'photocopy', 'Photocopy Services', 'Photocopy service activity tracked as a project category.', '1', '2026-05-13 23:11:58'),
('7', 'proposal-management', 'Proposal Management', 'Submitted proposals, approval follow-up, and implementation monitoring.', '1', '2026-05-13 23:11:58'),
('680', 'catering', 'Catering Services', 'Campus event catering requests and income tracking.', '1', '2026-05-14 04:36:54'),
('681', 'laundry', 'Laundry Services', 'Uniform and toga laundry service tracking.', '1', '2026-05-14 04:36:54');

-- --------------------------------------------------
-- Table: project_entries
-- --------------------------------------------------
DROP TABLE IF EXISTS `project_entries`;
CREATE TABLE `project_entries` (
  `id` int NOT NULL AUTO_INCREMENT,
  `category_id` int NOT NULL,
  `account_id` int DEFAULT NULL,
  `entry_datetime` datetime NOT NULL DEFAULT CURRENT_TIMESTAMP,
  `entry_type` enum('income','expense','production','harvest','payment','monitoring','other') NOT NULL DEFAULT 'monitoring',
  `quantity` decimal(12,2) DEFAULT NULL,
  `unit` varchar(30) DEFAULT NULL,
  `amount` decimal(12,2) NOT NULL DEFAULT '0.00',
  `reference_no` varchar(100) DEFAULT NULL,
  `notes` varchar(255) DEFAULT NULL,
  `created_by` int DEFAULT NULL,
  `created_at` timestamp NULL DEFAULT CURRENT_TIMESTAMP,
  PRIMARY KEY (`id`),
  KEY `idx_project_entries_datetime` (`entry_datetime`),
  KEY `idx_project_entries_category` (`category_id`),
  KEY `idx_project_entries_category_datetime` (`category_id`,`entry_datetime`),
  KEY `fk_project_entry_account` (`account_id`),
  KEY `fk_project_entry_user` (`created_by`),
  CONSTRAINT `fk_project_entry_account` FOREIGN KEY (`account_id`) REFERENCES `project_accounts` (`id`) ON DELETE SET NULL,
  CONSTRAINT `fk_project_entry_category` FOREIGN KEY (`category_id`) REFERENCES `project_categories` (`id`),
  CONSTRAINT `fk_project_entry_user` FOREIGN KEY (`created_by`) REFERENCES `users` (`id`) ON DELETE SET NULL
) ENGINE=InnoDB AUTO_INCREMENT=82 DEFAULT CHARSET=utf8mb4 COLLATE=utf8mb4_0900_ai_ci;

INSERT INTO `project_entries` (`id`, `category_id`, `account_id`, `entry_datetime`, `entry_type`, `quantity`, `unit`, `amount`, `reference_no`, `notes`, `created_by`, `created_at`) VALUES
('1', '1', '1', '2026-05-07 10:00:00', 'expense', '12.00', 'sacks', '2200.00', 'DEMO-FP-001', 'Commercial feeds', NULL, '2026-05-13 23:11:58'),
('2', '1', '2', '2026-05-08 10:00:00', 'monitoring', NULL, NULL, '0.00', NULL, 'Water level inspection', NULL, '2026-05-13 23:11:58'),
('3', '1', '1', '2026-05-10 10:00:00', 'harvest', '85.00', 'kg', '12750.00', 'DEMO-FP-002', 'Tilapia harvest', NULL, '2026-05-13 23:11:58'),
('4', '2', '3', '2026-05-11 10:00:00', 'payment', NULL, NULL, '3500.00', 'DEMO-R-001', 'Monthly stall rent', NULL, '2026-05-13 23:11:58'),
('5', '2', '4', '2026-05-12 10:00:00', 'payment', NULL, NULL, '2500.00', 'DEMO-R-002', 'Monthly kiosk rent', NULL, '2026-05-13 23:11:58'),
('6', '3', '5', '2026-05-11 10:00:00', 'payment', NULL, NULL, '650.00', 'DEMO-T-001', 'Toga release fee/deposit', NULL, '2026-05-13 23:11:58'),
('7', '3', '6', '2026-05-01 10:00:00', 'payment', NULL, NULL, '650.00', 'DEMO-T-002', 'Toga release fee/deposit', NULL, '2026-05-13 23:11:58'),
('8', '3', '6', '2026-05-09 10:00:00', 'expense', NULL, NULL, '500.00', NULL, 'Deposit refund after return', NULL, '2026-05-13 23:11:58'),
('78', '3', NULL, '2026-05-19 00:00:00', 'monitoring', NULL, NULL, '0.00', NULL, 'Toga returned', '1', '2026-05-19 20:00:25'),
('79', '2', NULL, '2026-05-20 11:18:00', 'payment', NULL, NULL, '0.00', NULL, NULL, '1', '2026-05-20 19:18:52'),
('80', '3', '5', '2026-05-20 00:00:00', 'monitoring', NULL, NULL, '0.00', NULL, 'Toga returned', '1', '2026-05-20 19:19:42'),
('81', '2', '3', '2026-05-20 11:19:00', 'payment', NULL, NULL, '1000.00', NULL, NULL, '1', '2026-05-20 19:20:09');

-- --------------------------------------------------
-- Table: project_entry_meta
-- --------------------------------------------------
DROP TABLE IF EXISTS `project_entry_meta`;
CREATE TABLE `project_entry_meta` (
  `id` int NOT NULL AUTO_INCREMENT,
  `entry_id` int NOT NULL,
  `meta_key` varchar(80) NOT NULL,
  `meta_value` varchar(255) DEFAULT NULL,
  `created_at` timestamp NULL DEFAULT CURRENT_TIMESTAMP,
  `updated_at` timestamp NULL DEFAULT CURRENT_TIMESTAMP ON UPDATE CURRENT_TIMESTAMP,
  PRIMARY KEY (`id`),
  UNIQUE KEY `uq_project_entry_meta` (`entry_id`,`meta_key`),
  KEY `idx_project_entry_meta_key` (`meta_key`),
  CONSTRAINT `fk_project_entry_meta_entry` FOREIGN KEY (`entry_id`) REFERENCES `project_entries` (`id`) ON DELETE CASCADE
) ENGINE=InnoDB AUTO_INCREMENT=11 DEFAULT CHARSET=utf8mb4 COLLATE=utf8mb4_0900_ai_ci;

INSERT INTO `project_entry_meta` (`id`, `entry_id`, `meta_key`, `meta_value`, `created_at`, `updated_at`) VALUES
('1', '1', 'demo_seed', '1', '2026-05-13 23:11:58', '2026-05-13 23:11:58'),
('2', '2', 'demo_seed', '1', '2026-05-13 23:11:58', '2026-05-13 23:11:58'),
('3', '3', 'demo_seed', '1', '2026-05-13 23:11:58', '2026-05-13 23:11:58'),
('4', '4', 'demo_seed', '1', '2026-05-13 23:11:58', '2026-05-13 23:11:58'),
('5', '5', 'demo_seed', '1', '2026-05-13 23:11:58', '2026-05-13 23:11:58'),
('6', '6', 'demo_seed', '1', '2026-05-13 23:11:58', '2026-05-13 23:11:58'),
('7', '7', 'demo_seed', '1', '2026-05-13 23:11:58', '2026-05-13 23:11:58'),
('8', '8', 'demo_seed', '1', '2026-05-13 23:11:58', '2026-05-13 23:11:58'),
('9', '78', 'entry_event', 'toga_returned', '2026-05-19 20:00:25', '2026-05-19 20:00:25'),
('10', '80', 'entry_event', 'toga_returned', '2026-05-20 19:19:42', '2026-05-20 19:19:42');

-- --------------------------------------------------
-- Table: proposals
-- --------------------------------------------------
DROP TABLE IF EXISTS `proposals`;
CREATE TABLE `proposals` (
  `id` int NOT NULL AUTO_INCREMENT,
  `proposer_id` int DEFAULT NULL,
  `title` varchar(180) NOT NULL,
  `proposer_name` varchar(120) NOT NULL,
  `department` varchar(120) DEFAULT NULL,
  `submitted_at` datetime NOT NULL DEFAULT CURRENT_TIMESTAMP,
  `status` enum('submitted','under_review','approved','rejected','needs_revision','cancelled','implemented') NOT NULL DEFAULT 'submitted',
  `estimated_budget` decimal(12,2) NOT NULL DEFAULT '0.00',
  `target_date` date DEFAULT NULL,
  `summary` text,
  `admin_notes` text,
  `created_by` int DEFAULT NULL,
  `reviewed_by` int DEFAULT NULL,
  `reviewed_at` datetime DEFAULT NULL,
  `created_at` timestamp NULL DEFAULT CURRENT_TIMESTAMP,
  PRIMARY KEY (`id`),
  KEY `idx_proposals_status` (`status`,`submitted_at`),
  KEY `idx_proposals_proposer` (`proposer_id`),
  KEY `fk_proposal_created_by` (`created_by`),
  KEY `fk_proposal_reviewed_by` (`reviewed_by`),
  CONSTRAINT `fk_proposal_created_by` FOREIGN KEY (`created_by`) REFERENCES `users` (`id`) ON DELETE SET NULL,
  CONSTRAINT `fk_proposal_proposer` FOREIGN KEY (`proposer_id`) REFERENCES `people` (`id`) ON DELETE SET NULL,
  CONSTRAINT `fk_proposal_reviewed_by` FOREIGN KEY (`reviewed_by`) REFERENCES `users` (`id`) ON DELETE SET NULL
) ENGINE=InnoDB AUTO_INCREMENT=15 DEFAULT CHARSET=utf8mb4 COLLATE=utf8mb4_0900_ai_ci;

INSERT INTO `proposals` (`id`, `proposer_id`, `title`, `proposer_name`, `department`, `submitted_at`, `status`, `estimated_budget`, `target_date`, `summary`, `admin_notes`, `created_by`, `reviewed_by`, `reviewed_at`, `created_at`) VALUES
('13', '3', 'Automatic Fishfeeder', 'Ana Dela Cruz', 'BSIT', '2026-05-20 19:24:08', 'rejected', '1000.00', '2026-05-22', NULL, NULL, '2', '1', '2026-05-20 19:31:52', '2026-05-20 19:24:08'),
('14', '4', 'Automatic Grass cutter', 'Mark Reyes', 'BSED', '2026-05-20 19:29:54', 'approved', '1500.00', '2026-11-14', NULL, NULL, '2', '1', '2026-05-20 19:31:36', '2026-05-20 19:29:54');

-- --------------------------------------------------
-- Table: sale_headers
-- --------------------------------------------------
DROP TABLE IF EXISTS `sale_headers`;
CREATE TABLE `sale_headers` (
  `id` int NOT NULL AUTO_INCREMENT,
  `or_number` varchar(100) DEFAULT NULL,
  `sale_date` datetime NOT NULL DEFAULT CURRENT_TIMESTAMP,
  `person_id` int DEFAULT NULL,
  `total_amount` decimal(12,2) NOT NULL DEFAULT '0.00',
  `total_cost` decimal(12,2) NOT NULL DEFAULT '0.00',
  `total_profit` decimal(12,2) NOT NULL DEFAULT '0.00',
  `payment_status` enum('unpaid','partial','paid','void') NOT NULL DEFAULT 'paid',
  `notes` varchar(255) DEFAULT NULL,
  `created_by` int DEFAULT NULL,
  `voided_by` int DEFAULT NULL,
  `voided_at` datetime DEFAULT NULL,
  `void_reason` text,
  `created_at` timestamp NULL DEFAULT CURRENT_TIMESTAMP,
  `updated_at` timestamp NULL DEFAULT CURRENT_TIMESTAMP ON UPDATE CURRENT_TIMESTAMP,
  PRIMARY KEY (`id`),
  UNIQUE KEY `uq_sale_headers_or_number` (`or_number`),
  KEY `idx_sale_headers_date` (`sale_date`),
  KEY `idx_sale_headers_person` (`person_id`),
  KEY `idx_sale_headers_created_by` (`created_by`),
  KEY `idx_sale_headers_status_date` (`payment_status`,`sale_date`),
  KEY `idx_sale_headers_voided_by` (`voided_by`),
  CONSTRAINT `fk_sale_headers_created_by` FOREIGN KEY (`created_by`) REFERENCES `users` (`id`) ON DELETE SET NULL,
  CONSTRAINT `fk_sale_headers_person` FOREIGN KEY (`person_id`) REFERENCES `people` (`id`) ON DELETE SET NULL,
  CONSTRAINT `fk_sale_headers_voided_by` FOREIGN KEY (`voided_by`) REFERENCES `users` (`id`) ON DELETE SET NULL
) ENGINE=InnoDB AUTO_INCREMENT=543 DEFAULT CHARSET=utf8mb4 COLLATE=utf8mb4_0900_ai_ci;

INSERT INTO `sale_headers` (`id`, `or_number`, `sale_date`, `person_id`, `total_amount`, `total_cost`, `total_profit`, `payment_status`, `notes`, `created_by`, `voided_by`, `voided_at`, `void_reason`, `created_at`, `updated_at`) VALUES
('7', 'DEMO-S004', '2026-05-10 09:30:00', NULL, '315.00', '135.00', '180.00', 'paid', 'Demo sale for dashboard visibility', NULL, NULL, NULL, NULL, '2026-05-13 23:11:58', '2026-05-14 22:42:14'),
('8', 'DEMO-S007', '2026-05-13 09:30:00', NULL, '120.00', '50.00', '70.00', 'paid', 'Demo sale for dashboard visibility', NULL, NULL, NULL, NULL, '2026-05-13 23:11:58', '2026-05-14 22:42:14'),
('528', '0000-0039', '2026-05-20 10:21:07', NULL, '2.00', '1.00', '1.00', 'paid', NULL, '1', NULL, NULL, NULL, '2026-05-20 18:21:07', '2026-05-20 18:21:07'),
('529', '0000-0040', '2026-05-20 10:25:06', NULL, '177.00', '110.00', '67.00', 'void', NULL, '1', '1', '2026-05-20 10:25:28', 'wrong item', '2026-05-20 18:25:06', '2026-05-20 18:25:28'),
('530', '0000-0041', '2026-05-20 10:26:14', NULL, '473.00', '420.00', '53.00', 'paid', NULL, '1', NULL, NULL, NULL, '2026-05-20 18:26:14', '2026-05-20 18:26:14'),
('531', '0000-0042', '2026-05-20 10:26:28', NULL, '8.00', '5.00', '3.00', 'paid', NULL, '1', NULL, NULL, NULL, '2026-05-20 18:26:28', '2026-05-20 18:26:28'),
('532', '0000-0043', '2026-05-20 10:26:49', NULL, '30.00', '20.00', '10.00', 'paid', NULL, '1', NULL, NULL, NULL, '2026-05-20 18:26:49', '2026-05-20 18:26:49'),
('533', '0000-0044', '2026-05-20 10:27:20', NULL, '110.00', '80.00', '30.00', 'paid', NULL, '1', NULL, NULL, NULL, '2026-05-20 18:27:20', '2026-05-20 18:27:20'),
('534', '0000-0045', '2026-05-20 10:27:35', NULL, '15.00', '10.00', '5.00', 'paid', NULL, '1', NULL, NULL, NULL, '2026-05-20 18:27:35', '2026-05-20 18:27:35'),
('535', '0000-0046', '2026-05-20 10:27:51', NULL, '20.00', '16.00', '4.00', 'paid', NULL, '1', NULL, NULL, NULL, '2026-05-20 18:27:51', '2026-05-20 18:27:51'),
('536', '0000-0047', '2026-05-20 10:28:16', NULL, '120.00', '100.00', '20.00', 'paid', NULL, '1', NULL, NULL, NULL, '2026-05-20 18:28:16', '2026-05-20 18:28:16'),
('537', '0000-0048', '2026-05-20 10:28:36', NULL, '120.00', '75.00', '45.00', 'paid', NULL, '1', NULL, NULL, NULL, '2026-05-20 18:28:36', '2026-05-20 18:28:36'),
('538', '0000-0049', '2026-05-20 10:38:10', NULL, '233.00', '185.00', '48.00', 'paid', NULL, '1', NULL, NULL, NULL, '2026-05-20 18:38:10', '2026-05-20 18:38:10'),
('539', '0000-0050', '2026-05-20 10:53:55', NULL, '135.00', '96.00', '39.00', 'void', NULL, '1', '1', '2026-05-20 10:55:11', 'wrong item', '2026-05-20 18:53:55', '2026-05-20 18:55:11'),
('540', '0000-0051', '2026-05-20 10:54:18', NULL, '23.00', '15.00', '8.00', 'paid', NULL, '1', NULL, NULL, NULL, '2026-05-20 18:54:18', '2026-05-20 18:54:18'),
('541', '0000-0052', '2026-05-20 11:08:04', NULL, '71.00', '43.00', '28.00', 'void', NULL, '1', '1', '2026-05-20 11:08:47', 'wrong item', '2026-05-20 19:08:04', '2026-05-20 19:08:47'),
('542', '0000-0053', '2026-05-20 11:13:13', NULL, '8.00', '5.00', '3.00', 'void', NULL, '1', '1', '2026-05-20 11:13:45', 'retured', '2026-05-20 19:13:13', '2026-05-20 19:13:45');

-- --------------------------------------------------
-- Table: sale_items
-- --------------------------------------------------
DROP TABLE IF EXISTS `sale_items`;
CREATE TABLE `sale_items` (
  `id` int NOT NULL AUTO_INCREMENT,
  `sale_header_id` int NOT NULL,
  `legacy_sale_id` int DEFAULT NULL,
  `product_id` int NOT NULL,
  `quantity` int NOT NULL,
  `unit_price` decimal(12,2) NOT NULL DEFAULT '0.00',
  `unit_cost` decimal(12,2) NOT NULL DEFAULT '0.00',
  `total_amount` decimal(12,2) NOT NULL DEFAULT '0.00',
  `total_cost` decimal(12,2) NOT NULL DEFAULT '0.00',
  `profit` decimal(12,2) NOT NULL DEFAULT '0.00',
  `created_at` timestamp NULL DEFAULT CURRENT_TIMESTAMP,
  PRIMARY KEY (`id`),
  UNIQUE KEY `uq_sale_items_legacy_sale` (`legacy_sale_id`),
  KEY `idx_sale_items_header` (`sale_header_id`),
  KEY `idx_sale_items_product` (`product_id`),
  CONSTRAINT `fk_sale_items_header` FOREIGN KEY (`sale_header_id`) REFERENCES `sale_headers` (`id`) ON DELETE CASCADE,
  CONSTRAINT `fk_sale_items_legacy_sale` FOREIGN KEY (`legacy_sale_id`) REFERENCES `sales` (`id`) ON DELETE SET NULL,
  CONSTRAINT `fk_sale_items_product` FOREIGN KEY (`product_id`) REFERENCES `products` (`id`)
) ENGINE=InnoDB AUTO_INCREMENT=574 DEFAULT CHARSET=utf8mb4 COLLATE=utf8mb4_0900_ai_ci;

INSERT INTO `sale_items` (`id`, `sale_header_id`, `legacy_sale_id`, `product_id`, `quantity`, `unit_price`, `unit_cost`, `total_amount`, `total_cost`, `profit`, `created_at`) VALUES
('1', '7', '1', '3', '9', '35.00', '15.00', '315.00', '135.00', '180.00', '2026-05-13 23:11:58'),
('2', '8', '2', '4', '2', '60.00', '25.00', '120.00', '50.00', '70.00', '2026-05-13 23:11:58'),
('545', '528', '365', '25950', '1', '2.00', '1.00', '2.00', '1.00', '1.00', '2026-05-20 18:21:07'),
('546', '529', '366', '20149', '2', '50.00', '30.00', '100.00', '60.00', '40.00', '2026-05-20 18:25:06'),
('547', '529', '367', '26382', '3', '15.00', '10.00', '45.00', '30.00', '15.00', '2026-05-20 18:25:06'),
('548', '529', '368', '26457', '4', '8.00', '5.00', '32.00', '20.00', '12.00', '2026-05-20 18:25:06'),
('549', '530', '369', '26382', '1', '15.00', '10.00', '15.00', '10.00', '5.00', '2026-05-20 18:26:14'),
('550', '530', '370', '26432', '9', '50.00', '45.00', '450.00', '405.00', '45.00', '2026-05-20 18:26:14'),
('551', '530', '371', '26457', '1', '8.00', '5.00', '8.00', '5.00', '3.00', '2026-05-20 18:26:14'),
('552', '531', '372', '26457', '1', '8.00', '5.00', '8.00', '5.00', '3.00', '2026-05-20 18:26:28'),
('553', '532', '373', '26382', '2', '15.00', '10.00', '30.00', '20.00', '10.00', '2026-05-20 18:26:49'),
('554', '533', '374', '20149', '1', '50.00', '30.00', '50.00', '30.00', '20.00', '2026-05-20 18:27:20'),
('555', '533', '375', '26542', '1', '60.00', '50.00', '60.00', '50.00', '10.00', '2026-05-20 18:27:20'),
('556', '534', '376', '26382', '1', '15.00', '10.00', '15.00', '10.00', '5.00', '2026-05-20 18:27:35'),
('557', '535', '377', '26333', '1', '20.00', '16.00', '20.00', '16.00', '4.00', '2026-05-20 18:27:51'),
('558', '536', '378', '26542', '2', '60.00', '50.00', '120.00', '100.00', '20.00', '2026-05-20 18:28:16'),
('559', '537', '379', '3', '2', '35.00', '15.00', '70.00', '30.00', '40.00', '2026-05-20 18:28:36'),
('560', '537', '380', '26432', '1', '50.00', '45.00', '50.00', '45.00', '5.00', '2026-05-20 18:28:36'),
('561', '538', '381', '26258', '9', '25.00', '20.00', '225.00', '180.00', '45.00', '2026-05-20 18:38:10'),
('562', '538', '382', '26457', '1', '8.00', '5.00', '8.00', '5.00', '3.00', '2026-05-20 18:38:10'),
('563', '539', '383', '20149', '1', '50.00', '30.00', '50.00', '30.00', '20.00', '2026-05-20 18:53:55'),
('564', '539', '384', '25950', '1', '2.00', '1.00', '2.00', '1.00', '1.00', '2026-05-20 18:53:55'),
('565', '539', '385', '26382', '1', '15.00', '10.00', '15.00', '10.00', '5.00', '2026-05-20 18:53:55'),
('566', '539', '386', '26457', '1', '8.00', '5.00', '8.00', '5.00', '3.00', '2026-05-20 18:53:55'),
('567', '539', '387', '26542', '1', '60.00', '50.00', '60.00', '50.00', '10.00', '2026-05-20 18:53:55'),
('568', '540', '388', '26382', '1', '15.00', '10.00', '15.00', '10.00', '5.00', '2026-05-20 18:54:18'),
('569', '540', '389', '26457', '1', '8.00', '5.00', '8.00', '5.00', '3.00', '2026-05-20 18:54:18'),
('570', '541', '390', '20149', '1', '50.00', '30.00', '50.00', '30.00', '20.00', '2026-05-20 19:08:04'),
('571', '541', '391', '26457', '2', '8.00', '5.00', '16.00', '10.00', '6.00', '2026-05-20 19:08:04'),
('572', '541', '392', '28079', '1', '5.00', '3.00', '5.00', '3.00', '2.00', '2026-05-20 19:08:04'),
('573', '542', '393', '26457', '1', '8.00', '5.00', '8.00', '5.00', '3.00', '2026-05-20 19:13:13');

-- --------------------------------------------------
-- Table: sale_payments
-- --------------------------------------------------
DROP TABLE IF EXISTS `sale_payments`;
CREATE TABLE `sale_payments` (
  `id` int NOT NULL AUTO_INCREMENT,
  `sale_header_id` int NOT NULL,
  `payment_date` datetime NOT NULL DEFAULT CURRENT_TIMESTAMP,
  `amount` decimal(12,2) NOT NULL DEFAULT '0.00',
  `method` varchar(40) NOT NULL DEFAULT 'cash',
  `reference_no` varchar(100) DEFAULT NULL,
  `received_by` int DEFAULT NULL,
  `created_at` timestamp NULL DEFAULT CURRENT_TIMESTAMP,
  PRIMARY KEY (`id`),
  KEY `idx_sale_payments_header` (`sale_header_id`),
  KEY `idx_sale_payments_date` (`payment_date`),
  KEY `idx_sale_payments_received_by` (`received_by`),
  CONSTRAINT `fk_sale_payments_header` FOREIGN KEY (`sale_header_id`) REFERENCES `sale_headers` (`id`) ON DELETE CASCADE,
  CONSTRAINT `fk_sale_payments_received_by` FOREIGN KEY (`received_by`) REFERENCES `users` (`id`) ON DELETE SET NULL
) ENGINE=InnoDB AUTO_INCREMENT=543 DEFAULT CHARSET=utf8mb4 COLLATE=utf8mb4_0900_ai_ci;

INSERT INTO `sale_payments` (`id`, `sale_header_id`, `payment_date`, `amount`, `method`, `reference_no`, `received_by`, `created_at`) VALUES
('7', '7', '2026-05-10 09:30:00', '315.00', 'cash', 'DEMO-S004', NULL, '2026-05-13 23:11:58'),
('8', '8', '2026-05-13 09:30:00', '120.00', 'cash', 'DEMO-S007', NULL, '2026-05-13 23:11:58'),
('528', '528', '2026-05-20 10:21:07', '10.00', 'cash', '0000-0039', '1', '2026-05-20 18:21:07'),
('529', '529', '2026-05-20 10:25:06', '200.00', 'cash', '0000-0040', '1', '2026-05-20 18:25:06'),
('530', '530', '2026-05-20 10:26:14', '1000.00', 'cash', '0000-0041', '1', '2026-05-20 18:26:14'),
('531', '531', '2026-05-20 10:26:28', '10.00', 'cash', '0000-0042', '1', '2026-05-20 18:26:28'),
('532', '532', '2026-05-20 10:26:49', '50.00', 'cash', '0000-0043', '1', '2026-05-20 18:26:49'),
('533', '533', '2026-05-20 10:27:20', '120.00', 'cash', '0000-0044', '1', '2026-05-20 18:27:20'),
('534', '534', '2026-05-20 10:27:35', '20.00', 'cash', '0000-0045', '1', '2026-05-20 18:27:35'),
('535', '535', '2026-05-20 10:27:51', '100.00', 'cash', '0000-0046', '1', '2026-05-20 18:27:51'),
('536', '536', '2026-05-20 10:28:16', '200.00', 'cash', '0000-0047', '1', '2026-05-20 18:28:16'),
('537', '537', '2026-05-20 10:28:36', '500.00', 'cash', '0000-0048', '1', '2026-05-20 18:28:36'),
('538', '538', '2026-05-20 10:38:10', '300.00', 'cash', '0000-0049', '1', '2026-05-20 18:38:10'),
('539', '539', '2026-05-20 10:53:55', '1000.00', 'cash', '0000-0050', '1', '2026-05-20 18:53:55'),
('540', '540', '2026-05-20 10:54:18', '25.00', 'cash', '0000-0051', '1', '2026-05-20 18:54:18'),
('541', '541', '2026-05-20 11:08:04', '100.00', 'cash', '0000-0052', '1', '2026-05-20 19:08:04'),
('542', '542', '2026-05-20 11:13:13', '50.00', 'cash', '0000-0053', '1', '2026-05-20 19:13:13');

-- --------------------------------------------------
-- Table: sales
-- --------------------------------------------------
DROP TABLE IF EXISTS `sales`;
CREATE TABLE `sales` (
  `id` int NOT NULL AUTO_INCREMENT,
  `sale_date` datetime NOT NULL DEFAULT CURRENT_TIMESTAMP,
  `product_id` int NOT NULL,
  `person_id` int DEFAULT NULL,
  `quantity` int NOT NULL,
  `unit_price` decimal(12,2) NOT NULL,
  `unit_cost` decimal(12,2) NOT NULL,
  `total_amount` decimal(12,2) NOT NULL,
  `total_cost` decimal(12,2) NOT NULL,
  `total_profit` decimal(12,2) NOT NULL,
  `or_number` varchar(100) DEFAULT NULL,
  `notes` varchar(255) DEFAULT NULL,
  `created_by` int DEFAULT NULL,
  `created_at` timestamp NULL DEFAULT CURRENT_TIMESTAMP,
  PRIMARY KEY (`id`),
  KEY `idx_sales_date` (`sale_date`),
  KEY `idx_sales_product` (`product_id`),
  KEY `idx_sales_date_product` (`sale_date`,`product_id`),
  KEY `fk_sales_user` (`created_by`),
  KEY `idx_sales_person` (`person_id`),
  CONSTRAINT `fk_sales_person` FOREIGN KEY (`person_id`) REFERENCES `people` (`id`) ON DELETE SET NULL,
  CONSTRAINT `fk_sales_product` FOREIGN KEY (`product_id`) REFERENCES `products` (`id`),
  CONSTRAINT `fk_sales_user` FOREIGN KEY (`created_by`) REFERENCES `users` (`id`) ON DELETE SET NULL
) ENGINE=InnoDB AUTO_INCREMENT=394 DEFAULT CHARSET=utf8mb4 COLLATE=utf8mb4_0900_ai_ci;

INSERT INTO `sales` (`id`, `sale_date`, `product_id`, `person_id`, `quantity`, `unit_price`, `unit_cost`, `total_amount`, `total_cost`, `total_profit`, `or_number`, `notes`, `created_by`, `created_at`) VALUES
('1', '2026-05-10 09:30:00', '3', NULL, '9', '35.00', '15.00', '315.00', '135.00', '180.00', 'DEMO-S004', 'Demo sale for dashboard visibility', NULL, '2026-05-13 23:11:58'),
('2', '2026-05-13 09:30:00', '4', NULL, '2', '60.00', '25.00', '120.00', '50.00', '70.00', 'DEMO-S007', 'Demo sale for dashboard visibility', NULL, '2026-05-13 23:11:58'),
('365', '2026-05-20 10:21:07', '25950', NULL, '1', '2.00', '1.00', '2.00', '1.00', '1.00', '0000-0039', 'Black and White Print x1', '1', '2026-05-20 18:21:07'),
('366', '2026-05-20 10:25:06', '20149', NULL, '2', '50.00', '30.00', '100.00', '60.00', '40.00', '0000-0040', 'Bagoong x2', '1', '2026-05-20 18:25:06'),
('367', '2026-05-20 10:25:06', '26382', NULL, '3', '15.00', '10.00', '45.00', '30.00', '15.00', '0000-0040', 'Folder envelopes x3', '1', '2026-05-20 18:25:06'),
('368', '2026-05-20 10:25:06', '26457', NULL, '4', '8.00', '5.00', '32.00', '20.00', '12.00', '0000-0040', 'Binder clips x4', '1', '2026-05-20 18:25:06'),
('369', '2026-05-20 10:26:14', '26382', NULL, '1', '15.00', '10.00', '15.00', '10.00', '5.00', '0000-0041', 'Folder envelopes x1', '1', '2026-05-20 18:26:14'),
('370', '2026-05-20 10:26:14', '26432', NULL, '9', '50.00', '45.00', '450.00', '405.00', '45.00', '0000-0041', 'Index cards x9', '1', '2026-05-20 18:26:14'),
('371', '2026-05-20 10:26:14', '26457', NULL, '1', '8.00', '5.00', '8.00', '5.00', '3.00', '0000-0041', 'Binder clips x1', '1', '2026-05-20 18:26:14'),
('372', '2026-05-20 10:26:28', '26457', NULL, '1', '8.00', '5.00', '8.00', '5.00', '3.00', '0000-0042', 'Binder clips x1', '1', '2026-05-20 18:26:28'),
('373', '2026-05-20 10:26:49', '26382', NULL, '2', '15.00', '10.00', '30.00', '20.00', '10.00', '0000-0043', 'Folder envelopes x2', '1', '2026-05-20 18:26:49'),
('374', '2026-05-20 10:27:20', '20149', NULL, '1', '50.00', '30.00', '50.00', '30.00', '20.00', '0000-0044', 'Bagoong x1', '1', '2026-05-20 18:27:20'),
('375', '2026-05-20 10:27:20', '26542', NULL, '1', '60.00', '50.00', '60.00', '50.00', '10.00', '0000-0044', 'ID Lace x1', '1', '2026-05-20 18:27:20'),
('376', '2026-05-20 10:27:35', '26382', NULL, '1', '15.00', '10.00', '15.00', '10.00', '5.00', '0000-0045', 'Folder envelopes x1', '1', '2026-05-20 18:27:35'),
('377', '2026-05-20 10:27:51', '26333', NULL, '1', '20.00', '16.00', '20.00', '16.00', '4.00', '0000-0046', 'Multi-colored paper x1', '1', '2026-05-20 18:27:51'),
('378', '2026-05-20 10:28:16', '26542', NULL, '2', '60.00', '50.00', '120.00', '100.00', '20.00', '0000-0047', 'ID Lace x2', '1', '2026-05-20 18:28:16'),
('379', '2026-05-20 10:28:36', '3', NULL, '2', '35.00', '15.00', '70.00', '30.00', '40.00', '0000-0048', 'ID Printing x2', '1', '2026-05-20 18:28:36'),
('380', '2026-05-20 10:28:36', '26432', NULL, '1', '50.00', '45.00', '50.00', '45.00', '5.00', '0000-0048', 'Index cards x1', '1', '2026-05-20 18:28:36'),
('381', '2026-05-20 10:38:10', '26258', NULL, '9', '25.00', '20.00', '225.00', '180.00', '45.00', '0000-0049', 'Notebooks x9', '1', '2026-05-20 18:38:10'),
('382', '2026-05-20 10:38:10', '26457', NULL, '1', '8.00', '5.00', '8.00', '5.00', '3.00', '0000-0049', 'Binder clips x1', '1', '2026-05-20 18:38:10'),
('383', '2026-05-20 10:53:55', '20149', NULL, '1', '50.00', '30.00', '50.00', '30.00', '20.00', '0000-0050', 'Bagoong x1', '1', '2026-05-20 18:53:55'),
('384', '2026-05-20 10:53:55', '25950', NULL, '1', '2.00', '1.00', '2.00', '1.00', '1.00', '0000-0050', 'Black and White Print x1', '1', '2026-05-20 18:53:55'),
('385', '2026-05-20 10:53:55', '26382', NULL, '1', '15.00', '10.00', '15.00', '10.00', '5.00', '0000-0050', 'Folder envelopes x1', '1', '2026-05-20 18:53:55'),
('386', '2026-05-20 10:53:55', '26457', NULL, '1', '8.00', '5.00', '8.00', '5.00', '3.00', '0000-0050', 'Binder clips x1', '1', '2026-05-20 18:53:55'),
('387', '2026-05-20 10:53:55', '26542', NULL, '1', '60.00', '50.00', '60.00', '50.00', '10.00', '0000-0050', 'ID Lace x1', '1', '2026-05-20 18:53:55'),
('388', '2026-05-20 10:54:18', '26382', NULL, '1', '15.00', '10.00', '15.00', '10.00', '5.00', '0000-0051', 'Folder envelopes x1', '1', '2026-05-20 18:54:18'),
('389', '2026-05-20 10:54:18', '26457', NULL, '1', '8.00', '5.00', '8.00', '5.00', '3.00', '0000-0051', 'Binder clips x1', '1', '2026-05-20 18:54:18'),
('390', '2026-05-20 11:08:04', '20149', NULL, '1', '50.00', '30.00', '50.00', '30.00', '20.00', '0000-0052', 'Bagoong x1', '1', '2026-05-20 19:08:04'),
('391', '2026-05-20 11:08:04', '26457', NULL, '2', '8.00', '5.00', '16.00', '10.00', '6.00', '0000-0052', 'Binder clips x2', '1', '2026-05-20 19:08:04'),
('392', '2026-05-20 11:08:04', '28079', NULL, '1', '5.00', '3.00', '5.00', '3.00', '2.00', '0000-0052', 'Binder pins x1', '1', '2026-05-20 19:08:04'),
('393', '2026-05-20 11:13:13', '26457', NULL, '1', '8.00', '5.00', '8.00', '5.00', '3.00', '0000-0053', 'Binder clips x1', '1', '2026-05-20 19:13:13');

-- --------------------------------------------------
-- Table: session_logs
-- --------------------------------------------------
DROP TABLE IF EXISTS `session_logs`;
CREATE TABLE `session_logs` (
  `id` bigint NOT NULL AUTO_INCREMENT,
  `user_id` int DEFAULT NULL,
  `session_id` varchar(128) NOT NULL,
  `event` enum('login','logout','timeout','fingerprint_mismatch') NOT NULL,
  `ip_address` varchar(45) DEFAULT NULL,
  `user_agent` varchar(255) DEFAULT NULL,
  `created_at` datetime NOT NULL DEFAULT CURRENT_TIMESTAMP,
  PRIMARY KEY (`id`),
  KEY `idx_session_user_created` (`user_id`,`created_at`),
  KEY `idx_session_id` (`session_id`),
  CONSTRAINT `fk_session_user` FOREIGN KEY (`user_id`) REFERENCES `users` (`id`) ON DELETE SET NULL
) ENGINE=InnoDB AUTO_INCREMENT=161 DEFAULT CHARSET=utf8mb4 COLLATE=utf8mb4_0900_ai_ci;

INSERT INTO `session_logs` (`id`, `user_id`, `session_id`, `event`, `ip_address`, `user_agent`, `created_at`) VALUES
('1', '1', 'cjdvfdj211t4f8lafn458p456v', 'login', '::1', 'Mozilla/5.0 (Windows NT 10.0; Win64; x64) AppleWebKit/537.36 (KHTML, like Gecko) Chrome/148.0.0.0 Safari/537.36', '2026-05-13 23:12:09'),
('2', '1', 'cjdvfdj211t4f8lafn458p456v', 'logout', '::1', 'Mozilla/5.0 (Windows NT 10.0; Win64; x64) AppleWebKit/537.36 (KHTML, like Gecko) Chrome/148.0.0.0 Safari/537.36', '2026-05-13 23:12:18'),
('3', '1', '98j7ge6k2b1qt1s27dfuffncv0', 'login', '::1', 'Mozilla/5.0 (Windows NT 10.0; Win64; x64) AppleWebKit/537.36 (KHTML, like Gecko) Chrome/148.0.0.0 Safari/537.36', '2026-05-13 23:24:51'),
('4', '1', '98j7ge6k2b1qt1s27dfuffncv0', 'logout', '::1', 'Mozilla/5.0 (Windows NT 10.0; Win64; x64) AppleWebKit/537.36 (KHTML, like Gecko) Chrome/148.0.0.0 Safari/537.36', '2026-05-13 23:35:41'),
('5', '1', 'pqp8leb0ujb25ildiu7oqi6u4g', 'login', '::1', 'Mozilla/5.0 (Windows NT 10.0; Win64; x64) AppleWebKit/537.36 (KHTML, like Gecko) Chrome/148.0.0.0 Safari/537.36', '2026-05-13 23:36:14'),
('6', '1', 'pqp8leb0ujb25ildiu7oqi6u4g', 'logout', '::1', 'Mozilla/5.0 (Windows NT 10.0; Win64; x64) AppleWebKit/537.36 (KHTML, like Gecko) Chrome/148.0.0.0 Safari/537.36', '2026-05-13 23:36:20'),
('7', '1', 'm2mud5dq94el733j5p9cofk0dk', 'login', '::1', 'Mozilla/5.0 (Windows NT 10.0; Win64; x64) AppleWebKit/537.36 (KHTML, like Gecko) Chrome/148.0.0.0 Safari/537.36', '2026-05-13 23:39:20'),
('8', '1', 'm2mud5dq94el733j5p9cofk0dk', 'logout', '::1', 'Mozilla/5.0 (Windows NT 10.0; Win64; x64) AppleWebKit/537.36 (KHTML, like Gecko) Chrome/148.0.0.0 Safari/537.36', '2026-05-13 23:39:28'),
('9', '1', '2go1dkef54hk1fe1dkvojrmogu', 'login', '::1', 'Mozilla/5.0 (Windows NT 10.0; Win64; x64) AppleWebKit/537.36 (KHTML, like Gecko) Chrome/148.0.0.0 Safari/537.36', '2026-05-13 23:41:41'),
('10', '1', '2go1dkef54hk1fe1dkvojrmogu', 'logout', '::1', 'Mozilla/5.0 (Windows NT 10.0; Win64; x64) AppleWebKit/537.36 (KHTML, like Gecko) Chrome/148.0.0.0 Safari/537.36', '2026-05-13 23:44:58'),
('11', '1', '67sv3p1if0shd12n438shdp822', 'login', '::1', 'Mozilla/5.0 (Windows NT 10.0; Win64; x64) AppleWebKit/537.36 (KHTML, like Gecko) Chrome/148.0.0.0 Safari/537.36', '2026-05-13 23:49:15'),
('12', '1', '67sv3p1if0shd12n438shdp822', 'logout', '::1', 'Mozilla/5.0 (Windows NT 10.0; Win64; x64) AppleWebKit/537.36 (KHTML, like Gecko) Chrome/148.0.0.0 Safari/537.36', '2026-05-14 00:25:40'),
('13', '1', '91m116f58mcrucqgjj6o1lo4le', 'login', '::1', 'Mozilla/5.0 (Windows NT 10.0; Win64; x64) AppleWebKit/537.36 (KHTML, like Gecko) Chrome/148.0.0.0 Safari/537.36', '2026-05-14 00:26:20'),
('22', '1', '8brf2ip71pf8huvbdrri5g8cr3', 'login', '::1', 'Mozilla/5.0 (Windows NT 10.0; Win64; x64) AppleWebKit/537.36 (KHTML, like Gecko) Chrome/148.0.0.0 Safari/537.36', '2026-05-14 04:58:13'),
('23', '1', '8brf2ip71pf8huvbdrri5g8cr3', 'logout', '::1', 'Mozilla/5.0 (Windows NT 10.0; Win64; x64) AppleWebKit/537.36 (KHTML, like Gecko) Chrome/148.0.0.0 Safari/537.36', '2026-05-14 05:39:21'),
('24', '1', '0kfm2vcstho8vrtadt47q34rrp', 'login', '::1', 'Mozilla/5.0 (Windows NT 10.0; Win64; x64) AppleWebKit/537.36 (KHTML, like Gecko) Chrome/148.0.0.0 Safari/537.36', '2026-05-14 05:39:27'),
('25', '1', '0kfm2vcstho8vrtadt47q34rrp', 'timeout', '::1', 'Mozilla/5.0 (Windows NT 10.0; Win64; x64) AppleWebKit/537.36 (KHTML, like Gecko) Chrome/148.0.0.0 Safari/537.36', '2026-05-14 09:37:08'),
('26', '1', 'tpceq9ita0h68o3v5c2dqvqarc', 'login', '::1', 'Mozilla/5.0 (Windows NT 10.0; Win64; x64) AppleWebKit/537.36 (KHTML, like Gecko) Chrome/148.0.0.0 Safari/537.36', '2026-05-14 09:37:14'),
('27', '1', 'tpceq9ita0h68o3v5c2dqvqarc', 'logout', '::1', 'Mozilla/5.0 (Windows NT 10.0; Win64; x64) AppleWebKit/537.36 (KHTML, like Gecko) Chrome/148.0.0.0 Safari/537.36', '2026-05-14 10:01:02'),
('28', '1', 'ptpsspaj0ds6erho4bn07nqu20', 'login', '::1', 'Mozilla/5.0 (Windows NT 10.0; Win64; x64) AppleWebKit/537.36 (KHTML, like Gecko) Chrome/148.0.0.0 Safari/537.36', '2026-05-14 10:02:54'),
('29', '1', 'ptpsspaj0ds6erho4bn07nqu20', 'timeout', '::1', 'Mozilla/5.0 (Windows NT 10.0; Win64; x64) AppleWebKit/537.36 (KHTML, like Gecko) Chrome/148.0.0.0 Safari/537.36', '2026-05-14 10:55:10'),
('30', '1', '18mfk87lgpaaf00mfvibhgg7cp', 'login', '::1', 'Mozilla/5.0 (Windows NT 10.0; Win64; x64) AppleWebKit/537.36 (KHTML, like Gecko) Chrome/148.0.0.0 Safari/537.36', '2026-05-14 10:55:57'),
('31', '1', '18mfk87lgpaaf00mfvibhgg7cp', 'timeout', '::1', 'Mozilla/5.0 (Windows NT 10.0; Win64; x64) AppleWebKit/537.36 (KHTML, like Gecko) Chrome/148.0.0.0 Safari/537.36', '2026-05-14 11:58:21'),
('32', '1', '0eojt1nuh1vs3apb6fninlhvo1', 'login', '::1', 'Mozilla/5.0 (Windows NT 10.0; Win64; x64) AppleWebKit/537.36 (KHTML, like Gecko) Chrome/148.0.0.0 Safari/537.36', '2026-05-14 11:58:27'),
('33', '1', '7hhi138bng3keje9ap83re71fm', 'login', '::1', 'Mozilla/5.0 (Windows NT 10.0; Win64; x64) AppleWebKit/537.36 (KHTML, like Gecko) Chrome/148.0.0.0 Safari/537.36', '2026-05-14 14:26:23'),
('34', '1', '7hhi138bng3keje9ap83re71fm', 'logout', '::1', 'Mozilla/5.0 (Windows NT 10.0; Win64; x64) AppleWebKit/537.36 (KHTML, like Gecko) Chrome/148.0.0.0 Safari/537.36', '2026-05-14 14:26:29'),
('35', '1', 'e1f7d798ods3ofpmnq775qortn', 'login', '::1', 'Mozilla/5.0 (Windows NT 10.0; Win64; x64) AppleWebKit/537.36 (KHTML, like Gecko) Chrome/148.0.0.0 Safari/537.36', '2026-05-14 14:37:23'),
('36', '1', '0d20711vi3m2obn7gb9obeq00i', 'login', '127.0.0.1', 'Mozilla/5.0 (Windows NT 10.0; Win64; x64) AppleWebKit/537.36 (KHTML, like Gecko) HeadlessChrome/148.0.0.0 Safari/537.36', '2026-05-14 16:20:33'),
('37', '1', 'e1f7d798ods3ofpmnq775qortn', 'timeout', '::1', 'Mozilla/5.0 (Windows NT 10.0; Win64; x64) AppleWebKit/537.36 (KHTML, like Gecko) Chrome/148.0.0.0 Safari/537.36', '2026-05-14 21:01:25'),
('38', '1', 'djmmngbpsi1dlttm1rtuie8nt8', 'login', '::1', 'Mozilla/5.0 (Windows NT 10.0; Win64; x64) AppleWebKit/537.36 (KHTML, like Gecko) Chrome/148.0.0.0 Safari/537.36', '2026-05-14 21:01:31'),
('39', '1', '8mn20cq6vfqhcagj9scdc1cif3', 'login', '::1', 'Mozilla/5.0 (Windows NT; Windows NT 10.0; en-PH) WindowsPowerShell/5.1.26100.8115', '2026-05-14 22:33:44'),
('40', '1', 'rs6vrdqp4juag6tfie03ia958a', 'login', '::1', 'Mozilla/5.0 (Windows NT; Windows NT 10.0; en-PH) WindowsPowerShell/5.1.26100.8115', '2026-05-14 22:34:02'),
('41', '1', '2iema9kqn4770r636a1e3hsdid', 'login', '::1', 'Mozilla/5.0 (Windows NT; Windows NT 10.0; en-PH) WindowsPowerShell/5.1.26100.8115', '2026-05-14 22:34:18'),
('42', '1', 'ejlr3luq7nvojhputgs35ic1gk', 'login', '::1', 'Mozilla/5.0 (Windows NT; Windows NT 10.0; en-PH) WindowsPowerShell/5.1.26100.8115', '2026-05-14 22:34:53'),
('43', '1', 'o3h047g63hv3h9d7egime2gip7', 'login', '::1', 'Mozilla/5.0 (Windows NT; Windows NT 10.0; en-PH) WindowsPowerShell/5.1.26100.8115', '2026-05-14 22:35:25'),
('44', '1', '69fidp4mgto4uj9848vhuf5fs2', 'login', '::1', 'Mozilla/5.0 (Windows NT; Windows NT 10.0; en-PH) WindowsPowerShell/5.1.26100.8115', '2026-05-14 22:42:57'),
('45', '1', 'mc3bu4829gikkg35f6uqt9tuj1', 'login', '::1', 'Mozilla/5.0 (Windows NT; Windows NT 10.0; en-PH) WindowsPowerShell/5.1.26100.8115', '2026-05-14 22:43:45'),
('46', '1', 'tcf1j3aumtcg0v71t4kthbubf5', 'login', '::1', 'Mozilla/5.0 (Windows NT; Windows NT 10.0; en-PH) WindowsPowerShell/5.1.26100.8115', '2026-05-14 22:46:10'),
('47', '1', '4h0cp4eskbu0hgdoef95e2aa4i', 'login', '::1', 'Mozilla/5.0 (Windows NT; Windows NT 10.0; en-PH) WindowsPowerShell/5.1.26100.8115', '2026-05-14 22:58:33'),
('48', '1', '8rlct54at7chcas3gf6cjmgouv', 'login', '::1', 'Mozilla/5.0 (Windows NT; Windows NT 10.0; en-PH) WindowsPowerShell/5.1.26100.8115', '2026-05-14 22:59:00'),
('49', '1', '9fnteju1dd6krh47ikcrbbetka', 'login', '::1', 'Mozilla/5.0 (Windows NT; Windows NT 10.0; en-PH) WindowsPowerShell/5.1.26100.8115', '2026-05-14 23:02:03'),
('50', '1', 'vpl9deq53237hrk1cmarjvi8sf', 'login', '::1', 'Mozilla/5.0 (Windows NT; Windows NT 10.0; en-PH) WindowsPowerShell/5.1.26100.8115', '2026-05-14 23:02:33'),
('51', '1', '4ah7k8oev80mq8okq4l467sohb', 'login', '::1', 'Mozilla/5.0 (Windows NT; Windows NT 10.0; en-PH) WindowsPowerShell/5.1.26100.8115', '2026-05-14 23:03:05'),
('52', '1', 'oanomjic45a96k8mat98poefrf', 'login', '::1', 'Mozilla/5.0 (Windows NT; Windows NT 10.0; en-PH) WindowsPowerShell/5.1.26100.8115', '2026-05-14 23:03:50'),
('53', '1', '83di647vmdrmbu7t108n5opsp0', 'login', '::1', 'Mozilla/5.0 (Windows NT; Windows NT 10.0; en-PH) WindowsPowerShell/5.1.26100.8115', '2026-05-14 23:13:46'),
('54', '1', '2j2hh8qh6okj9la8njj5bqghk1', 'login', '::1', 'Mozilla/5.0 (Windows NT; Windows NT 10.0; en-PH) WindowsPowerShell/5.1.26100.8115', '2026-05-14 23:14:27'),
('55', '1', 'u62lj4ufl0j5ncd05ro8tq81ja', 'login', '::1', 'Mozilla/5.0 (Windows NT; Windows NT 10.0; en-PH) WindowsPowerShell/5.1.26100.8115', '2026-05-14 23:15:01'),
('56', '1', '5lrn2nvtoem9s6b5hd6osobjtl', 'login', '::1', 'Mozilla/5.0 (Windows NT; Windows NT 10.0; en-PH) WindowsPowerShell/5.1.26100.8115', '2026-05-14 23:15:27'),
('57', '1', 'l5q3qu51bsi0cm88p4tc8qd677', 'login', '::1', 'Mozilla/5.0 (Windows NT; Windows NT 10.0; en-PH) WindowsPowerShell/5.1.26100.8115', '2026-05-14 23:16:06'),
('58', '1', '4s0cuojq5smakjhmt9jamrn58g', 'login', '::1', 'Mozilla/5.0 (Windows NT; Windows NT 10.0; en-PH) WindowsPowerShell/5.1.26100.8115', '2026-05-14 23:16:47'),
('59', '1', 'djmmngbpsi1dlttm1rtuie8nt8', 'timeout', '::1', 'Mozilla/5.0 (Windows NT 10.0; Win64; x64) AppleWebKit/537.36 (KHTML, like Gecko) Chrome/148.0.0.0 Safari/537.36', '2026-05-15 02:26:22'),
('60', '1', 'vinssb6ubgv9jq4qlu4eib9pna', 'login', '::1', 'Mozilla/5.0 (Windows NT 10.0; Win64; x64) AppleWebKit/537.36 (KHTML, like Gecko) Chrome/148.0.0.0 Safari/537.36', '2026-05-15 02:26:27'),
('61', '1', 'vinssb6ubgv9jq4qlu4eib9pna', 'logout', '::1', 'Mozilla/5.0 (Windows NT 10.0; Win64; x64) AppleWebKit/537.36 (KHTML, like Gecko) Chrome/148.0.0.0 Safari/537.36', '2026-05-15 05:02:37'),
('62', '2', '6jjf03cb509b8719r54vbcrqp1', 'login', '::1', 'Mozilla/5.0 (Windows NT 10.0; Win64; x64) AppleWebKit/537.36 (KHTML, like Gecko) Chrome/148.0.0.0 Safari/537.36', '2026-05-15 05:04:09'),
('63', '2', 'qptslh98aph0t41t8s369kuf0a', 'login', '::1', 'Mozilla/5.0 (Windows NT 10.0; Win64; x64) AppleWebKit/537.36 (KHTML, like Gecko) Chrome/148.0.0.0 Safari/537.36', '2026-05-15 05:04:11'),
('64', '2', 'qptslh98aph0t41t8s369kuf0a', 'logout', '::1', 'Mozilla/5.0 (Windows NT 10.0; Win64; x64) AppleWebKit/537.36 (KHTML, like Gecko) Chrome/148.0.0.0 Safari/537.36', '2026-05-15 05:04:46'),
('65', '1', '114jioklr5ddttqv0ch4rn3r9j', 'login', '::1', 'Mozilla/5.0 (Windows NT 10.0; Win64; x64) AppleWebKit/537.36 (KHTML, like Gecko) Chrome/148.0.0.0 Safari/537.36', '2026-05-15 05:04:54'),
('66', '1', '114jioklr5ddttqv0ch4rn3r9j', 'timeout', '::1', 'Mozilla/5.0 (Windows NT 10.0; Win64; x64) AppleWebKit/537.36 (KHTML, like Gecko) Chrome/148.0.0.0 Safari/537.36', '2026-05-15 05:53:15'),
('67', '1', 'h752frlbtstvhcbenvm30207p2', 'login', '::1', 'Mozilla/5.0 (Windows NT 10.0; Win64; x64) AppleWebKit/537.36 (KHTML, like Gecko) Chrome/148.0.0.0 Safari/537.36', '2026-05-15 05:53:21'),
('68', '1', 'h752frlbtstvhcbenvm30207p2', 'timeout', '::1', 'Mozilla/5.0 (Windows NT 10.0; Win64; x64) AppleWebKit/537.36 (KHTML, like Gecko) Chrome/148.0.0.0 Safari/537.36', '2026-05-15 07:32:35'),
('69', '1', 'kos1hkmnr97tnv7k8fo7adv86c', 'login', '::1', 'Mozilla/5.0 (Windows NT 10.0; Win64; x64) AppleWebKit/537.36 (KHTML, like Gecko) Chrome/148.0.0.0 Safari/537.36', '2026-05-15 07:32:40'),
('70', '1', 'kos1hkmnr97tnv7k8fo7adv86c', 'timeout', '::1', 'Mozilla/5.0 (Windows NT 10.0; Win64; x64) AppleWebKit/537.36 (KHTML, like Gecko) Chrome/148.0.0.0 Safari/537.36', '2026-05-15 08:03:26'),
('71', '1', '8pmochjaf2aobimb85d6g0a40d', 'login', '::1', 'Mozilla/5.0 (Windows NT 10.0; Win64; x64) AppleWebKit/537.36 (KHTML, like Gecko) Chrome/148.0.0.0 Safari/537.36', '2026-05-15 08:03:29'),
('72', '1', 'a1auk1h95igd6m0h463438m28u', 'login', '::1', 'Mozilla/5.0 (Windows NT 10.0; Win64; x64) AppleWebKit/537.36 (KHTML, like Gecko) Chrome/148.0.0.0 Safari/537.36', '2026-05-17 23:08:21'),
('73', '1', 'k0fe662gc78linqi3eb09tnoo5', 'login', '127.0.0.1', 'Mozilla/5.0 (Windows NT; Windows NT 10.0; en-PH) WindowsPowerShell/5.1.26100.8457', '2026-05-17 23:15:00'),
('74', '1', 'inknvfcm2gstbconht8grvrf3a', 'login', '127.0.0.1', 'Mozilla/5.0 (Windows NT; Windows NT 10.0; en-PH) WindowsPowerShell/5.1.26100.8457', '2026-05-17 23:15:40'),
('75', '1', 'nlp75mtipjmqcruqs3os4im116', 'login', '127.0.0.1', 'Mozilla/5.0 (Windows NT; Windows NT 10.0; en-PH) WindowsPowerShell/5.1.26100.8457', '2026-05-17 23:17:17'),
('76', '1', 'td4b3trtrfdk7h9ec4di2c5t59', 'login', '127.0.0.1', 'Mozilla/5.0 (Windows NT; Windows NT 10.0; en-PH) WindowsPowerShell/5.1.26100.8457', '2026-05-17 23:18:16'),
('77', '1', 'es03aphtkgttssvav20knumb32', 'login', '127.0.0.1', 'Mozilla/5.0 (Windows NT; Windows NT 10.0; en-PH) WindowsPowerShell/5.1.26100.8457', '2026-05-17 23:18:54'),
('78', '1', 'frgljk7trcrip9toidjnnu2lmi', 'login', '127.0.0.1', 'Mozilla/5.0 (Windows NT; Windows NT 10.0; en-PH) WindowsPowerShell/5.1.26100.8457', '2026-05-17 23:58:53'),
('79', '1', 'gel8lfdck5d4pb40gcejli75g6', 'login', '127.0.0.1', 'Mozilla/5.0 (Windows NT; Windows NT 10.0; en-PH) WindowsPowerShell/5.1.26100.8457', '2026-05-17 23:59:22'),
('80', '2', 'q6c48aimunbu7kqm40oeg6i1ef', 'login', '127.0.0.1', 'Mozilla/5.0 (Windows NT; Windows NT 10.0; en-PH) WindowsPowerShell/5.1.26100.8457', '2026-05-18 00:00:43'),
('81', '1', '53hqb4uii2mv6bggcm0lkp87d4', 'login', '127.0.0.1', 'Mozilla/5.0 (Windows NT; Windows NT 10.0; en-PH) WindowsPowerShell/5.1.26100.8457', '2026-05-18 00:02:35'),
('82', '1', 'akeevunos62jjdjm5q76h6eu4i', 'login', '127.0.0.1', 'Mozilla/5.0 (Windows NT; Windows NT 10.0; en-PH) WindowsPowerShell/5.1.26100.8457', '2026-05-18 00:04:18'),
('83', '1', 'd9td1nurs7hq4ifmjhpbvipvc7', 'login', '127.0.0.1', 'Mozilla/5.0 (Windows NT; Windows NT 10.0; en-PH) WindowsPowerShell/5.1.26100.8457', '2026-05-18 00:05:16'),
('84', '1', '4me15b1ress1mlkuvj0r5g547c', 'login', '127.0.0.1', 'Mozilla/5.0 (Windows NT; Windows NT 10.0; en-PH) WindowsPowerShell/5.1.26100.8457', '2026-05-18 00:06:03'),
('85', '1', 'tgh1l37su0qbsma994i8a11e9c', 'login', '127.0.0.1', 'Mozilla/5.0 (Windows NT; Windows NT 10.0; en-PH) WindowsPowerShell/5.1.26100.8457', '2026-05-18 00:06:39'),
('86', '1', 'erc4bt8t5nvths44975qg13b4c', 'login', '127.0.0.1', 'Mozilla/5.0 (Windows NT; Windows NT 10.0; en-PH) WindowsPowerShell/5.1.26100.8457', '2026-05-18 00:07:07'),
('87', '1', 'iablgrbq2dkoa4skfdcga8400o', 'login', '127.0.0.1', 'Mozilla/5.0 (Windows NT; Windows NT 10.0; en-PH) WindowsPowerShell/5.1.26100.8457', '2026-05-18 00:07:51'),
('88', '1', 'e13orc6cgfm5tjjbodrs8pqbtd', 'login', '127.0.0.1', 'Mozilla/5.0 (Windows NT; Windows NT 10.0; en-PH) WindowsPowerShell/5.1.26100.8457', '2026-05-18 00:08:32'),
('89', '1', '14khkhn2q4ms4e1s7s0c2gn934', 'login', '127.0.0.1', 'Mozilla/5.0 (Windows NT; Windows NT 10.0; en-PH) WindowsPowerShell/5.1.26100.8457', '2026-05-18 00:10:04'),
('90', '1', 'rdnej093cf1jvqj2ftd5k05p45', 'login', '127.0.0.1', 'Mozilla/5.0 (Windows NT; Windows NT 10.0; en-PH) WindowsPowerShell/5.1.26100.8457', '2026-05-18 00:11:53'),
('91', '1', '4i7pfdgujn1274oh3np260tdgk', 'login', '127.0.0.1', 'Mozilla/5.0 (Windows NT; Windows NT 10.0; en-PH) WindowsPowerShell/5.1.26100.8457', '2026-05-18 00:31:22'),
('92', '1', 'ut1pihptvhi0pouph2khqc96im', 'login', '127.0.0.1', 'Mozilla/5.0 (Windows NT; Windows NT 10.0; en-PH) WindowsPowerShell/5.1.26100.8457', '2026-05-18 00:32:23'),
('93', '2', '94p0d0qfd78kukpt7jp9e1tg9b', 'login', '127.0.0.1', 'Mozilla/5.0 (Windows NT; Windows NT 10.0; en-PH) WindowsPowerShell/5.1.26100.8457', '2026-05-18 00:32:29'),
('94', '1', 'fhojiur8okh0ik6idbntfnbgo7', 'login', '127.0.0.1', 'Mozilla/5.0 (Windows NT; Windows NT 10.0; en-PH) WindowsPowerShell/5.1.26100.8457', '2026-05-18 00:34:21'),
('95', '2', 'rtsi1k1gft1elkg32dg60fa93p', 'login', '127.0.0.1', 'Mozilla/5.0 (Windows NT; Windows NT 10.0; en-PH) WindowsPowerShell/5.1.26100.8457', '2026-05-18 00:34:27'),
('96', '1', '5a993qth7pugejuvkcdsi9sa97', 'login', '127.0.0.1', 'Mozilla/5.0 (Windows NT; Windows NT 10.0; en-PH) WindowsPowerShell/5.1.26100.8457', '2026-05-18 00:35:07'),
('97', '1', 'j9n78qte71p21lk1d7hobmj8t8', 'login', '127.0.0.1', 'Mozilla/5.0 (Windows NT; Windows NT 10.0; en-PH) WindowsPowerShell/5.1.26100.8457', '2026-05-18 00:35:30'),
('98', '1', 'a1auk1h95igd6m0h463438m28u', 'timeout', '::1', 'Mozilla/5.0 (Windows NT 10.0; Win64; x64) AppleWebKit/537.36 (KHTML, like Gecko) Chrome/148.0.0.0 Safari/537.36', '2026-05-18 00:43:49'),
('99', '1', 'irapt4lfvf6155sf26m0ns3qa4', 'login', '::1', 'Mozilla/5.0 (Windows NT 10.0; Win64; x64) AppleWebKit/537.36 (KHTML, like Gecko) Chrome/148.0.0.0 Safari/537.36', '2026-05-18 00:44:05'),
('100', '1', '0uv3fmq2mj57tv1hg8lob6j1bo', 'login', '::1', 'Mozilla/5.0 (Windows NT 10.0; Win64; x64) AppleWebKit/537.36 (KHTML, like Gecko) Chrome/148.0.0.0 Safari/537.36', '2026-05-18 13:08:11'),
('101', '1', 'c1g5h4hk4s8havbmiqnbv8pqe0', 'login', '127.0.0.1', 'Mozilla/5.0 (Windows NT; Windows NT 10.0; en-PH) WindowsPowerShell/5.1.26100.8457', '2026-05-18 13:10:41'),
('102', '1', 'hmlp11rnker42bmk6m006j4ukd', 'login', '127.0.0.1', 'Mozilla/5.0 (Windows NT; Windows NT 10.0; en-PH) WindowsPowerShell/5.1.26100.8457', '2026-05-18 13:21:35'),
('103', '1', '0uv3fmq2mj57tv1hg8lob6j1bo', 'logout', '::1', 'Mozilla/5.0 (Windows NT 10.0; Win64; x64) AppleWebKit/537.36 (KHTML, like Gecko) Chrome/148.0.0.0 Safari/537.36', '2026-05-18 13:29:40'),
('104', '1', 'atkb8ffls4aqgcldi7s9ejvvu8', 'login', '::1', 'Mozilla/5.0 (Windows NT 10.0; Win64; x64) AppleWebKit/537.36 (KHTML, like Gecko) Chrome/148.0.0.0 Safari/537.36', '2026-05-18 13:45:00'),
('105', '1', 'ioppudlda5q53nn6arqm82durr', 'login', '::1', 'Mozilla/5.0 (Windows NT 10.0; Win64; x64) AppleWebKit/537.36 (KHTML, like Gecko) Chrome/148.0.0.0 Safari/537.36', '2026-05-18 13:45:40'),
('106', '1', 'no4gp87aaha95qpbvvu8b6986u', 'login', '::1', 'Mozilla/5.0 (Windows NT 10.0; Win64; x64) AppleWebKit/537.36 (KHTML, like Gecko) Chrome/148.0.0.0 Safari/537.36', '2026-05-18 13:49:56'),
('107', '1', 'dg8cge21ckg06j58hd3cu5ggid', 'login', '::1', 'Mozilla/5.0 (Windows NT 10.0; Win64; x64) AppleWebKit/537.36 (KHTML, like Gecko) Chrome/148.0.0.0 Safari/537.36', '2026-05-18 23:34:45'),
('108', '1', 'dg8cge21ckg06j58hd3cu5ggid', 'timeout', '::1', 'Mozilla/5.0 (Windows NT 10.0; Win64; x64) AppleWebKit/537.36 (KHTML, like Gecko) Chrome/148.0.0.0 Safari/537.36', '2026-05-19 02:52:37'),
('109', '1', 'u5eau35c0un7bqqj1gmhvc0lgi', 'login', '::1', 'Mozilla/5.0 (Windows NT 10.0; Win64; x64) AppleWebKit/537.36 (KHTML, like Gecko) Chrome/148.0.0.0 Safari/537.36', '2026-05-19 02:52:49'),
('110', '1', 'o5d6cv1cl12s7f2ebgqq43tlgl', 'login', '::1', 'Mozilla/5.0 (Windows NT; Windows NT 10.0; en-PH) WindowsPowerShell/5.1.26100.8457', '2026-05-19 08:54:33'),
('111', '1', 'oa83v9279hunfrcrrvje35b9uj', 'login', '::1', 'Mozilla/5.0 (Windows NT 10.0; Win64; x64) AppleWebKit/537.36 (KHTML, like Gecko) HeadlessChrome/148.0.7778.96 Safari/537.36', '2026-05-19 08:55:10'),
('112', '1', 'd7i9n7hgd6mtsni036c3pb6urq', 'login', '::1', 'Mozilla/5.0 (Windows NT; Windows NT 10.0; en-PH) WindowsPowerShell/5.1.26100.8457', '2026-05-19 08:56:02'),
('113', '1', '93pea78kba478k755t4jprpbsf', 'login', '::1', 'Mozilla/5.0 (Windows NT 10.0; Win64; x64) AppleWebKit/537.36 (KHTML, like Gecko) Chrome/148.0.0.0 Safari/537.36', '2026-05-19 08:57:21'),
('114', '1', 'cte3gokbrgpud11d7ee07qfegb', 'login', '::1', 'Mozilla/5.0 (Windows NT; Windows NT 10.0; en-PH) WindowsPowerShell/5.1.26100.8457', '2026-05-19 09:06:09'),
('115', '1', '4nc1caj3duga8uojee4mf0mt2b', 'login', '::1', 'Mozilla/5.0 (Windows NT; Windows NT 10.0; en-PH) WindowsPowerShell/5.1.26100.8457', '2026-05-19 09:09:52'),
('116', '1', 'o9d924878tb99r5q6h92i7bkab', 'login', '::1', 'Mozilla/5.0 (Windows NT 10.0; Win64; x64) AppleWebKit/537.36 (KHTML, like Gecko) HeadlessChrome/148.0.7778.96 Safari/537.36', '2026-05-19 09:10:23'),
('117', '1', '93pea78kba478k755t4jprpbsf', 'timeout', '::1', 'Mozilla/5.0 (Windows NT 10.0; Win64; x64) AppleWebKit/537.36 (KHTML, like Gecko) Chrome/148.0.0.0 Safari/537.36', '2026-05-19 10:00:04'),
('118', '1', '6gd5562fbe5lisoig9ccsrboap', 'login', '::1', 'Mozilla/5.0 (Windows NT 10.0; Win64; x64) AppleWebKit/537.36 (KHTML, like Gecko) Chrome/148.0.0.0 Safari/537.36', '2026-05-19 10:00:17'),
('119', '1', 'sc7fn79vurdlstjdmh0gst3gof', 'login', '::1', 'Mozilla/5.0 (Windows NT 10.0; Win64; x64) AppleWebKit/537.36 (KHTML, like Gecko) Chrome/148.0.0.0 Safari/537.36', '2026-05-19 16:08:11'),
('120', '1', 'q5fgevoh3gma76ph8kiqvi98se', 'login', '::1', 'Mozilla/5.0 (Windows NT 10.0; Win64; x64) AppleWebKit/537.36 (KHTML, like Gecko) Chrome/148.0.0.0 Safari/537.36', '2026-05-19 19:11:09'),
('121', '1', 'q5fgevoh3gma76ph8kiqvi98se', 'timeout', '::1', 'Mozilla/5.0 (Windows NT 10.0; Win64; x64) AppleWebKit/537.36 (KHTML, like Gecko) Chrome/148.0.0.0 Safari/537.36', '2026-05-19 21:33:32'),
('122', '1', 'rqqf211hdaje1llcnj12hioh4o', 'login', '::1', 'Mozilla/5.0 (Windows NT 10.0; Win64; x64) AppleWebKit/537.36 (KHTML, like Gecko) Chrome/148.0.0.0 Safari/537.36', '2026-05-19 21:33:48'),
('123', '1', 'rqqf211hdaje1llcnj12hioh4o', 'logout', '::1', 'Mozilla/5.0 (Windows NT 10.0; Win64; x64) AppleWebKit/537.36 (KHTML, like Gecko) Chrome/148.0.0.0 Safari/537.36', '2026-05-20 00:11:54'),
('124', '2', 'm74smqqb0cc85abj5pkn2slubl', 'login', '::1', 'Mozilla/5.0 (Windows NT 10.0; Win64; x64) AppleWebKit/537.36 (KHTML, like Gecko) Chrome/148.0.0.0 Safari/537.36', '2026-05-20 00:12:11'),
('125', '2', 'm74smqqb0cc85abj5pkn2slubl', 'logout', '::1', 'Mozilla/5.0 (Windows NT 10.0; Win64; x64) AppleWebKit/537.36 (KHTML, like Gecko) Chrome/148.0.0.0 Safari/537.36', '2026-05-20 00:51:28'),
('126', '1', 'juro3kbr9812dd1be6l3vbkaib', 'login', '::1', 'Mozilla/5.0 (Windows NT 10.0; Win64; x64) AppleWebKit/537.36 (KHTML, like Gecko) Chrome/148.0.0.0 Safari/537.36', '2026-05-20 00:51:38'),
('127', '1', 'juro3kbr9812dd1be6l3vbkaib', 'logout', '::1', 'Mozilla/5.0 (Windows NT 10.0; Win64; x64) AppleWebKit/537.36 (KHTML, like Gecko) Chrome/148.0.0.0 Safari/537.36', '2026-05-20 01:02:59'),
('128', '2', 'c2qu30050trg5u5ni8511c3q0k', 'login', '::1', 'Mozilla/5.0 (Windows NT 10.0; Win64; x64) AppleWebKit/537.36 (KHTML, like Gecko) Chrome/148.0.0.0 Safari/537.36', '2026-05-20 01:03:22'),
('129', '2', 'c2qu30050trg5u5ni8511c3q0k', 'logout', '::1', 'Mozilla/5.0 (Windows NT 10.0; Win64; x64) AppleWebKit/537.36 (KHTML, like Gecko) Chrome/148.0.0.0 Safari/537.36', '2026-05-20 01:04:43'),
('130', '1', 'n8lqsmrfeke9n7fsqvkv8porjb', 'login', '::1', 'Mozilla/5.0 (Windows NT 10.0; Win64; x64) AppleWebKit/537.36 (KHTML, like Gecko) Chrome/148.0.0.0 Safari/537.36', '2026-05-20 01:04:55'),
('131', '1', 'n8lqsmrfeke9n7fsqvkv8porjb', 'timeout', '::1', 'Mozilla/5.0 (Windows NT 10.0; Win64; x64) AppleWebKit/537.36 (KHTML, like Gecko) Chrome/148.0.0.0 Safari/537.36', '2026-05-20 06:56:53'),
('132', '1', 'nr15nc6oa0qc1ctvv443546jgm', 'login', '::1', 'Mozilla/5.0 (Windows NT 10.0; Win64; x64) AppleWebKit/537.36 (KHTML, like Gecko) Chrome/148.0.0.0 Safari/537.36', '2026-05-20 06:57:07'),
('133', '1', 'hs0js6peouidc98d7tr990h5vn', 'login', '::1', 'Mozilla/5.0 (Windows NT 10.0; Win64; x64) AppleWebKit/537.36 (KHTML, like Gecko) Chrome/148.0.0.0 Safari/537.36', '2026-05-20 10:56:49'),
('134', '1', 'hs0js6peouidc98d7tr990h5vn', 'logout', '::1', 'Mozilla/5.0 (Windows NT 10.0; Win64; x64) AppleWebKit/537.36 (KHTML, like Gecko) Chrome/148.0.0.0 Safari/537.36', '2026-05-20 11:43:03'),
('135', '1', 'f5nr7i32jk6frojqh17b9119uk', 'login', '::1', 'Mozilla/5.0 (Windows NT 10.0; Win64; x64) AppleWebKit/537.36 (KHTML, like Gecko) Chrome/148.0.0.0 Safari/537.36', '2026-05-20 11:43:49'),
('136', '1', 'f5nr7i32jk6frojqh17b9119uk', 'logout', '::1', 'Mozilla/5.0 (Windows NT 10.0; Win64; x64) AppleWebKit/537.36 (KHTML, like Gecko) Chrome/148.0.0.0 Safari/537.36', '2026-05-20 11:44:21'),
('137', '2', '6pmq05m1d6b48v2u60qse79as1', 'login', '::1', 'Mozilla/5.0 (Windows NT 10.0; Win64; x64) AppleWebKit/537.36 (KHTML, like Gecko) Chrome/148.0.0.0 Safari/537.36', '2026-05-20 11:44:45'),
('138', '2', '6pmq05m1d6b48v2u60qse79as1', 'logout', '::1', 'Mozilla/5.0 (Windows NT 10.0; Win64; x64) AppleWebKit/537.36 (KHTML, like Gecko) Chrome/148.0.0.0 Safari/537.36', '2026-05-20 11:49:48'),
('139', '1', '9kt6n5ko2nr8v0hcbir6notl25', 'login', '::1', 'Mozilla/5.0 (Windows NT 10.0; Win64; x64) AppleWebKit/537.36 (KHTML, like Gecko) Chrome/148.0.0.0 Safari/537.36', '2026-05-20 11:50:22'),
('140', '1', '9kt6n5ko2nr8v0hcbir6notl25', 'timeout', '::1', 'Mozilla/5.0 (Windows NT 10.0; Win64; x64) AppleWebKit/537.36 (KHTML, like Gecko) Chrome/148.0.0.0 Safari/537.36', '2026-05-20 12:30:28'),
('141', '1', '6sbff04cktrg0ho411ftlatifr', 'login', '::1', 'Mozilla/5.0 (Windows NT 10.0; Win64; x64) AppleWebKit/537.36 (KHTML, like Gecko) Chrome/148.0.0.0 Safari/537.36', '2026-05-20 12:30:42'),
('142', '1', '6sbff04cktrg0ho411ftlatifr', 'logout', '::1', 'Mozilla/5.0 (Windows NT 10.0; Win64; x64) AppleWebKit/537.36 (KHTML, like Gecko) Chrome/148.0.0.0 Safari/537.36', '2026-05-20 12:49:38'),
('143', '2', '291rg3kjqfisp1npbrema7s519', 'login', '::1', 'Mozilla/5.0 (Windows NT 10.0; Win64; x64) AppleWebKit/537.36 (KHTML, like Gecko) Chrome/148.0.0.0 Safari/537.36', '2026-05-20 12:50:19'),
('144', '2', '291rg3kjqfisp1npbrema7s519', 'timeout', '::1', 'Mozilla/5.0 (Windows NT 10.0; Win64; x64) AppleWebKit/537.36 (KHTML, like Gecko) Chrome/148.0.0.0 Safari/537.36', '2026-05-20 13:40:58'),
('145', '1', 'knp98vva3hpgd9k212uj9b7kds', 'login', '::1', 'Mozilla/5.0 (Windows NT 10.0; Win64; x64) AppleWebKit/537.36 (KHTML, like Gecko) Chrome/148.0.0.0 Safari/537.36', '2026-05-20 13:41:13'),
('146', '1', 'kf1dghk6uqf4f9bno2pjf4hhl5', 'login', '::1', 'Mozilla/5.0 (Windows NT 10.0; Win64; x64) AppleWebKit/537.36 (KHTML, like Gecko) Chrome/148.0.0.0 Safari/537.36', '2026-05-20 14:15:55'),
('147', '1', 'kf1dghk6uqf4f9bno2pjf4hhl5', 'timeout', '::1', 'Mozilla/5.0 (Windows NT 10.0; Win64; x64) AppleWebKit/537.36 (KHTML, like Gecko) Chrome/148.0.0.0 Safari/537.36', '2026-05-20 15:28:49'),
('148', '1', 'n0frga3ur0ctj01m64h5ik7n8u', 'login', '::1', 'Mozilla/5.0 (Windows NT 10.0; Win64; x64) AppleWebKit/537.36 (KHTML, like Gecko) Chrome/148.0.0.0 Safari/537.36', '2026-05-20 15:29:01'),
('149', '1', 'rtek4aa0g62c0gqre7rblrjrjl', 'login', '::1', 'Mozilla/5.0 (Windows NT 10.0; Win64; x64) AppleWebKit/537.36 (KHTML, like Gecko) Chrome/148.0.0.0 Safari/537.36', '2026-05-20 15:52:37'),
('150', '1', 'gu4qh5u5pmkfbahe57dijigjnk', 'login', '::1', 'Mozilla/5.0 (Windows NT 10.0; Win64; x64) AppleWebKit/537.36 (KHTML, like Gecko) Chrome/148.0.0.0 Safari/537.36', '2026-05-20 17:57:33'),
('151', '1', 'jo0qssqu09jvl04e1m2rp68jpm', 'login', '::1', 'Mozilla/5.0 (Windows NT 10.0; Win64; x64) AppleWebKit/537.36 (KHTML, like Gecko) Chrome/148.0.0.0 Safari/537.36', '2026-05-20 18:51:09'),
('152', '1', '58uq9fjfvtltvo5ehkel4t5ti5', 'login', '::1', 'Mozilla/5.0 (Windows NT 10.0; Win64; x64) AppleWebKit/537.36 (KHTML, like Gecko) Chrome/148.0.0.0 Safari/537.36', '2026-05-20 18:53:07'),
('153', '1', 'nbq7m5j0td5g2ujqn2haopds4u', 'login', '::1', 'Mozilla/5.0 (Windows NT 10.0; Win64; x64) AppleWebKit/537.36 (KHTML, like Gecko) Chrome/148.0.0.0 Safari/537.36', '2026-05-20 19:02:19'),
('154', '1', 'k8l8fnccdirlh8pm7jjis2ghjo', 'login', '::1', 'Mozilla/5.0 (Windows NT 10.0; Win64; x64) AppleWebKit/537.36 (KHTML, like Gecko) Chrome/148.0.0.0 Safari/537.36', '2026-05-20 19:04:52'),
('155', '1', 'i7qg2bnom0hp4dpqncc0f6e8ns', 'login', '::1', 'Mozilla/5.0 (Windows NT 10.0; Win64; x64) AppleWebKit/537.36 (KHTML, like Gecko) Chrome/148.0.0.0 Safari/537.36', '2026-05-20 19:07:04'),
('156', '1', 'k36ka9rlc42sptvirod382mbko', 'login', '::1', 'Mozilla/5.0 (Windows NT 10.0; Win64; x64) AppleWebKit/537.36 (KHTML, like Gecko) Chrome/148.0.0.0 Safari/537.36', '2026-05-20 19:12:28'),
('157', '1', 'k36ka9rlc42sptvirod382mbko', 'logout', '::1', 'Mozilla/5.0 (Windows NT 10.0; Win64; x64) AppleWebKit/537.36 (KHTML, like Gecko) Chrome/148.0.0.0 Safari/537.36', '2026-05-20 19:21:57'),
('158', '2', '5ohr595k3gflmlhdt1l7hksrka', 'login', '::1', 'Mozilla/5.0 (Windows NT 10.0; Win64; x64) AppleWebKit/537.36 (KHTML, like Gecko) Chrome/148.0.0.0 Safari/537.36', '2026-05-20 19:22:10'),
('159', '2', '5ohr595k3gflmlhdt1l7hksrka', 'logout', '::1', 'Mozilla/5.0 (Windows NT 10.0; Win64; x64) AppleWebKit/537.36 (KHTML, like Gecko) Chrome/148.0.0.0 Safari/537.36', '2026-05-20 19:30:05'),
('160', '1', 'dib6bbpdq9oc6sksa8150f74vt', 'login', '::1', 'Mozilla/5.0 (Windows NT 10.0; Win64; x64) AppleWebKit/537.36 (KHTML, like Gecko) Chrome/148.0.0.0 Safari/537.36', '2026-05-20 19:30:17');

-- --------------------------------------------------
-- Table: system_error_logs
-- --------------------------------------------------
DROP TABLE IF EXISTS `system_error_logs`;
CREATE TABLE `system_error_logs` (
  `id` bigint NOT NULL AUTO_INCREMENT,
  `user_id` int DEFAULT NULL,
  `severity` enum('notice','warning','error','critical') NOT NULL DEFAULT 'error',
  `message` varchar(255) NOT NULL,
  `context` text,
  `ip_address` varchar(45) DEFAULT NULL,
  `created_at` datetime NOT NULL DEFAULT CURRENT_TIMESTAMP,
  PRIMARY KEY (`id`),
  KEY `idx_error_created_at` (`created_at`),
  KEY `idx_error_severity` (`severity`,`created_at`),
  KEY `fk_error_user` (`user_id`),
  CONSTRAINT `fk_error_user` FOREIGN KEY (`user_id`) REFERENCES `users` (`id`) ON DELETE SET NULL
) ENGINE=InnoDB AUTO_INCREMENT=242 DEFAULT CHARSET=utf8mb4 COLLATE=utf8mb4_0900_ai_ci;

INSERT INTO `system_error_logs` (`id`, `user_id`, `severity`, `message`, `context`, `ip_address`, `created_at`) VALUES
('4', '1', 'warning', 'Undefined array key \"REQUEST_METHOD\"', '{\"file\":\"C:\\\\laragon\\\\www\\\\mbc-production\\\\pages\\\\backup.php\",\"line\":83,\"severity\":2}', 'unknown', '2026-05-14 04:54:12'),
('5', '1', 'warning', 'Undefined array key \"REQUEST_METHOD\"', '{\"file\":\"C:\\\\laragon\\\\www\\\\mbc-production\\\\pages\\\\users.php\",\"line\":9,\"severity\":2}', 'unknown', '2026-05-14 04:54:12'),
('6', '1', 'critical', 'Uncaught TypeError: render_header(): Argument #1 ($title) must be of type string, array given, called in C:\\laragon\\www\\mbc-production\\pages\\sales.php on line 405 and defined in C:\\laragon\\www\\mbc-production\\components\\layout.php:89\nStack trace:\n#0 C:\\lar', '{\"file\":\"C:\\\\laragon\\\\www\\\\mbc-production\\\\components\\\\layout.php\",\"line\":89,\"type\":1}', '::1', '2026-05-14 09:40:52'),
('7', NULL, 'critical', 'Uncaught PDOException: SQLSTATE[42000]: Syntax error or access violation: 1064 You have an error in your SQL syntax; check the manual that corresponds to your MySQL server version for the right syntax to use near \'%print% OR sku LIKE %PRINT% ORDER BY name', '{\"file\":\"Command line code\",\"line\":2,\"type\":1}', 'unknown', '2026-05-14 10:49:53'),
('8', NULL, 'critical', 'Uncaught PDOException: SQLSTATE[HY093]: Invalid parameter number in Standard input code:4\nStack trace:\n#0 Standard input code(4): PDOStatement->execute(Array)\n#1 {main}\n  thrown', '{\"file\":\"Standard input code\",\"line\":4,\"type\":1}', 'unknown', '2026-05-14 22:23:35'),
('9', '1', 'critical', 'Uncaught PDOException: SQLSTATE[HY093]: Invalid parameter number in C:\\laragon\\www\\mbc-production\\pages\\sales-reports.php:31\nStack trace:\n#0 C:\\laragon\\www\\mbc-production\\pages\\sales-reports.php(31): PDOStatement->execute(Array)\n#1 C:\\laragon\\www\\mbc-prod', '{\"file\":\"C:\\\\laragon\\\\www\\\\mbc-production\\\\pages\\\\sales-reports.php\",\"line\":31,\"type\":1}', '::1', '2026-05-14 23:02:37'),
('10', '1', 'critical', 'Uncaught PDOException: SQLSTATE[HY093]: Invalid parameter number in C:\\laragon\\www\\mbc-production\\pages\\sales-reports.php:31\nStack trace:\n#0 C:\\laragon\\www\\mbc-production\\pages\\sales-reports.php(31): PDOStatement->execute(Array)\n#1 C:\\laragon\\www\\mbc-prod', '{\"file\":\"C:\\\\laragon\\\\www\\\\mbc-production\\\\pages\\\\sales-reports.php\",\"line\":31,\"type\":1}', '::1', '2026-05-14 23:03:07'),
('11', '1', 'critical', 'Uncaught PDOException: SQLSTATE[HY093]: Invalid parameter number in C:\\laragon\\www\\mbc-production\\pages\\projects.php:1154\nStack trace:\n#0 C:\\laragon\\www\\mbc-production\\pages\\projects.php(1154): PDOStatement->execute(Array)\n#1 C:\\laragon\\www\\mbc-production', '{\"file\":\"C:\\\\laragon\\\\www\\\\mbc-production\\\\pages\\\\projects.php\",\"line\":1154,\"type\":1}', '::1', '2026-05-14 23:15:03'),
('12', '1', 'critical', 'Uncaught PDOException: SQLSTATE[HY093]: Invalid parameter number in C:\\laragon\\www\\mbc-production\\pages\\projects.php:1154\nStack trace:\n#0 C:\\laragon\\www\\mbc-production\\pages\\projects.php(1154): PDOStatement->execute(Array)\n#1 C:\\laragon\\www\\mbc-production', '{\"file\":\"C:\\\\laragon\\\\www\\\\mbc-production\\\\pages\\\\projects.php\",\"line\":1154,\"type\":1}', '::1', '2026-05-14 23:15:05'),
('13', '1', 'critical', 'Uncaught PDOException: SQLSTATE[HY093]: Invalid parameter number in C:\\laragon\\www\\mbc-production\\pages\\projects.php:1154\nStack trace:\n#0 C:\\laragon\\www\\mbc-production\\pages\\projects.php(1154): PDOStatement->execute(Array)\n#1 C:\\laragon\\www\\mbc-production', '{\"file\":\"C:\\\\laragon\\\\www\\\\mbc-production\\\\pages\\\\projects.php\",\"line\":1154,\"type\":1}', '::1', '2026-05-14 23:15:08'),
('14', '1', 'critical', 'Uncaught PDOException: SQLSTATE[HY093]: Invalid parameter number in C:\\laragon\\www\\mbc-production\\pages\\projects.php:1154\nStack trace:\n#0 C:\\laragon\\www\\mbc-production\\pages\\projects.php(1154): PDOStatement->execute(Array)\n#1 C:\\laragon\\www\\mbc-production', '{\"file\":\"C:\\\\laragon\\\\www\\\\mbc-production\\\\pages\\\\projects.php\",\"line\":1154,\"type\":1}', '::1', '2026-05-14 23:15:10'),
('15', '1', 'critical', 'Uncaught PDOException: SQLSTATE[HY093]: Invalid parameter number in C:\\laragon\\www\\mbc-production\\pages\\projects.php:1154\nStack trace:\n#0 C:\\laragon\\www\\mbc-production\\pages\\projects.php(1154): PDOStatement->execute(Array)\n#1 C:\\laragon\\www\\mbc-production', '{\"file\":\"C:\\\\laragon\\\\www\\\\mbc-production\\\\pages\\\\projects.php\",\"line\":1154,\"type\":1}', '::1', '2026-05-14 23:15:29'),
('16', '1', 'critical', 'Uncaught PDOException: SQLSTATE[HY093]: Invalid parameter number in C:\\laragon\\www\\mbc-production\\pages\\reports.php:108\nStack trace:\n#0 C:\\laragon\\www\\mbc-production\\pages\\reports.php(108): PDOStatement->execute(Array)\n#1 {main}\n  thrown', '{\"file\":\"C:\\\\laragon\\\\www\\\\mbc-production\\\\pages\\\\reports.php\",\"line\":108,\"type\":1}', '127.0.0.1', '2026-05-17 23:18:19'),
('17', '1', 'critical', 'Uncaught PDOException: SQLSTATE[HY093]: Invalid parameter number in C:\\laragon\\www\\mbc-production\\pages\\security.php:153\nStack trace:\n#0 C:\\laragon\\www\\mbc-production\\pages\\security.php(153): PDOStatement->execute(Array)\n#1 {main}\n  thrown', '{\"file\":\"C:\\\\laragon\\\\www\\\\mbc-production\\\\pages\\\\security.php\",\"line\":153,\"type\":1}', '127.0.0.1', '2026-05-17 23:18:21'),
('18', '1', 'critical', 'Uncaught PDOException: SQLSTATE[HY093]: Invalid parameter number in C:\\laragon\\www\\mbc-production\\pages\\security.php:118\nStack trace:\n#0 C:\\laragon\\www\\mbc-production\\pages\\security.php(118): PDOStatement->execute(Array)\n#1 {main}\n  thrown', '{\"file\":\"C:\\\\laragon\\\\www\\\\mbc-production\\\\pages\\\\security.php\",\"line\":118,\"type\":1}', '127.0.0.1', '2026-05-17 23:18:22'),
('19', '1', 'critical', 'Uncaught PDOException: SQLSTATE[HY093]: Invalid parameter number in C:\\laragon\\www\\mbc-production\\pages\\security.php:84\nStack trace:\n#0 C:\\laragon\\www\\mbc-production\\pages\\security.php(84): PDOStatement->execute(Array)\n#1 {main}\n  thrown', '{\"file\":\"C:\\\\laragon\\\\www\\\\mbc-production\\\\pages\\\\security.php\",\"line\":84,\"type\":1}', '127.0.0.1', '2026-05-17 23:18:24'),
('20', '1', 'critical', 'Uncaught PDOException: SQLSTATE[HY093]: Invalid parameter number in C:\\laragon\\www\\mbc-production\\pages\\security.php:52\nStack trace:\n#0 C:\\laragon\\www\\mbc-production\\pages\\security.php(52): PDOStatement->execute(Array)\n#1 {main}\n  thrown', '{\"file\":\"C:\\\\laragon\\\\www\\\\mbc-production\\\\pages\\\\security.php\",\"line\":52,\"type\":1}', '127.0.0.1', '2026-05-17 23:18:26'),
('21', '1', 'critical', 'Uncaught PDOException: SQLSTATE[HY093]: Invalid parameter number in C:\\laragon\\www\\mbc-production\\pages\\cashflow.php:107\nStack trace:\n#0 C:\\laragon\\www\\mbc-production\\pages\\cashflow.php(107): PDOStatement->execute(Array)\n#1 {main}\n  thrown', '{\"file\":\"C:\\\\laragon\\\\www\\\\mbc-production\\\\pages\\\\cashflow.php\",\"line\":107,\"type\":1}', '127.0.0.1', '2026-05-17 23:18:31'),
('22', '1', 'critical', 'Uncaught PDOException: SQLSTATE[HY093]: Invalid parameter number in C:\\laragon\\www\\mbc-production\\pages\\logbook.php:27\nStack trace:\n#0 C:\\laragon\\www\\mbc-production\\pages\\logbook.php(27): PDOStatement->execute(Array)\n#1 {main}\n  thrown', '{\"file\":\"C:\\\\laragon\\\\www\\\\mbc-production\\\\pages\\\\logbook.php\",\"line\":27,\"type\":1}', '127.0.0.1', '2026-05-17 23:18:33'),
('23', '1', 'critical', 'Uncaught PDOException: SQLSTATE[HY093]: Invalid parameter number in C:\\laragon\\www\\mbc-production\\pages\\reports.php:108\nStack trace:\n#0 C:\\laragon\\www\\mbc-production\\pages\\reports.php(108): PDOStatement->execute(Array)\n#1 {main}\n  thrown', '{\"file\":\"C:\\\\laragon\\\\www\\\\mbc-production\\\\pages\\\\reports.php\",\"line\":108,\"type\":1}', '127.0.0.1', '2026-05-17 23:18:58'),
('24', '1', 'critical', 'Uncaught PDOException: SQLSTATE[HY093]: Invalid parameter number in C:\\laragon\\www\\mbc-production\\pages\\security.php:153\nStack trace:\n#0 C:\\laragon\\www\\mbc-production\\pages\\security.php(153): PDOStatement->execute(Array)\n#1 {main}\n  thrown', '{\"file\":\"C:\\\\laragon\\\\www\\\\mbc-production\\\\pages\\\\security.php\",\"line\":153,\"type\":1}', '127.0.0.1', '2026-05-17 23:19:00'),
('25', '1', 'critical', 'Uncaught PDOException: SQLSTATE[HY093]: Invalid parameter number in C:\\laragon\\www\\mbc-production\\pages\\cashflow.php:107\nStack trace:\n#0 C:\\laragon\\www\\mbc-production\\pages\\cashflow.php(107): PDOStatement->execute(Array)\n#1 {main}\n  thrown', '{\"file\":\"C:\\\\laragon\\\\www\\\\mbc-production\\\\pages\\\\cashflow.php\",\"line\":107,\"type\":1}', '127.0.0.1', '2026-05-17 23:19:01'),
('26', '1', 'critical', 'Uncaught PDOException: SQLSTATE[HY093]: Invalid parameter number in C:\\laragon\\www\\mbc-production\\pages\\logbook.php:27\nStack trace:\n#0 C:\\laragon\\www\\mbc-production\\pages\\logbook.php(27): PDOStatement->execute(Array)\n#1 {main}\n  thrown', '{\"file\":\"C:\\\\laragon\\\\www\\\\mbc-production\\\\pages\\\\logbook.php\",\"line\":27,\"type\":1}', '127.0.0.1', '2026-05-17 23:19:03'),
('27', '1', 'critical', 'Uncaught PDOException: SQLSTATE[HY093]: Invalid parameter number in C:\\laragon\\www\\mbc-production\\pages\\cashflow.php:107\nStack trace:\n#0 C:\\laragon\\www\\mbc-production\\pages\\cashflow.php(107): PDOStatement->execute(Array)\n#1 C:\\laragon\\www\\mbc-production\\c', '{\"file\":\"C:\\\\laragon\\\\www\\\\mbc-production\\\\pages\\\\cashflow.php\",\"line\":107,\"type\":1}', '127.0.0.1', '2026-05-18 00:04:35'),
('28', '1', 'critical', 'Uncaught PDOException: SQLSTATE[HY093]: Invalid parameter number in C:\\laragon\\www\\mbc-production\\pages\\logbook.php:27\nStack trace:\n#0 C:\\laragon\\www\\mbc-production\\pages\\logbook.php(27): PDOStatement->execute(Array)\n#1 C:\\laragon\\www\\mbc-production\\logbo', '{\"file\":\"C:\\\\laragon\\\\www\\\\mbc-production\\\\pages\\\\logbook.php\",\"line\":27,\"type\":1}', '127.0.0.1', '2026-05-18 00:04:37'),
('29', '1', 'critical', 'Uncaught PDOException: SQLSTATE[HY093]: Invalid parameter number in C:\\laragon\\www\\mbc-production\\pages\\security.php:153\nStack trace:\n#0 C:\\laragon\\www\\mbc-production\\pages\\security.php(153): PDOStatement->execute(Array)\n#1 C:\\laragon\\www\\mbc-production\\s', '{\"file\":\"C:\\\\laragon\\\\www\\\\mbc-production\\\\pages\\\\security.php\",\"line\":153,\"type\":1}', '127.0.0.1', '2026-05-18 00:04:54'),
('30', '1', 'critical', 'Uncaught PDOException: SQLSTATE[HY093]: Invalid parameter number in C:\\laragon\\www\\mbc-production\\pages\\cashflow.php:107\nStack trace:\n#0 C:\\laragon\\www\\mbc-production\\pages\\cashflow.php(107): PDOStatement->execute(Array)\n#1 C:\\laragon\\www\\mbc-production\\c', '{\"file\":\"C:\\\\laragon\\\\www\\\\mbc-production\\\\pages\\\\cashflow.php\",\"line\":107,\"type\":1}', '127.0.0.1', '2026-05-18 00:05:21'),
('31', '1', 'critical', 'Uncaught PDOException: SQLSTATE[HY093]: Invalid parameter number in C:\\laragon\\www\\mbc-production\\pages\\logbook.php:27\nStack trace:\n#0 C:\\laragon\\www\\mbc-production\\pages\\logbook.php(27): PDOStatement->execute(Array)\n#1 C:\\laragon\\www\\mbc-production\\logbo', '{\"file\":\"C:\\\\laragon\\\\www\\\\mbc-production\\\\pages\\\\logbook.php\",\"line\":27,\"type\":1}', '127.0.0.1', '2026-05-18 00:05:23'),
('32', '1', 'critical', 'Uncaught PDOException: SQLSTATE[HY093]: Invalid parameter number in C:\\laragon\\www\\mbc-production\\pages\\security.php:153\nStack trace:\n#0 C:\\laragon\\www\\mbc-production\\pages\\security.php(153): PDOStatement->execute(Array)\n#1 C:\\laragon\\www\\mbc-production\\s', '{\"file\":\"C:\\\\laragon\\\\www\\\\mbc-production\\\\pages\\\\security.php\",\"line\":153,\"type\":1}', '127.0.0.1', '2026-05-18 00:05:25'),
('33', '1', 'critical', 'Uncaught PDOException: SQLSTATE[HY093]: Invalid parameter number in C:\\laragon\\www\\mbc-production\\pages\\security.php:153\nStack trace:\n#0 C:\\laragon\\www\\mbc-production\\pages\\security.php(153): PDOStatement->execute(Array)\n#1 C:\\laragon\\www\\mbc-production\\s', '{\"file\":\"C:\\\\laragon\\\\www\\\\mbc-production\\\\pages\\\\security.php\",\"line\":153,\"type\":1}', '127.0.0.1', '2026-05-18 00:06:08'),
('34', '1', 'critical', 'Uncaught PDOException: SQLSTATE[HY093]: Invalid parameter number in C:\\laragon\\www\\mbc-production\\pages\\security.php:153\nStack trace:\n#0 C:\\laragon\\www\\mbc-production\\pages\\security.php(153): PDOStatement->execute(Array)\n#1 C:\\laragon\\www\\mbc-production\\s', '{\"file\":\"C:\\\\laragon\\\\www\\\\mbc-production\\\\pages\\\\security.php\",\"line\":153,\"type\":1}', '127.0.0.1', '2026-05-18 00:06:10'),
('35', '1', 'critical', 'Uncaught PDOException: SQLSTATE[HY093]: Invalid parameter number in C:\\laragon\\www\\mbc-production\\pages\\security.php:84\nStack trace:\n#0 C:\\laragon\\www\\mbc-production\\pages\\security.php(84): PDOStatement->execute(Array)\n#1 C:\\laragon\\www\\mbc-production\\sec', '{\"file\":\"C:\\\\laragon\\\\www\\\\mbc-production\\\\pages\\\\security.php\",\"line\":84,\"type\":1}', '127.0.0.1', '2026-05-18 00:06:43'),
('36', '1', 'critical', 'Uncaught PDOException: SQLSTATE[HY093]: Invalid parameter number in C:\\laragon\\www\\mbc-production\\pages\\security.php:118\nStack trace:\n#0 C:\\laragon\\www\\mbc-production\\pages\\security.php(118): PDOStatement->execute(Array)\n#1 C:\\laragon\\www\\mbc-production\\s', '{\"file\":\"C:\\\\laragon\\\\www\\\\mbc-production\\\\pages\\\\security.php\",\"line\":118,\"type\":1}', '127.0.0.1', '2026-05-18 00:06:45'),
('37', '1', 'critical', 'Uncaught PDOException: SQLSTATE[HY093]: Invalid parameter number in C:\\laragon\\www\\mbc-production\\pages\\security.php:52\nStack trace:\n#0 C:\\laragon\\www\\mbc-production\\pages\\security.php(52): PDOStatement->execute(Array)\n#1 C:\\laragon\\www\\mbc-production\\sec', '{\"file\":\"C:\\\\laragon\\\\www\\\\mbc-production\\\\pages\\\\security.php\",\"line\":52,\"type\":1}', '127.0.0.1', '2026-05-18 00:06:47'),
('38', NULL, 'critical', 'Uncaught PDOException: SQLSTATE[42000]: Syntax error or access violation: 1064 You have an error in your SQL syntax; check the manual that corresponds to your MySQL server version for the right syntax to use near \'?\' at line 1 in Command line code:1\nStack', '{\"file\":\"Command line code\",\"line\":1,\"type\":1}', 'unknown', '2026-05-19 00:28:25'),
('39', '1', 'warning', 'Undefined variable $productCategoryOptions', '{\"file\":\"C:\\\\laragon\\\\www\\\\mbc-production\\\\pages\\\\products.php\",\"line\":1397,\"severity\":2}', '::1', '2026-05-19 10:22:16'),
('40', '1', 'warning', 'foreach() argument must be of type array|object, null given', '{\"file\":\"C:\\\\laragon\\\\www\\\\mbc-production\\\\pages\\\\products.php\",\"line\":1409,\"severity\":2}', '::1', '2026-05-19 10:22:16'),
('41', '1', 'warning', 'Undefined variable $productCategoryOptions', '{\"file\":\"C:\\\\laragon\\\\www\\\\mbc-production\\\\pages\\\\products.php\",\"line\":1397,\"severity\":2}', '::1', '2026-05-19 10:22:16'),
('42', '1', 'warning', 'foreach() argument must be of type array|object, null given', '{\"file\":\"C:\\\\laragon\\\\www\\\\mbc-production\\\\pages\\\\products.php\",\"line\":1409,\"severity\":2}', '::1', '2026-05-19 10:22:16'),
('43', '1', 'warning', 'Undefined variable $productCategoryOptions', '{\"file\":\"C:\\\\laragon\\\\www\\\\mbc-production\\\\pages\\\\products.php\",\"line\":1397,\"severity\":2}', '::1', '2026-05-19 10:22:16'),
('44', '1', 'warning', 'foreach() argument must be of type array|object, null given', '{\"file\":\"C:\\\\laragon\\\\www\\\\mbc-production\\\\pages\\\\products.php\",\"line\":1409,\"severity\":2}', '::1', '2026-05-19 10:22:16'),
('45', '1', 'warning', 'Undefined variable $productCategoryOptions', '{\"file\":\"C:\\\\laragon\\\\www\\\\mbc-production\\\\pages\\\\products.php\",\"line\":1397,\"severity\":2}', '::1', '2026-05-19 10:22:16'),
('46', '1', 'warning', 'foreach() argument must be of type array|object, null given', '{\"file\":\"C:\\\\laragon\\\\www\\\\mbc-production\\\\pages\\\\products.php\",\"line\":1409,\"severity\":2}', '::1', '2026-05-19 10:22:16'),
('47', '1', 'warning', 'Undefined variable $productCategoryOptions', '{\"file\":\"C:\\\\laragon\\\\www\\\\mbc-production\\\\pages\\\\products.php\",\"line\":1397,\"severity\":2}', '::1', '2026-05-19 10:22:16'),
('48', '1', 'warning', 'foreach() argument must be of type array|object, null given', '{\"file\":\"C:\\\\laragon\\\\www\\\\mbc-production\\\\pages\\\\products.php\",\"line\":1409,\"severity\":2}', '::1', '2026-05-19 10:22:16'),
('49', '1', 'warning', 'Undefined variable $productCategoryOptions', '{\"file\":\"C:\\\\laragon\\\\www\\\\mbc-production\\\\pages\\\\products.php\",\"line\":1397,\"severity\":2}', '::1', '2026-05-19 10:22:16'),
('50', '1', 'warning', 'foreach() argument must be of type array|object, null given', '{\"file\":\"C:\\\\laragon\\\\www\\\\mbc-production\\\\pages\\\\products.php\",\"line\":1409,\"severity\":2}', '::1', '2026-05-19 10:22:16'),
('51', '1', 'warning', 'Undefined variable $productCategoryOptions', '{\"file\":\"C:\\\\laragon\\\\www\\\\mbc-production\\\\pages\\\\products.php\",\"line\":1397,\"severity\":2}', '::1', '2026-05-19 10:22:16'),
('52', '1', 'warning', 'foreach() argument must be of type array|object, null given', '{\"file\":\"C:\\\\laragon\\\\www\\\\mbc-production\\\\pages\\\\products.php\",\"line\":1409,\"severity\":2}', '::1', '2026-05-19 10:22:16'),
('53', '1', 'warning', 'Undefined variable $productCategoryOptions', '{\"file\":\"C:\\\\laragon\\\\www\\\\mbc-production\\\\pages\\\\products.php\",\"line\":1397,\"severity\":2}', '::1', '2026-05-19 10:22:16'),
('54', '1', 'warning', 'foreach() argument must be of type array|object, null given', '{\"file\":\"C:\\\\laragon\\\\www\\\\mbc-production\\\\pages\\\\products.php\",\"line\":1409,\"severity\":2}', '::1', '2026-05-19 10:22:16'),
('55', '1', 'warning', 'Undefined variable $productCategoryOptions', '{\"file\":\"C:\\\\laragon\\\\www\\\\mbc-production\\\\pages\\\\products.php\",\"line\":1397,\"severity\":2}', '::1', '2026-05-19 10:22:16'),
('56', '1', 'warning', 'foreach() argument must be of type array|object, null given', '{\"file\":\"C:\\\\laragon\\\\www\\\\mbc-production\\\\pages\\\\products.php\",\"line\":1409,\"severity\":2}', '::1', '2026-05-19 10:22:16'),
('57', '1', 'warning', 'Undefined variable $productCategoryOptions', '{\"file\":\"C:\\\\laragon\\\\www\\\\mbc-production\\\\pages\\\\products.php\",\"line\":1397,\"severity\":2}', '::1', '2026-05-19 10:22:16'),
('58', '1', 'warning', 'foreach() argument must be of type array|object, null given', '{\"file\":\"C:\\\\laragon\\\\www\\\\mbc-production\\\\pages\\\\products.php\",\"line\":1409,\"severity\":2}', '::1', '2026-05-19 10:22:16'),
('59', '1', 'warning', 'Undefined variable $productCategoryOptions', '{\"file\":\"C:\\\\laragon\\\\www\\\\mbc-production\\\\pages\\\\products.php\",\"line\":1397,\"severity\":2}', '::1', '2026-05-19 10:22:16'),
('60', '1', 'warning', 'foreach() argument must be of type array|object, null given', '{\"file\":\"C:\\\\laragon\\\\www\\\\mbc-production\\\\pages\\\\products.php\",\"line\":1409,\"severity\":2}', '::1', '2026-05-19 10:22:16'),
('61', '1', 'warning', 'Undefined variable $productCategoryOptions', '{\"file\":\"C:\\\\laragon\\\\www\\\\mbc-production\\\\pages\\\\products.php\",\"line\":1397,\"severity\":2}', '::1', '2026-05-19 10:22:16'),
('62', '1', 'warning', 'foreach() argument must be of type array|object, null given', '{\"file\":\"C:\\\\laragon\\\\www\\\\mbc-production\\\\pages\\\\products.php\",\"line\":1409,\"severity\":2}', '::1', '2026-05-19 10:22:16'),
('63', '1', 'warning', 'Undefined variable $productCategoryOptions', '{\"file\":\"C:\\\\laragon\\\\www\\\\mbc-production\\\\pages\\\\products.php\",\"line\":1397,\"severity\":2}', '::1', '2026-05-19 10:22:16'),
('64', '1', 'warning', 'foreach() argument must be of type array|object, null given', '{\"file\":\"C:\\\\laragon\\\\www\\\\mbc-production\\\\pages\\\\products.php\",\"line\":1409,\"severity\":2}', '::1', '2026-05-19 10:22:16'),
('65', '1', 'warning', 'Undefined variable $productCategoryOptions', '{\"file\":\"C:\\\\laragon\\\\www\\\\mbc-production\\\\pages\\\\products.php\",\"line\":1397,\"severity\":2}', '::1', '2026-05-19 10:22:16'),
('66', '1', 'warning', 'foreach() argument must be of type array|object, null given', '{\"file\":\"C:\\\\laragon\\\\www\\\\mbc-production\\\\pages\\\\products.php\",\"line\":1409,\"severity\":2}', '::1', '2026-05-19 10:22:16'),
('67', '1', 'warning', 'Undefined variable $productCategoryOptions', '{\"file\":\"C:\\\\laragon\\\\www\\\\mbc-production\\\\pages\\\\products.php\",\"line\":1397,\"severity\":2}', '::1', '2026-05-19 10:22:16'),
('68', '1', 'warning', 'foreach() argument must be of type array|object, null given', '{\"file\":\"C:\\\\laragon\\\\www\\\\mbc-production\\\\pages\\\\products.php\",\"line\":1409,\"severity\":2}', '::1', '2026-05-19 10:22:16'),
('69', '1', 'warning', 'Undefined variable $productCategoryOptions', '{\"file\":\"C:\\\\laragon\\\\www\\\\mbc-production\\\\pages\\\\products.php\",\"line\":1397,\"severity\":2}', '::1', '2026-05-19 10:22:16'),
('70', '1', 'warning', 'foreach() argument must be of type array|object, null given', '{\"file\":\"C:\\\\laragon\\\\www\\\\mbc-production\\\\pages\\\\products.php\",\"line\":1409,\"severity\":2}', '::1', '2026-05-19 10:22:16'),
('71', '1', 'warning', 'Undefined variable $productCategoryOptions', '{\"file\":\"C:\\\\laragon\\\\www\\\\mbc-production\\\\pages\\\\products.php\",\"line\":1397,\"severity\":2}', '::1', '2026-05-19 10:22:16'),
('72', '1', 'warning', 'foreach() argument must be of type array|object, null given', '{\"file\":\"C:\\\\laragon\\\\www\\\\mbc-production\\\\pages\\\\products.php\",\"line\":1409,\"severity\":2}', '::1', '2026-05-19 10:22:16'),
('73', '1', 'warning', 'Undefined variable $productCategoryOptions', '{\"file\":\"C:\\\\laragon\\\\www\\\\mbc-production\\\\pages\\\\products.php\",\"line\":1397,\"severity\":2}', '::1', '2026-05-19 10:22:16'),
('74', '1', 'warning', 'foreach() argument must be of type array|object, null given', '{\"file\":\"C:\\\\laragon\\\\www\\\\mbc-production\\\\pages\\\\products.php\",\"line\":1409,\"severity\":2}', '::1', '2026-05-19 10:22:16'),
('75', '1', 'warning', 'Undefined variable $productCategoryOptions', '{\"file\":\"C:\\\\laragon\\\\www\\\\mbc-production\\\\pages\\\\products.php\",\"line\":1397,\"severity\":2}', '::1', '2026-05-19 10:22:16'),
('76', '1', 'warning', 'foreach() argument must be of type array|object, null given', '{\"file\":\"C:\\\\laragon\\\\www\\\\mbc-production\\\\pages\\\\products.php\",\"line\":1409,\"severity\":2}', '::1', '2026-05-19 10:22:16'),
('77', '1', 'warning', 'Undefined variable $productCategoryOptions', '{\"file\":\"C:\\\\laragon\\\\www\\\\mbc-production\\\\pages\\\\products.php\",\"line\":1397,\"severity\":2}', '::1', '2026-05-19 10:22:16'),
('78', '1', 'warning', 'foreach() argument must be of type array|object, null given', '{\"file\":\"C:\\\\laragon\\\\www\\\\mbc-production\\\\pages\\\\products.php\",\"line\":1409,\"severity\":2}', '::1', '2026-05-19 10:22:16'),
('79', '1', 'warning', 'Undefined variable $productCategoryOptions', '{\"file\":\"C:\\\\laragon\\\\www\\\\mbc-production\\\\pages\\\\products.php\",\"line\":1397,\"severity\":2}', '::1', '2026-05-19 16:08:42'),
('80', '1', 'warning', 'foreach() argument must be of type array|object, null given', '{\"file\":\"C:\\\\laragon\\\\www\\\\mbc-production\\\\pages\\\\products.php\",\"line\":1409,\"severity\":2}', '::1', '2026-05-19 16:08:42'),
('81', '1', 'warning', 'Undefined variable $productCategoryOptions', '{\"file\":\"C:\\\\laragon\\\\www\\\\mbc-production\\\\pages\\\\products.php\",\"line\":1397,\"severity\":2}', '::1', '2026-05-19 16:08:42'),
('82', '1', 'warning', 'foreach() argument must be of type array|object, null given', '{\"file\":\"C:\\\\laragon\\\\www\\\\mbc-production\\\\pages\\\\products.php\",\"line\":1409,\"severity\":2}', '::1', '2026-05-19 16:08:42'),
('83', '1', 'warning', 'Undefined variable $productCategoryOptions', '{\"file\":\"C:\\\\laragon\\\\www\\\\mbc-production\\\\pages\\\\products.php\",\"line\":1397,\"severity\":2}', '::1', '2026-05-19 16:08:42'),
('84', '1', 'warning', 'foreach() argument must be of type array|object, null given', '{\"file\":\"C:\\\\laragon\\\\www\\\\mbc-production\\\\pages\\\\products.php\",\"line\":1409,\"severity\":2}', '::1', '2026-05-19 16:08:42'),
('85', '1', 'warning', 'Undefined variable $productCategoryOptions', '{\"file\":\"C:\\\\laragon\\\\www\\\\mbc-production\\\\pages\\\\products.php\",\"line\":1397,\"severity\":2}', '::1', '2026-05-19 16:08:42'),
('86', '1', 'warning', 'foreach() argument must be of type array|object, null given', '{\"file\":\"C:\\\\laragon\\\\www\\\\mbc-production\\\\pages\\\\products.php\",\"line\":1409,\"severity\":2}', '::1', '2026-05-19 16:08:42'),
('87', '1', 'warning', 'Undefined variable $productCategoryOptions', '{\"file\":\"C:\\\\laragon\\\\www\\\\mbc-production\\\\pages\\\\products.php\",\"line\":1397,\"severity\":2}', '::1', '2026-05-19 16:08:42'),
('88', '1', 'warning', 'foreach() argument must be of type array|object, null given', '{\"file\":\"C:\\\\laragon\\\\www\\\\mbc-production\\\\pages\\\\products.php\",\"line\":1409,\"severity\":2}', '::1', '2026-05-19 16:08:42'),
('89', '1', 'warning', 'Undefined variable $productCategoryOptions', '{\"file\":\"C:\\\\laragon\\\\www\\\\mbc-production\\\\pages\\\\products.php\",\"line\":1397,\"severity\":2}', '::1', '2026-05-19 16:08:42'),
('90', '1', 'warning', 'foreach() argument must be of type array|object, null given', '{\"file\":\"C:\\\\laragon\\\\www\\\\mbc-production\\\\pages\\\\products.php\",\"line\":1409,\"severity\":2}', '::1', '2026-05-19 16:08:42'),
('91', '1', 'warning', 'Undefined variable $productCategoryOptions', '{\"file\":\"C:\\\\laragon\\\\www\\\\mbc-production\\\\pages\\\\products.php\",\"line\":1397,\"severity\":2}', '::1', '2026-05-19 16:08:42'),
('92', '1', 'warning', 'foreach() argument must be of type array|object, null given', '{\"file\":\"C:\\\\laragon\\\\www\\\\mbc-production\\\\pages\\\\products.php\",\"line\":1409,\"severity\":2}', '::1', '2026-05-19 16:08:42'),
('93', '1', 'warning', 'Undefined variable $productCategoryOptions', '{\"file\":\"C:\\\\laragon\\\\www\\\\mbc-production\\\\pages\\\\products.php\",\"line\":1397,\"severity\":2}', '::1', '2026-05-19 16:08:42'),
('94', '1', 'warning', 'foreach() argument must be of type array|object, null given', '{\"file\":\"C:\\\\laragon\\\\www\\\\mbc-production\\\\pages\\\\products.php\",\"line\":1409,\"severity\":2}', '::1', '2026-05-19 16:08:42'),
('95', '1', 'warning', 'Undefined variable $productCategoryOptions', '{\"file\":\"C:\\\\laragon\\\\www\\\\mbc-production\\\\pages\\\\products.php\",\"line\":1397,\"severity\":2}', '::1', '2026-05-19 16:08:42'),
('96', '1', 'warning', 'foreach() argument must be of type array|object, null given', '{\"file\":\"C:\\\\laragon\\\\www\\\\mbc-production\\\\pages\\\\products.php\",\"line\":1409,\"severity\":2}', '::1', '2026-05-19 16:08:42'),
('97', '1', 'warning', 'Undefined variable $productCategoryOptions', '{\"file\":\"C:\\\\laragon\\\\www\\\\mbc-production\\\\pages\\\\products.php\",\"line\":1397,\"severity\":2}', '::1', '2026-05-19 16:08:42'),
('98', '1', 'warning', 'foreach() argument must be of type array|object, null given', '{\"file\":\"C:\\\\laragon\\\\www\\\\mbc-production\\\\pages\\\\products.php\",\"line\":1409,\"severity\":2}', '::1', '2026-05-19 16:08:42'),
('99', '1', 'warning', 'Undefined variable $productCategoryOptions', '{\"file\":\"C:\\\\laragon\\\\www\\\\mbc-production\\\\pages\\\\products.php\",\"line\":1397,\"severity\":2}', '::1', '2026-05-19 16:08:42'),
('100', '1', 'warning', 'foreach() argument must be of type array|object, null given', '{\"file\":\"C:\\\\laragon\\\\www\\\\mbc-production\\\\pages\\\\products.php\",\"line\":1409,\"severity\":2}', '::1', '2026-05-19 16:08:42'),
('101', '1', 'warning', 'Undefined variable $productCategoryOptions', '{\"file\":\"C:\\\\laragon\\\\www\\\\mbc-production\\\\pages\\\\products.php\",\"line\":1397,\"severity\":2}', '::1', '2026-05-19 16:08:42'),
('102', '1', 'warning', 'foreach() argument must be of type array|object, null given', '{\"file\":\"C:\\\\laragon\\\\www\\\\mbc-production\\\\pages\\\\products.php\",\"line\":1409,\"severity\":2}', '::1', '2026-05-19 16:08:42'),
('103', '1', 'warning', 'Undefined variable $productCategoryOptions', '{\"file\":\"C:\\\\laragon\\\\www\\\\mbc-production\\\\pages\\\\products.php\",\"line\":1397,\"severity\":2}', '::1', '2026-05-19 16:08:42'),
('104', '1', 'warning', 'foreach() argument must be of type array|object, null given', '{\"file\":\"C:\\\\laragon\\\\www\\\\mbc-production\\\\pages\\\\products.php\",\"line\":1409,\"severity\":2}', '::1', '2026-05-19 16:08:42'),
('105', '1', 'warning', 'Undefined variable $productCategoryOptions', '{\"file\":\"C:\\\\laragon\\\\www\\\\mbc-production\\\\pages\\\\products.php\",\"line\":1397,\"severity\":2}', '::1', '2026-05-19 16:08:42'),
('106', '1', 'warning', 'foreach() argument must be of type array|object, null given', '{\"file\":\"C:\\\\laragon\\\\www\\\\mbc-production\\\\pages\\\\products.php\",\"line\":1409,\"severity\":2}', '::1', '2026-05-19 16:08:42'),
('107', '1', 'warning', 'Undefined variable $productCategoryOptions', '{\"file\":\"C:\\\\laragon\\\\www\\\\mbc-production\\\\pages\\\\products.php\",\"line\":1397,\"severity\":2}', '::1', '2026-05-19 16:08:42'),
('108', '1', 'warning', 'foreach() argument must be of type array|object, null given', '{\"file\":\"C:\\\\laragon\\\\www\\\\mbc-production\\\\pages\\\\products.php\",\"line\":1409,\"severity\":2}', '::1', '2026-05-19 16:08:42'),
('109', '1', 'warning', 'Undefined variable $productCategoryOptions', '{\"file\":\"C:\\\\laragon\\\\www\\\\mbc-production\\\\pages\\\\products.php\",\"line\":1397,\"severity\":2}', '::1', '2026-05-19 16:08:42'),
('110', '1', 'warning', 'foreach() argument must be of type array|object, null given', '{\"file\":\"C:\\\\laragon\\\\www\\\\mbc-production\\\\pages\\\\products.php\",\"line\":1409,\"severity\":2}', '::1', '2026-05-19 16:08:42'),
('111', '1', 'warning', 'Undefined variable $productCategoryOptions', '{\"file\":\"C:\\\\laragon\\\\www\\\\mbc-production\\\\pages\\\\products.php\",\"line\":1397,\"severity\":2}', '::1', '2026-05-19 16:08:42'),
('112', '1', 'warning', 'foreach() argument must be of type array|object, null given', '{\"file\":\"C:\\\\laragon\\\\www\\\\mbc-production\\\\pages\\\\products.php\",\"line\":1409,\"severity\":2}', '::1', '2026-05-19 16:08:42'),
('113', '1', 'warning', 'Undefined variable $productCategoryOptions', '{\"file\":\"C:\\\\laragon\\\\www\\\\mbc-production\\\\pages\\\\products.php\",\"line\":1397,\"severity\":2}', '::1', '2026-05-19 16:08:42'),
('114', '1', 'warning', 'foreach() argument must be of type array|object, null given', '{\"file\":\"C:\\\\laragon\\\\www\\\\mbc-production\\\\pages\\\\products.php\",\"line\":1409,\"severity\":2}', '::1', '2026-05-19 16:08:42'),
('115', '1', 'warning', 'Undefined variable $productCategoryOptions', '{\"file\":\"C:\\\\laragon\\\\www\\\\mbc-production\\\\pages\\\\products.php\",\"line\":1397,\"severity\":2}', '::1', '2026-05-19 16:08:42'),
('116', '1', 'warning', 'foreach() argument must be of type array|object, null given', '{\"file\":\"C:\\\\laragon\\\\www\\\\mbc-production\\\\pages\\\\products.php\",\"line\":1409,\"severity\":2}', '::1', '2026-05-19 16:08:42'),
('117', '1', 'warning', 'Undefined variable $productCategoryOptions', '{\"file\":\"C:\\\\laragon\\\\www\\\\mbc-production\\\\pages\\\\products.php\",\"line\":1397,\"severity\":2}', '::1', '2026-05-19 16:08:42'),
('118', '1', 'warning', 'foreach() argument must be of type array|object, null given', '{\"file\":\"C:\\\\laragon\\\\www\\\\mbc-production\\\\pages\\\\products.php\",\"line\":1409,\"severity\":2}', '::1', '2026-05-19 16:08:42'),
('119', '1', 'warning', 'Undefined variable $productCategoryOptions', '{\"file\":\"C:\\\\laragon\\\\www\\\\mbc-production\\\\pages\\\\products.php\",\"line\":1389,\"severity\":2}', '::1', '2026-05-19 16:23:49'),
('120', '1', 'warning', 'foreach() argument must be of type array|object, null given', '{\"file\":\"C:\\\\laragon\\\\www\\\\mbc-production\\\\pages\\\\products.php\",\"line\":1401,\"severity\":2}', '::1', '2026-05-19 16:23:49'),
('121', '1', 'warning', 'Undefined variable $productCategoryOptions', '{\"file\":\"C:\\\\laragon\\\\www\\\\mbc-production\\\\pages\\\\products.php\",\"line\":1389,\"severity\":2}', '::1', '2026-05-19 16:23:49'),
('122', '1', 'warning', 'foreach() argument must be of type array|object, null given', '{\"file\":\"C:\\\\laragon\\\\www\\\\mbc-production\\\\pages\\\\products.php\",\"line\":1401,\"severity\":2}', '::1', '2026-05-19 16:23:49'),
('123', '1', 'warning', 'Undefined variable $productCategoryOptions', '{\"file\":\"C:\\\\laragon\\\\www\\\\mbc-production\\\\pages\\\\products.php\",\"line\":1389,\"severity\":2}', '::1', '2026-05-19 16:23:49'),
('124', '1', 'warning', 'foreach() argument must be of type array|object, null given', '{\"file\":\"C:\\\\laragon\\\\www\\\\mbc-production\\\\pages\\\\products.php\",\"line\":1401,\"severity\":2}', '::1', '2026-05-19 16:23:49'),
('125', '1', 'warning', 'Undefined variable $productCategoryOptions', '{\"file\":\"C:\\\\laragon\\\\www\\\\mbc-production\\\\pages\\\\products.php\",\"line\":1389,\"severity\":2}', '::1', '2026-05-19 16:23:49'),
('126', '1', 'warning', 'foreach() argument must be of type array|object, null given', '{\"file\":\"C:\\\\laragon\\\\www\\\\mbc-production\\\\pages\\\\products.php\",\"line\":1401,\"severity\":2}', '::1', '2026-05-19 16:23:49'),
('127', '1', 'warning', 'Undefined variable $productCategoryOptions', '{\"file\":\"C:\\\\laragon\\\\www\\\\mbc-production\\\\pages\\\\products.php\",\"line\":1389,\"severity\":2}', '::1', '2026-05-19 16:23:49'),
('128', '1', 'warning', 'foreach() argument must be of type array|object, null given', '{\"file\":\"C:\\\\laragon\\\\www\\\\mbc-production\\\\pages\\\\products.php\",\"line\":1401,\"severity\":2}', '::1', '2026-05-19 16:23:49'),
('129', '1', 'warning', 'Undefined variable $productCategoryOptions', '{\"file\":\"C:\\\\laragon\\\\www\\\\mbc-production\\\\pages\\\\products.php\",\"line\":1389,\"severity\":2}', '::1', '2026-05-19 16:23:49'),
('130', '1', 'warning', 'foreach() argument must be of type array|object, null given', '{\"file\":\"C:\\\\laragon\\\\www\\\\mbc-production\\\\pages\\\\products.php\",\"line\":1401,\"severity\":2}', '::1', '2026-05-19 16:23:49'),
('131', '1', 'warning', 'Undefined variable $productCategoryOptions', '{\"file\":\"C:\\\\laragon\\\\www\\\\mbc-production\\\\pages\\\\products.php\",\"line\":1389,\"severity\":2}', '::1', '2026-05-19 16:23:49'),
('132', '1', 'warning', 'foreach() argument must be of type array|object, null given', '{\"file\":\"C:\\\\laragon\\\\www\\\\mbc-production\\\\pages\\\\products.php\",\"line\":1401,\"severity\":2}', '::1', '2026-05-19 16:23:49'),
('133', '1', 'warning', 'Undefined variable $productCategoryOptions', '{\"file\":\"C:\\\\laragon\\\\www\\\\mbc-production\\\\pages\\\\products.php\",\"line\":1389,\"severity\":2}', '::1', '2026-05-19 16:23:49'),
('134', '1', 'warning', 'foreach() argument must be of type array|object, null given', '{\"file\":\"C:\\\\laragon\\\\www\\\\mbc-production\\\\pages\\\\products.php\",\"line\":1401,\"severity\":2}', '::1', '2026-05-19 16:23:49'),
('135', '1', 'warning', 'Undefined variable $productCategoryOptions', '{\"file\":\"C:\\\\laragon\\\\www\\\\mbc-production\\\\pages\\\\products.php\",\"line\":1389,\"severity\":2}', '::1', '2026-05-19 16:23:49'),
('136', '1', 'warning', 'foreach() argument must be of type array|object, null given', '{\"file\":\"C:\\\\laragon\\\\www\\\\mbc-production\\\\pages\\\\products.php\",\"line\":1401,\"severity\":2}', '::1', '2026-05-19 16:23:49'),
('137', '1', 'warning', 'Undefined variable $productCategoryOptions', '{\"file\":\"C:\\\\laragon\\\\www\\\\mbc-production\\\\pages\\\\products.php\",\"line\":1389,\"severity\":2}', '::1', '2026-05-19 16:23:49'),
('138', '1', 'warning', 'foreach() argument must be of type array|object, null given', '{\"file\":\"C:\\\\laragon\\\\www\\\\mbc-production\\\\pages\\\\products.php\",\"line\":1401,\"severity\":2}', '::1', '2026-05-19 16:23:49'),
('139', '1', 'warning', 'Undefined variable $productCategoryOptions', '{\"file\":\"C:\\\\laragon\\\\www\\\\mbc-production\\\\pages\\\\products.php\",\"line\":1389,\"severity\":2}', '::1', '2026-05-19 16:23:49'),
('140', '1', 'warning', 'foreach() argument must be of type array|object, null given', '{\"file\":\"C:\\\\laragon\\\\www\\\\mbc-production\\\\pages\\\\products.php\",\"line\":1401,\"severity\":2}', '::1', '2026-05-19 16:23:49'),
('141', '1', 'warning', 'Undefined variable $productCategoryOptions', '{\"file\":\"C:\\\\laragon\\\\www\\\\mbc-production\\\\pages\\\\products.php\",\"line\":1389,\"severity\":2}', '::1', '2026-05-19 16:23:49'),
('142', '1', 'warning', 'foreach() argument must be of type array|object, null given', '{\"file\":\"C:\\\\laragon\\\\www\\\\mbc-production\\\\pages\\\\products.php\",\"line\":1401,\"severity\":2}', '::1', '2026-05-19 16:23:49'),
('143', '1', 'warning', 'Undefined variable $productCategoryOptions', '{\"file\":\"C:\\\\laragon\\\\www\\\\mbc-production\\\\pages\\\\products.php\",\"line\":1389,\"severity\":2}', '::1', '2026-05-19 16:23:49'),
('144', '1', 'warning', 'foreach() argument must be of type array|object, null given', '{\"file\":\"C:\\\\laragon\\\\www\\\\mbc-production\\\\pages\\\\products.php\",\"line\":1401,\"severity\":2}', '::1', '2026-05-19 16:23:49'),
('145', '1', 'warning', 'Undefined variable $productCategoryOptions', '{\"file\":\"C:\\\\laragon\\\\www\\\\mbc-production\\\\pages\\\\products.php\",\"line\":1389,\"severity\":2}', '::1', '2026-05-19 16:23:49'),
('146', '1', 'warning', 'foreach() argument must be of type array|object, null given', '{\"file\":\"C:\\\\laragon\\\\www\\\\mbc-production\\\\pages\\\\products.php\",\"line\":1401,\"severity\":2}', '::1', '2026-05-19 16:23:49'),
('147', '1', 'warning', 'Undefined variable $productCategoryOptions', '{\"file\":\"C:\\\\laragon\\\\www\\\\mbc-production\\\\pages\\\\products.php\",\"line\":1389,\"severity\":2}', '::1', '2026-05-19 16:23:49'),
('148', '1', 'warning', 'foreach() argument must be of type array|object, null given', '{\"file\":\"C:\\\\laragon\\\\www\\\\mbc-production\\\\pages\\\\products.php\",\"line\":1401,\"severity\":2}', '::1', '2026-05-19 16:23:49'),
('149', '1', 'warning', 'Undefined variable $productCategoryOptions', '{\"file\":\"C:\\\\laragon\\\\www\\\\mbc-production\\\\pages\\\\products.php\",\"line\":1389,\"severity\":2}', '::1', '2026-05-19 16:23:49'),
('150', '1', 'warning', 'foreach() argument must be of type array|object, null given', '{\"file\":\"C:\\\\laragon\\\\www\\\\mbc-production\\\\pages\\\\products.php\",\"line\":1401,\"severity\":2}', '::1', '2026-05-19 16:23:49'),
('151', '1', 'warning', 'Undefined variable $productCategoryOptions', '{\"file\":\"C:\\\\laragon\\\\www\\\\mbc-production\\\\pages\\\\products.php\",\"line\":1389,\"severity\":2}', '::1', '2026-05-19 16:23:49'),
('152', '1', 'warning', 'foreach() argument must be of type array|object, null given', '{\"file\":\"C:\\\\laragon\\\\www\\\\mbc-production\\\\pages\\\\products.php\",\"line\":1401,\"severity\":2}', '::1', '2026-05-19 16:23:49'),
('153', '1', 'warning', 'Undefined variable $productCategoryOptions', '{\"file\":\"C:\\\\laragon\\\\www\\\\mbc-production\\\\pages\\\\products.php\",\"line\":1389,\"severity\":2}', '::1', '2026-05-19 16:23:49'),
('154', '1', 'warning', 'foreach() argument must be of type array|object, null given', '{\"file\":\"C:\\\\laragon\\\\www\\\\mbc-production\\\\pages\\\\products.php\",\"line\":1401,\"severity\":2}', '::1', '2026-05-19 16:23:49'),
('155', '1', 'warning', 'Undefined variable $productCategoryOptions', '{\"file\":\"C:\\\\laragon\\\\www\\\\mbc-production\\\\pages\\\\products.php\",\"line\":1389,\"severity\":2}', '::1', '2026-05-19 16:23:50'),
('156', '1', 'warning', 'foreach() argument must be of type array|object, null given', '{\"file\":\"C:\\\\laragon\\\\www\\\\mbc-production\\\\pages\\\\products.php\",\"line\":1401,\"severity\":2}', '::1', '2026-05-19 16:23:50'),
('157', '1', 'warning', 'Undefined variable $productCategoryOptions', '{\"file\":\"C:\\\\laragon\\\\www\\\\mbc-production\\\\pages\\\\products.php\",\"line\":1389,\"severity\":2}', '::1', '2026-05-19 16:23:50'),
('158', '1', 'warning', 'foreach() argument must be of type array|object, null given', '{\"file\":\"C:\\\\laragon\\\\www\\\\mbc-production\\\\pages\\\\products.php\",\"line\":1401,\"severity\":2}', '::1', '2026-05-19 16:23:50'),
('159', '1', 'warning', 'Undefined variable $productCategoryOptions', '{\"file\":\"C:\\\\laragon\\\\www\\\\mbc-production\\\\pages\\\\products.php\",\"line\":1281,\"severity\":2}', '::1', '2026-05-19 16:36:38'),
('160', '1', 'warning', 'foreach() argument must be of type array|object, null given', '{\"file\":\"C:\\\\laragon\\\\www\\\\mbc-production\\\\pages\\\\products.php\",\"line\":1293,\"severity\":2}', '::1', '2026-05-19 16:36:38'),
('161', '1', 'warning', 'Undefined variable $productCategoryOptions', '{\"file\":\"C:\\\\laragon\\\\www\\\\mbc-production\\\\pages\\\\products.php\",\"line\":1281,\"severity\":2}', '::1', '2026-05-19 16:36:38'),
('162', '1', 'warning', 'foreach() argument must be of type array|object, null given', '{\"file\":\"C:\\\\laragon\\\\www\\\\mbc-production\\\\pages\\\\products.php\",\"line\":1293,\"severity\":2}', '::1', '2026-05-19 16:36:38'),
('163', '1', 'warning', 'Undefined variable $productCategoryOptions', '{\"file\":\"C:\\\\laragon\\\\www\\\\mbc-production\\\\pages\\\\products.php\",\"line\":1281,\"severity\":2}', '::1', '2026-05-19 16:36:38'),
('164', '1', 'warning', 'foreach() argument must be of type array|object, null given', '{\"file\":\"C:\\\\laragon\\\\www\\\\mbc-production\\\\pages\\\\products.php\",\"line\":1293,\"severity\":2}', '::1', '2026-05-19 16:36:38'),
('165', '1', 'warning', 'Undefined variable $productCategoryOptions', '{\"file\":\"C:\\\\laragon\\\\www\\\\mbc-production\\\\pages\\\\products.php\",\"line\":1281,\"severity\":2}', '::1', '2026-05-19 16:36:38'),
('166', '1', 'warning', 'foreach() argument must be of type array|object, null given', '{\"file\":\"C:\\\\laragon\\\\www\\\\mbc-production\\\\pages\\\\products.php\",\"line\":1293,\"severity\":2}', '::1', '2026-05-19 16:36:38'),
('167', '1', 'warning', 'Undefined variable $productCategoryOptions', '{\"file\":\"C:\\\\laragon\\\\www\\\\mbc-production\\\\pages\\\\products.php\",\"line\":1281,\"severity\":2}', '::1', '2026-05-19 16:36:38'),
('168', '1', 'warning', 'foreach() argument must be of type array|object, null given', '{\"file\":\"C:\\\\laragon\\\\www\\\\mbc-production\\\\pages\\\\products.php\",\"line\":1293,\"severity\":2}', '::1', '2026-05-19 16:36:38'),
('169', '1', 'warning', 'Undefined variable $productCategoryOptions', '{\"file\":\"C:\\\\laragon\\\\www\\\\mbc-production\\\\pages\\\\products.php\",\"line\":1281,\"severity\":2}', '::1', '2026-05-19 16:36:38'),
('170', '1', 'warning', 'foreach() argument must be of type array|object, null given', '{\"file\":\"C:\\\\laragon\\\\www\\\\mbc-production\\\\pages\\\\products.php\",\"line\":1293,\"severity\":2}', '::1', '2026-05-19 16:36:38'),
('171', '1', 'warning', 'Undefined variable $productCategoryOptions', '{\"file\":\"C:\\\\laragon\\\\www\\\\mbc-production\\\\pages\\\\products.php\",\"line\":1281,\"severity\":2}', '::1', '2026-05-19 16:36:38'),
('172', '1', 'warning', 'foreach() argument must be of type array|object, null given', '{\"file\":\"C:\\\\laragon\\\\www\\\\mbc-production\\\\pages\\\\products.php\",\"line\":1293,\"severity\":2}', '::1', '2026-05-19 16:36:38'),
('173', '1', 'warning', 'Undefined variable $productCategoryOptions', '{\"file\":\"C:\\\\laragon\\\\www\\\\mbc-production\\\\pages\\\\products.php\",\"line\":1281,\"severity\":2}', '::1', '2026-05-19 16:36:38'),
('174', '1', 'warning', 'foreach() argument must be of type array|object, null given', '{\"file\":\"C:\\\\laragon\\\\www\\\\mbc-production\\\\pages\\\\products.php\",\"line\":1293,\"severity\":2}', '::1', '2026-05-19 16:36:38'),
('175', '1', 'warning', 'Undefined variable $productCategoryOptions', '{\"file\":\"C:\\\\laragon\\\\www\\\\mbc-production\\\\pages\\\\products.php\",\"line\":1281,\"severity\":2}', '::1', '2026-05-19 16:36:38'),
('176', '1', 'warning', 'foreach() argument must be of type array|object, null given', '{\"file\":\"C:\\\\laragon\\\\www\\\\mbc-production\\\\pages\\\\products.php\",\"line\":1293,\"severity\":2}', '::1', '2026-05-19 16:36:38'),
('177', '1', 'warning', 'Undefined variable $productCategoryOptions', '{\"file\":\"C:\\\\laragon\\\\www\\\\mbc-production\\\\pages\\\\products.php\",\"line\":1281,\"severity\":2}', '::1', '2026-05-19 16:36:38'),
('178', '1', 'warning', 'foreach() argument must be of type array|object, null given', '{\"file\":\"C:\\\\laragon\\\\www\\\\mbc-production\\\\pages\\\\products.php\",\"line\":1293,\"severity\":2}', '::1', '2026-05-19 16:36:38'),
('179', '1', 'warning', 'Undefined variable $productCategoryOptions', '{\"file\":\"C:\\\\laragon\\\\www\\\\mbc-production\\\\pages\\\\products.php\",\"line\":1281,\"severity\":2}', '::1', '2026-05-19 16:36:38'),
('180', '1', 'warning', 'foreach() argument must be of type array|object, null given', '{\"file\":\"C:\\\\laragon\\\\www\\\\mbc-production\\\\pages\\\\products.php\",\"line\":1293,\"severity\":2}', '::1', '2026-05-19 16:36:38'),
('181', '1', 'warning', 'Undefined variable $productCategoryOptions', '{\"file\":\"C:\\\\laragon\\\\www\\\\mbc-production\\\\pages\\\\products.php\",\"line\":1281,\"severity\":2}', '::1', '2026-05-19 16:36:38'),
('182', '1', 'warning', 'foreach() argument must be of type array|object, null given', '{\"file\":\"C:\\\\laragon\\\\www\\\\mbc-production\\\\pages\\\\products.php\",\"line\":1293,\"severity\":2}', '::1', '2026-05-19 16:36:38'),
('183', '1', 'warning', 'Undefined variable $productCategoryOptions', '{\"file\":\"C:\\\\laragon\\\\www\\\\mbc-production\\\\pages\\\\products.php\",\"line\":1281,\"severity\":2}', '::1', '2026-05-19 16:36:38'),
('184', '1', 'warning', 'foreach() argument must be of type array|object, null given', '{\"file\":\"C:\\\\laragon\\\\www\\\\mbc-production\\\\pages\\\\products.php\",\"line\":1293,\"severity\":2}', '::1', '2026-05-19 16:36:38'),
('185', '1', 'warning', 'Undefined variable $productCategoryOptions', '{\"file\":\"C:\\\\laragon\\\\www\\\\mbc-production\\\\pages\\\\products.php\",\"line\":1281,\"severity\":2}', '::1', '2026-05-19 16:36:38'),
('186', '1', 'warning', 'foreach() argument must be of type array|object, null given', '{\"file\":\"C:\\\\laragon\\\\www\\\\mbc-production\\\\pages\\\\products.php\",\"line\":1293,\"severity\":2}', '::1', '2026-05-19 16:36:38'),
('187', '1', 'warning', 'Undefined variable $productCategoryOptions', '{\"file\":\"C:\\\\laragon\\\\www\\\\mbc-production\\\\pages\\\\products.php\",\"line\":1281,\"severity\":2}', '::1', '2026-05-19 16:36:38'),
('188', '1', 'warning', 'foreach() argument must be of type array|object, null given', '{\"file\":\"C:\\\\laragon\\\\www\\\\mbc-production\\\\pages\\\\products.php\",\"line\":1293,\"severity\":2}', '::1', '2026-05-19 16:36:38'),
('189', '1', 'warning', 'Undefined variable $productCategoryOptions', '{\"file\":\"C:\\\\laragon\\\\www\\\\mbc-production\\\\pages\\\\products.php\",\"line\":1281,\"severity\":2}', '::1', '2026-05-19 16:36:38'),
('190', '1', 'warning', 'foreach() argument must be of type array|object, null given', '{\"file\":\"C:\\\\laragon\\\\www\\\\mbc-production\\\\pages\\\\products.php\",\"line\":1293,\"severity\":2}', '::1', '2026-05-19 16:36:38'),
('191', '1', 'warning', 'Undefined variable $productCategoryOptions', '{\"file\":\"C:\\\\laragon\\\\www\\\\mbc-production\\\\pages\\\\products.php\",\"line\":1281,\"severity\":2}', '::1', '2026-05-19 16:36:38'),
('192', '1', 'warning', 'foreach() argument must be of type array|object, null given', '{\"file\":\"C:\\\\laragon\\\\www\\\\mbc-production\\\\pages\\\\products.php\",\"line\":1293,\"severity\":2}', '::1', '2026-05-19 16:36:38'),
('193', '1', 'warning', 'Undefined variable $productCategoryOptions', '{\"file\":\"C:\\\\laragon\\\\www\\\\mbc-production\\\\pages\\\\products.php\",\"line\":1281,\"severity\":2}', '::1', '2026-05-19 16:36:38'),
('194', '1', 'warning', 'foreach() argument must be of type array|object, null given', '{\"file\":\"C:\\\\laragon\\\\www\\\\mbc-production\\\\pages\\\\products.php\",\"line\":1293,\"severity\":2}', '::1', '2026-05-19 16:36:38'),
('195', '1', 'warning', 'Undefined variable $productCategoryOptions', '{\"file\":\"C:\\\\laragon\\\\www\\\\mbc-production\\\\pages\\\\products.php\",\"line\":1281,\"severity\":2}', '::1', '2026-05-19 16:36:38'),
('196', '1', 'warning', 'foreach() argument must be of type array|object, null given', '{\"file\":\"C:\\\\laragon\\\\www\\\\mbc-production\\\\pages\\\\products.php\",\"line\":1293,\"severity\":2}', '::1', '2026-05-19 16:36:38'),
('197', '1', 'warning', 'Undefined variable $productCategoryOptions', '{\"file\":\"C:\\\\laragon\\\\www\\\\mbc-production\\\\pages\\\\products.php\",\"line\":1281,\"severity\":2}', '::1', '2026-05-19 16:36:38'),
('198', '1', 'warning', 'foreach() argument must be of type array|object, null given', '{\"file\":\"C:\\\\laragon\\\\www\\\\mbc-production\\\\pages\\\\products.php\",\"line\":1293,\"severity\":2}', '::1', '2026-05-19 16:36:38'),
('199', '1', 'warning', 'Undefined variable $productCategoryOptions', '{\"file\":\"C:\\\\laragon\\\\www\\\\mbc-production\\\\pages\\\\products.php\",\"line\":1281,\"severity\":2}', '::1', '2026-05-19 16:36:54'),
('200', '1', 'warning', 'foreach() argument must be of type array|object, null given', '{\"file\":\"C:\\\\laragon\\\\www\\\\mbc-production\\\\pages\\\\products.php\",\"line\":1293,\"severity\":2}', '::1', '2026-05-19 16:36:54'),
('201', '1', 'warning', 'Undefined variable $productCategoryOptions', '{\"file\":\"C:\\\\laragon\\\\www\\\\mbc-production\\\\pages\\\\products.php\",\"line\":1281,\"severity\":2}', '::1', '2026-05-19 16:36:54'),
('202', '1', 'warning', 'foreach() argument must be of type array|object, null given', '{\"file\":\"C:\\\\laragon\\\\www\\\\mbc-production\\\\pages\\\\products.php\",\"line\":1293,\"severity\":2}', '::1', '2026-05-19 16:36:54'),
('203', '1', 'warning', 'Undefined variable $productCategoryOptions', '{\"file\":\"C:\\\\laragon\\\\www\\\\mbc-production\\\\pages\\\\products.php\",\"line\":1281,\"severity\":2}', '::1', '2026-05-19 16:36:54'),
('204', '1', 'warning', 'foreach() argument must be of type array|object, null given', '{\"file\":\"C:\\\\laragon\\\\www\\\\mbc-production\\\\pages\\\\products.php\",\"line\":1293,\"severity\":2}', '::1', '2026-05-19 16:36:54'),
('205', '1', 'warning', 'Undefined variable $productCategoryOptions', '{\"file\":\"C:\\\\laragon\\\\www\\\\mbc-production\\\\pages\\\\products.php\",\"line\":1281,\"severity\":2}', '::1', '2026-05-19 16:36:54'),
('206', '1', 'warning', 'foreach() argument must be of type array|object, null given', '{\"file\":\"C:\\\\laragon\\\\www\\\\mbc-production\\\\pages\\\\products.php\",\"line\":1293,\"severity\":2}', '::1', '2026-05-19 16:36:54'),
('207', '1', 'warning', 'Undefined variable $productCategoryOptions', '{\"file\":\"C:\\\\laragon\\\\www\\\\mbc-production\\\\pages\\\\products.php\",\"line\":1281,\"severity\":2}', '::1', '2026-05-19 16:36:54'),
('208', '1', 'warning', 'foreach() argument must be of type array|object, null given', '{\"file\":\"C:\\\\laragon\\\\www\\\\mbc-production\\\\pages\\\\products.php\",\"line\":1293,\"severity\":2}', '::1', '2026-05-19 16:36:54'),
('209', '1', 'warning', 'Undefined variable $productCategoryOptions', '{\"file\":\"C:\\\\laragon\\\\www\\\\mbc-production\\\\pages\\\\products.php\",\"line\":1281,\"severity\":2}', '::1', '2026-05-19 16:36:54'),
('210', '1', 'warning', 'foreach() argument must be of type array|object, null given', '{\"file\":\"C:\\\\laragon\\\\www\\\\mbc-production\\\\pages\\\\products.php\",\"line\":1293,\"severity\":2}', '::1', '2026-05-19 16:36:54'),
('211', '1', 'warning', 'Undefined variable $productCategoryOptions', '{\"file\":\"C:\\\\laragon\\\\www\\\\mbc-production\\\\pages\\\\products.php\",\"line\":1281,\"severity\":2}', '::1', '2026-05-19 16:36:54'),
('212', '1', 'warning', 'foreach() argument must be of type array|object, null given', '{\"file\":\"C:\\\\laragon\\\\www\\\\mbc-production\\\\pages\\\\products.php\",\"line\":1293,\"severity\":2}', '::1', '2026-05-19 16:36:54'),
('213', '1', 'warning', 'Undefined variable $productCategoryOptions', '{\"file\":\"C:\\\\laragon\\\\www\\\\mbc-production\\\\pages\\\\products.php\",\"line\":1281,\"severity\":2}', '::1', '2026-05-19 16:36:54'),
('214', '1', 'warning', 'foreach() argument must be of type array|object, null given', '{\"file\":\"C:\\\\laragon\\\\www\\\\mbc-production\\\\pages\\\\products.php\",\"line\":1293,\"severity\":2}', '::1', '2026-05-19 16:36:54'),
('215', '1', 'warning', 'Undefined variable $productCategoryOptions', '{\"file\":\"C:\\\\laragon\\\\www\\\\mbc-production\\\\pages\\\\products.php\",\"line\":1281,\"severity\":2}', '::1', '2026-05-19 16:36:54'),
('216', '1', 'warning', 'foreach() argument must be of type array|object, null given', '{\"file\":\"C:\\\\laragon\\\\www\\\\mbc-production\\\\pages\\\\products.php\",\"line\":1293,\"severity\":2}', '::1', '2026-05-19 16:36:54'),
('217', '1', 'warning', 'Undefined variable $productCategoryOptions', '{\"file\":\"C:\\\\laragon\\\\www\\\\mbc-production\\\\pages\\\\products.php\",\"line\":1281,\"severity\":2}', '::1', '2026-05-19 16:36:54'),
('218', '1', 'warning', 'foreach() argument must be of type array|object, null given', '{\"file\":\"C:\\\\laragon\\\\www\\\\mbc-production\\\\pages\\\\products.php\",\"line\":1293,\"severity\":2}', '::1', '2026-05-19 16:36:54'),
('219', '1', 'warning', 'Undefined variable $productCategoryOptions', '{\"file\":\"C:\\\\laragon\\\\www\\\\mbc-production\\\\pages\\\\products.php\",\"line\":1281,\"severity\":2}', '::1', '2026-05-19 16:36:54'),
('220', '1', 'warning', 'foreach() argument must be of type array|object, null given', '{\"file\":\"C:\\\\laragon\\\\www\\\\mbc-production\\\\pages\\\\products.php\",\"line\":1293,\"severity\":2}', '::1', '2026-05-19 16:36:54'),
('221', '1', 'warning', 'Undefined variable $productCategoryOptions', '{\"file\":\"C:\\\\laragon\\\\www\\\\mbc-production\\\\pages\\\\products.php\",\"line\":1281,\"severity\":2}', '::1', '2026-05-19 16:36:54'),
('222', '1', 'warning', 'foreach() argument must be of type array|object, null given', '{\"file\":\"C:\\\\laragon\\\\www\\\\mbc-production\\\\pages\\\\products.php\",\"line\":1293,\"severity\":2}', '::1', '2026-05-19 16:36:54'),
('223', '1', 'warning', 'Undefined variable $productCategoryOptions', '{\"file\":\"C:\\\\laragon\\\\www\\\\mbc-production\\\\pages\\\\products.php\",\"line\":1281,\"severity\":2}', '::1', '2026-05-19 16:36:54'),
('224', '1', 'warning', 'foreach() argument must be of type array|object, null given', '{\"file\":\"C:\\\\laragon\\\\www\\\\mbc-production\\\\pages\\\\products.php\",\"line\":1293,\"severity\":2}', '::1', '2026-05-19 16:36:54'),
('225', '1', 'warning', 'Undefined variable $productCategoryOptions', '{\"file\":\"C:\\\\laragon\\\\www\\\\mbc-production\\\\pages\\\\products.php\",\"line\":1281,\"severity\":2}', '::1', '2026-05-19 16:36:54'),
('226', '1', 'warning', 'foreach() argument must be of type array|object, null given', '{\"file\":\"C:\\\\laragon\\\\www\\\\mbc-production\\\\pages\\\\products.php\",\"line\":1293,\"severity\":2}', '::1', '2026-05-19 16:36:54'),
('227', '1', 'warning', 'Undefined variable $productCategoryOptions', '{\"file\":\"C:\\\\laragon\\\\www\\\\mbc-production\\\\pages\\\\products.php\",\"line\":1281,\"severity\":2}', '::1', '2026-05-19 16:36:54'),
('228', '1', 'warning', 'foreach() argument must be of type array|object, null given', '{\"file\":\"C:\\\\laragon\\\\www\\\\mbc-production\\\\pages\\\\products.php\",\"line\":1293,\"severity\":2}', '::1', '2026-05-19 16:36:54'),
('229', '1', 'warning', 'Undefined variable $productCategoryOptions', '{\"file\":\"C:\\\\laragon\\\\www\\\\mbc-production\\\\pages\\\\products.php\",\"line\":1281,\"severity\":2}', '::1', '2026-05-19 16:36:54'),
('230', '1', 'warning', 'foreach() argument must be of type array|object, null given', '{\"file\":\"C:\\\\laragon\\\\www\\\\mbc-production\\\\pages\\\\products.php\",\"line\":1293,\"severity\":2}', '::1', '2026-05-19 16:36:54'),
('231', '1', 'warning', 'Undefined variable $productCategoryOptions', '{\"file\":\"C:\\\\laragon\\\\www\\\\mbc-production\\\\pages\\\\products.php\",\"line\":1281,\"severity\":2}', '::1', '2026-05-19 16:36:54'),
('232', '1', 'warning', 'foreach() argument must be of type array|object, null given', '{\"file\":\"C:\\\\laragon\\\\www\\\\mbc-production\\\\pages\\\\products.php\",\"line\":1293,\"severity\":2}', '::1', '2026-05-19 16:36:54'),
('233', '1', 'warning', 'Undefined variable $productCategoryOptions', '{\"file\":\"C:\\\\laragon\\\\www\\\\mbc-production\\\\pages\\\\products.php\",\"line\":1281,\"severity\":2}', '::1', '2026-05-19 16:36:54'),
('234', '1', 'warning', 'foreach() argument must be of type array|object, null given', '{\"file\":\"C:\\\\laragon\\\\www\\\\mbc-production\\\\pages\\\\products.php\",\"line\":1293,\"severity\":2}', '::1', '2026-05-19 16:36:54'),
('235', '1', 'warning', 'Undefined variable $productCategoryOptions', '{\"file\":\"C:\\\\laragon\\\\www\\\\mbc-production\\\\pages\\\\products.php\",\"line\":1281,\"severity\":2}', '::1', '2026-05-19 16:36:54'),
('236', '1', 'warning', 'foreach() argument must be of type array|object, null given', '{\"file\":\"C:\\\\laragon\\\\www\\\\mbc-production\\\\pages\\\\products.php\",\"line\":1293,\"severity\":2}', '::1', '2026-05-19 16:36:54'),
('237', '1', 'warning', 'Undefined variable $productCategoryOptions', '{\"file\":\"C:\\\\laragon\\\\www\\\\mbc-production\\\\pages\\\\products.php\",\"line\":1281,\"severity\":2}', '::1', '2026-05-19 16:36:54'),
('238', '1', 'warning', 'foreach() argument must be of type array|object, null given', '{\"file\":\"C:\\\\laragon\\\\www\\\\mbc-production\\\\pages\\\\products.php\",\"line\":1293,\"severity\":2}', '::1', '2026-05-19 16:36:54'),
('239', '1', 'error', 'Stock movement failed.', '{\"error\":\"Expiration date is required for consumable stock.\",\"product_id\":20149}', '::1', '2026-05-20 18:39:35'),
('240', '1', 'critical', 'Uncaught PDOException: SQLSTATE[HY093]: Invalid parameter number in C:\\laragon\\www\\mbc-production\\pages\\users.php:67\nStack trace:\n#0 C:\\laragon\\www\\mbc-production\\pages\\users.php(67): PDOStatement->execute(Array)\n#1 C:\\laragon\\www\\mbc-production\\users.php', '{\"file\":\"C:\\\\laragon\\\\www\\\\mbc-production\\\\pages\\\\users.php\",\"line\":67,\"type\":1}', '::1', '2026-05-20 19:34:53'),
('241', '1', 'critical', 'Uncaught PDOException: SQLSTATE[HY093]: Invalid parameter number in C:\\laragon\\www\\mbc-production\\pages\\users.php:67\nStack trace:\n#0 C:\\laragon\\www\\mbc-production\\pages\\users.php(67): PDOStatement->execute(Array)\n#1 C:\\laragon\\www\\mbc-production\\users.php', '{\"file\":\"C:\\\\laragon\\\\www\\\\mbc-production\\\\pages\\\\users.php\",\"line\":67,\"type\":1}', '::1', '2026-05-20 19:35:21');

-- --------------------------------------------------
-- Table: system_settings
-- --------------------------------------------------
DROP TABLE IF EXISTS `system_settings`;
CREATE TABLE `system_settings` (
  `setting_key` varchar(100) NOT NULL,
  `setting_value` text,
  `updated_by` int DEFAULT NULL,
  `updated_at` timestamp NULL DEFAULT CURRENT_TIMESTAMP ON UPDATE CURRENT_TIMESTAMP,
  PRIMARY KEY (`setting_key`),
  KEY `idx_system_settings_updated_by` (`updated_by`),
  CONSTRAINT `fk_system_settings_user` FOREIGN KEY (`updated_by`) REFERENCES `users` (`id`) ON DELETE SET NULL
) ENGINE=InnoDB DEFAULT CHARSET=utf8mb4 COLLATE=utf8mb4_0900_ai_ci;

INSERT INTO `system_settings` (`setting_key`, `setting_value`, `updated_by`, `updated_at`) VALUES
('display.dashboard_default_range', 'daily', NULL, '2026-05-13 23:11:58'),
('display.default_table_rows', '10', NULL, '2026-05-13 23:11:58'),
('display.sidebar_default_state', 'expanded', NULL, '2026-05-13 23:11:58'),
('display.theme_color', 'green-gold', NULL, '2026-05-13 23:11:58'),
('organization.address', '', NULL, '2026-05-13 23:11:58'),
('organization.campus_name', 'Bongabong Campus', NULL, '2026-05-13 23:11:58'),
('organization.contact_information', '', NULL, '2026-05-13 23:11:58'),
('organization.logo_path', 'assets/images/logo.png', NULL, '2026-05-13 23:11:58'),
('organization.office_name', 'Production and Business Operation', NULL, '2026-05-13 23:11:58'),
('organization.system_name', 'Production and Business Operation Record Management System', NULL, '2026-05-13 23:11:58'),
('organization.university_name', 'Mindoro State University', NULL, '2026-05-13 23:11:58'),
('pos.or_next_sequence', '54', NULL, '2026-05-20 19:13:13'),
('reports.approved_by_default', 'System Administrator', NULL, '2026-05-13 23:11:58'),
('reports.confidentiality_note', 'This document contains sensitive institutional information. Handle with appropriate care.', NULL, '2026-05-13 23:11:58'),
('reports.footer_notes', 'Generated by the Production and Business Operation Record Management System.', NULL, '2026-05-13 23:11:58'),
('reports.or_number_format', '0000-{0000}', NULL, '2026-05-14 04:46:46'),
('reports.prepared_by_default', '', NULL, '2026-05-13 23:11:58'),
('reports.receipt_header', 'Mindoro State University Bongabong Campus', NULL, '2026-05-13 23:11:58'),
('reports.reviewed_by_default', 'Department Head / Supervisor', NULL, '2026-05-13 23:11:58'),
('security.account_lock_duration', '20', '1', '2026-05-20 19:36:13'),
('security.enable_session_logs', '1', '1', '2026-05-20 19:05:18'),
('security.maximum_login_attempts', '3', '1', '2026-05-20 19:05:18'),
('security.password_minimum_length', '8', '1', '2026-05-20 19:05:18'),
('security.require_strong_password', '1', '1', '2026-05-20 19:05:18'),
('security.session_timeout', '30', '1', '2026-05-20 19:05:18');

-- --------------------------------------------------
-- Table: users
-- --------------------------------------------------
DROP TABLE IF EXISTS `users`;
CREATE TABLE `users` (
  `id` int NOT NULL AUTO_INCREMENT,
  `username` varchar(50) NOT NULL,
  `password_hash` varchar(255) NOT NULL,
  `full_name` varchar(120) NOT NULL,
  `role` enum('admin','staff') NOT NULL DEFAULT 'staff',
  `status` enum('pending','approved','suspended') NOT NULL DEFAULT 'approved',
  `approved_by` int DEFAULT NULL,
  `approved_at` datetime DEFAULT NULL,
  `created_at` timestamp NULL DEFAULT CURRENT_TIMESTAMP,
  PRIMARY KEY (`id`),
  UNIQUE KEY `username` (`username`),
  KEY `idx_users_role_status` (`role`,`status`),
  KEY `idx_users_status_created` (`status`,`created_at`)
) ENGINE=InnoDB AUTO_INCREMENT=4 DEFAULT CHARSET=utf8mb4 COLLATE=utf8mb4_0900_ai_ci;

INSERT INTO `users` (`id`, `username`, `password_hash`, `full_name`, `role`, `status`, `approved_by`, `approved_at`, `created_at`) VALUES
('1', 'admin', '$2y$10$PmIVqx4l99KNUdZ7c1D7w.j.RcX8xRVe9eVCBe7QBcyxhF5NPMjxi', 'BPO Admin', 'admin', 'approved', NULL, NULL, '2026-05-13 23:11:58'),
('2', 'staff', '$2y$10$uUc9sBb8EZnGSyyFzAYzSOwP1KYmAXFPNMF3lK3HLeUKO6Y7YiJuG', 'BPO Staff', 'staff', 'approved', NULL, NULL, '2026-05-13 23:11:58'),
('3', 'BPO staff2', '$2y$10$Oz8KbqMWjD0D/zEgjXE4OeHxVhsgfnYPC2dwvouUMp11OaSqXUOhS', 'Alessandra Rivano', 'staff', 'approved', '1', '2026-05-14 13:12:00', '2026-05-14 21:12:00');

SET FOREIGN_KEY_CHECKS=1;
